financial_year,award_date,sale_type,lot_number,location,use,use_category_normalized,site_area_sqm,premium_hkd_m,cancelled,parse_confidence,development_english_name,development_address_english,csdi_lot_number,num_bids,successful_tenderer,other_bidders,latitude,longitude,sale_regime,sale_regime_source,parent_developer,max_gfa,gfa_unit,accommodation_value,av_unit,premium_crosscheck_ok,source_url,note,buyer_normalized,buyer_type,winner_source,maxgfa_source,devm_name_source,gfa_check,min_flat_count,flat_size_restriction,flat_req_special,flat_req_source,flat_req_confidence,consent_development,consent_developer,consent_status,consent_date
1985-1986,18/04/1985,auction,STTL 275,SHATIN AREA 14B,IG,industrial,4915,12.1,,high,,,SHA TIN TOWN LOT NO. 275,N.A.,N.A.,N.A. | N.A. | N.A.,22.38299072,114.2056753,govt-led,FY rule: pre-Application-List era (List began Apr 1999),,,,,,,,,,,,,,,,,,,,,,No consent,
1985-1986,18/04/1985,auction,IL 8571,QUEENSWAY (V.B.PACK NO.1),C/R,commercial_residential_mixed,10690,701.28,,high,,,INLAND LOT NO. 8571,N.A.,N.A.,N.A. | N.A. | N.A.,22.27760603,114.1658613,govt-led,FY rule: pre-Application-List era (List began Apr 1999),,,,,,,,,,,,,,,,,,,,Pacific Place Phase I,APPROVAL OF DEED OF MUTUAL COVENANT | APPROVAL OF MANAGEMENT AGREEMENT | APPROVAL OF SUB-DEED OF MUTUAL COVENANT AND MANAGEMENT AGREEMENT,Named development,
1985-1986,18/04/1985,auction,STTL 194,SHATIN AREA 41A,R3,residential,11710,45.5,,high,,,SHA TIN TOWN LOT NO. 194,N.A.,N.A.,N.A. | N.A. | N.A.,22.39291749,114.1874303,govt-led,FY rule: pre-Application-List era (List began Apr 1999),,,,,,,,,,,,,,,,,,,,,,No consent,
1985-1986,18/04/1985,auction,STTL 225,SHATIN AREA 41A,R3,residential,9515,27,,high,,,SHA TIN TOWN LOT NO. 225,N.A.,N.A.,N.A. | N.A. | N.A.,22.39133708,114.1884401,govt-led,FY rule: pre-Application-List era (List began Apr 1999),,,,,,,,,,,,,,,,,,,,,,No consent,
1985-1986,18/04/1985,auction,STTL 252,SHATIN AREA 41A,R4,residential,960,1.8,,high,,,SHA TIN TOWN LOT NO. 252,N.A.,N.A.,N.A. | N.A. | N.A.,22.39488605,114.1886735,govt-led,FY rule: pre-Application-List era (List began Apr 1999),,,,,,,,,,,,,,,,,,,,,,No consent,
1985-1986,20/05/1985,auction,IL 8633,"HARBOUR RD, WANCHAI",C,commercial,3429,302,,high,,,INLAND LOT NO. 8633,N.A.,N.A.,N.A. | N.A. | N.A.,22.28018005,114.1716443,govt-led,FY rule: pre-Application-List era (List began Apr 1999),,,,,,,,,,,,,,,,,,,,,,No consent,
1985-1986,20/05/1985,auction,IL 8678,"SAI NING ST, KENNEDY TOWN",C/R,commercial_residential_mixed,680,25.5,,high,,,INLAND LOT NO. 8678,N.A.,N.A.,N.A. | N.A. | N.A.,22.28134446,114.1208473,govt-led,FY rule: pre-Application-List era (List began Apr 1999),,,,,,,,,,,,,,,,,,,,,,No consent,
1985-1986,20/05/1985,auction,IL 8621,"SAI NING ST, KENNEDY TOWN",IG,industrial,500,9,,high,,,INLAND LOT NO. 8621,N.A.,N.A.,N.A. | N.A. | N.A.,22.28175127,114.1221085,govt-led,FY rule: pre-Application-List era (List began Apr 1999),,,,,,,,,,,,,,,,,,,,,,No consent,
1985-1986,20/05/1985,auction,IL 8628,MOORSOM RD,R3,residential,2243,51,,high,,,INLAND LOT NO. 8628,N.A.,N.A.,N.A. | N.A. | N.A.,22.2705074,114.1940479,govt-led,FY rule: pre-Application-List era (List began Apr 1999),,,,,,,,,,,,,,,,,,,,,,No consent,
1985-1986,20/05/1985,auction,STTL 247,SHATIN AREA 14B,IG,industrial,3371,9.2,,high,,,SHA TIN TOWN LOT NO. 247,N.A.,N.A.,N.A. | N.A. | N.A.,22.38234917,114.2077532,govt-led,FY rule: pre-Application-List era (List began Apr 1999),,,,,,,,,,,,,,,,,,,,,,No consent,
1985-1986,20/05/1985,auction,STTL 279,SHATIN AREA 41A,R3,residential,39440,138,,high,,,SHA TIN TOWN LOT NO. 279,N.A.,N.A.,N.A. | N.A. | N.A.,22.39127398,114.1866145,govt-led,FY rule: pre-Application-List era (List began Apr 1999),,,,,,,,,,,,,,,,,,,,Greenwood Terrace,,Named development,N.A.
1985-1986,24/09/1985,auction,NKIL 5972,KOWLOON BAY,IG,industrial,1496,14.9,,high,,,,,,,,,govt-led,FY rule: pre-Application-List era (List began Apr 1999),,,,,,,,,,,,,,,,,,,,,,No consent,
1985-1986,24/09/1985,auction,NKIL 6012,21 POPLAR ST,C/R,commercial_residential_mixed,115,2.8,,high,,,,,,,,,govt-led,FY rule: pre-Application-List era (List began Apr 1999),,,,,,,,,,,,,,,,,,,,,,No consent,
1985-1986,24/09/1985,auction,KIL 10751,121 TAI NAM ST,C/R,commercial_residential_mixed,83,1.6,,high,,,,,,,,,govt-led,FY rule: pre-Application-List era (List began Apr 1999),,,,,,,,,,,,,,,,,,,,,,No consent,
1985-1986,24/09/1985,auction,CWIL 124,KUT SHING ST/CHEUNG LEE ST,IG,industrial,673,7.1,,high,,,,,,,,,govt-led,FY rule: pre-Application-List era (List began Apr 1999),,,,,,,,,,,,,,,,,,,,,,No consent,
1985-1986,24/09/1985,auction,SOIL 95,SHEK O,R1,residential,91,0.5,,high,,,SHEK O INLAND LOT NO. 95,N.A.,N.A.,N.A. | N.A. | N.A.,22.23028622,114.252368,govt-led,FY rule: pre-Application-List era (List began Apr 1999),,,,,,,,,,,,,,,,,,,,,,No consent,
1985-1986,24/09/1985,auction,TMTL 235,TUEN MUN AREA 11,C/R,commercial_residential_mixed,3552,30,,high,,,TUEN MUN TOWN LOT NO. 235,N.A.,N.A.,N.A. | N.A. | N.A.,22.39404864,113.9762231,govt-led,FY rule: pre-Application-List era (List began Apr 1999),,,,,,,,,,,,,,,,,,,,,,No consent,
1985-1986,24/10/1985,auction,KIL 10722,CANTON RD/PEKING RD,C/R,commercial_residential_mixed,6449,636,,high,,,,,,,,,govt-led,FY rule: pre-Application-List era (List began Apr 1999),,,,,,,,,,,,,,,,,,,,"15/F., Lippo Sun Plaza | Lippo Sun Plaza | Lippo Sun Plaza (11/F) | Lippo Sun Plaza (12/F) | Lippo Sun Plaza (14/F) | Lippo Sun Plaza (3/F) | Lippo Sun Plaza (4/F) | Lippo Sun Plaza (6/F) | Lippo Sun Plaza (7/F) | Lippo Sun Plaza (8/F)",APPROVAL OF DEED OF MUTUAL COVENANT AND MANAGEMENT AGREEMENT | APPROVAL OF SUB-DEED OF MUTUAL COVENANT | APPROVAL OF SUB-DEED OF MUTUAL COVENANT AND MANAGEMENT AGREEMENT,Named development,
1985-1986,19/11/1985,auction,CWIL 126,"KA YIP ST, CHAI WAN",IG,industrial,1400,12.5,,high,,,,,,,,,govt-led,FY rule: pre-Application-List era (List began Apr 1999),,,,,,,,,,,,,,,,,,,,,,No consent,
1985-1986,12/12/1985,auction,CWIL 128,KUT SHING ST/CHEUNG LEE ST,I,industrial,1521,14.7,,high,,,,,,,,,govt-led,FY rule: pre-Application-List era (List began Apr 1999),,,,,,,,,,,,,,,,,,,,,,No consent,
1985-1986,12/12/1985,auction,IL 8634,3-5 KENNEDY RD,R1,residential,801,55,,high,,,INLAND LOT NO. 8634,N.A.,N.A.,N.A. | N.A. | N.A.,22.27645846,114.1583804,govt-led,FY rule: pre-Application-List era (List began Apr 1999),,,,,,,,,,,,,,,,,,,,,,No consent,
1985-1986,12/12/1985,auction,IL 8638,22 ALBANY RD,R2,residential,3877,199,,high,,,INLAND LOT NO. 8638,N.A.,N.A.,N.A. | N.A. | N.A.,22.27772231,114.1548386,govt-led,FY rule: pre-Application-List era (List began Apr 1999),,,,,,,,,,,,,,,,,,,,,,No consent,
1985-1986,12/12/1985,auction,TYTL 92,TSING YI AREA 6,IG,industrial,2554,7,,high,,,TSING YI TOWN LOT NO. 92,N.A.,N.A.,N.A. | N.A. | N.A.,22.34999078,114.1096265,govt-led,FY rule: pre-Application-List era (List began Apr 1999),,,,,,,,,,,,,,,,,,,,,,No consent,
1985-1986,6/1/1986,tender,TMTL 281,TUEN MUN AREA 10A,R1,residential,7918,102.68,,high,,,TUEN MUN TOWN LOT NO. 281,N.A.,N.A.,N.A. | N.A. | N.A.,22.39837348,113.9756148,govt-led,FY rule: pre-Application-List era (List began Apr 1999),,,,,,,,,,,,,,,,,,,,,,No consent,
1985-1986,10/1/1986,tender,TPTL 51,YIM TIN TSAI AREA 27,I,industrial,1805,1,,high,,,TAI PO TOWN LOT NO. 51,N.A.,N.A.,N.A. | N.A. | N.A.,22.45847664,114.2049914,govt-led,FY rule: pre-Application-List era (List began Apr 1999),,,,,,,,,,,,,,,,,,,,,,No consent,
1985-1986,23/01/1986,auction,RBL 1078,"SOUTH BAY RD, REPULSE BAY",R3,residential,3650,60,,high,,,RURAL BUILDING LOT NO. 1078,N.A.,N.A.,N.A. | N.A. | N.A.,22.22864954,114.199688,govt-led,FY rule: pre-Application-List era (List began Apr 1999),,,,,,,,,,,,,,,,,,,,,,No consent,
1985-1986,23/01/1986,auction,KCTL 384,TAI LIN PAI RD,IG,industrial,1670,14.3,,high,,,KWAI CHUNG TOWN LOT NO. 384,N.A.,N.A.,N.A. | N.A. | N.A.,22.3597156,114.1327481,govt-led,FY rule: pre-Application-List era (List began Apr 1999),,,,,,,,,,,,,,,,,,,,,,No consent,
1985-1986,23/01/1986,auction,STTL 261,SHATIN AREA 14B,IG,industrial,13350,36,,high,,,SHA TIN TOWN LOT NO. 261,N.A.,N.A.,N.A. | N.A. | N.A.,22.38450775,114.2062486,govt-led,FY rule: pre-Application-List era (List began Apr 1999),,,,,,,,,,,,,,,,,,,,,,No consent,
1985-1986,23/01/1986,auction,Lot 1002 in DD 215,"SAI KUNG, TUI MIN HOI",I,industrial,3231,6.1,,high,,,LOT NO. 1002 IN DEMARCATION DISTRICT NO. 215,N.A.,N.A.,N.A. | N.A. | N.A.,22.37926526,114.2677125,govt-led,FY rule: pre-Application-List era (List began Apr 1999),,,,,,,,,,,,,,,,,,,,,,No consent,
1985-1986,12/2/1986,tender,YLTL 445,CASTLE PEAK RD,PFS,petrol_or_ev,1971,36.2,,high,,,YUEN LONG TOWN LOT NO. 445,N.A.,N.A.,N.A. | N.A. | N.A.,22.44389836,114.0182452,govt-led,FY rule: pre-Application-List era (List began Apr 1999),,,,,,,,,,,,,,,,,,,,,,No consent,
1985-1986,12/2/1986,tender,Lot 2011 in DD 121,FUI SHA WAI,PFS,petrol_or_ev,2242,35.4,,high,,,LOT NO. 2011 IN DEMARCATION DISTRICT NO. 121,N.A.,N.A.,N.A. | N.A. | N.A.,22.43697569,114.0029418,govt-led,FY rule: pre-Application-List era (List began Apr 1999),,,,,,,,,,,,,,,,,,,,,,No consent,
1985-1986,12/2/1986,tender,TPTL 49,"YIM TIN TSAI, AREA 27",PFS,petrol_or_ev,670,2.5,,high,,,TAI PO TOWN LOT NO. 49,N.A.,N.A.,N.A. | N.A. | N.A.,22.4583609,114.2051802,govt-led,FY rule: pre-Application-List era (List began Apr 1999),,,,,,,,,,,,,,,,,,,,,,No consent,
1985-1986,13/02/1986,tender,KIL 10749,"BEECH ST, TAI KOK TSUI",MCP,transport_parking,4200,31,,high,,,,,,,,,govt-led,FY rule: pre-Application-List era (List began Apr 1999),,,,,,,,,,,,,,,,,,,,,,No consent,
1985-1986,14/02/1986,,STTL 193,TOWN CENTRE,C/R,commercial_residential_mixed,5893,15,,high,,,SHA TIN TOWN LOT NO. 193,N.A.,N.A.,N.A. | N.A. | N.A.,22.38009825,114.1875292,govt-led,FY rule: pre-Application-List era (List began Apr 1999),,,,,,,,,,,,,,,,,,,,,,No consent,
1985-1986,14/02/1986,,TMTL 247,AREA 4A,R1,residential,8802,8.52,,high,,,TUEN MUN TOWN LOT NO. 247,N.A.,N.A.,N.A. | N.A. | N.A.,22.40791465,113.9796704,govt-led,FY rule: pre-Application-List era (List began Apr 1999),,,,,,,,,,,,,,,,,,,,Brilliant Garden (Car Parking Spaces) | Brilliant Garden (Shop No. 1 on G/F) | Brilliant Garden (Shop Nos. 1A1-1A9 on G/F),APPROVAL OF SUB-DEED OF MUTUAL COVENANT | APPROVAL OF SUB-SUB-DEED OF MUTUAL COVENANT,Named development,
1985-1986,14/02/1986,,YLTL 430,GL CASTLE PEAK RD,C/R,commercial_residential_mixed,168,0.61,,high,,,YUEN LONG TOWN LOT NO. 430,N.A.,N.A.,N.A. | N.A. | N.A.,22.44465103,114.0315553,govt-led,FY rule: pre-Application-List era (List began Apr 1999),,,,,,,,,,,,,,,,,,,,,,No consent,
1985-1986,14/02/1986,,YLTL 431,GL CASTLE PEAK RD,C/R,commercial_residential_mixed,218,0.54,,high,,,YUEN LONG TOWN LOT NO. 431,N.A.,N.A.,N.A. | N.A. | N.A.,22.44467817,114.0313348,govt-led,FY rule: pre-Application-List era (List began Apr 1999),,,,,,,,,,,,,,,,,,,,,,No consent,
1985-1986,14/02/1986,,YLTL 440,"OFF TAI TONG RD, YUEN LONG",C/R,commercial_residential_mixed,562,1.1,,high,,,YUEN LONG TOWN LOT NO. 440,N.A.,N.A.,N.A. | N.A. | N.A.,22.44213822,114.0286606,govt-led,FY rule: pre-Application-List era (List began Apr 1999),,,,,,,,,,,,,,,,,,,,,,No consent,
1985-1986,14/02/1986,,YLTL 432,"FUNG YAU ST N, YUEN LONG",R1,residential,2320,0.1,,high,,,YUEN LONG TOWN LOT NO. 432,N.A.,N.A.,N.A. | N.A. | N.A.,22.44379537,114.0337299,govt-led,FY rule: pre-Application-List era (List began Apr 1999),,,,,,,,,,,,,,,,,,,,Shun Fung Building (Common Areas),,Named development,
1985-1986,15/02/1986,,TWTL 301,"CASTLE PEAK RD, NEAR HOI PA",C/R,commercial_residential_mixed,4500,9.96,,high,,,TSUEN WAN TOWN LOT NO. 301,N.A.,N.A.,N.A. | N.A. | N.A.,22.37127927,114.1186559,govt-led,FY rule: pre-Application-List era (List began Apr 1999),,,,,,,,,,,,,,,,,,,,,,No consent,
1985-1986,24/02/1986,,TMTL 288,TSING SIN ST,R1,residential,1932,2.5,,high,,,TUEN MUN TOWN LOT NO. 288,N.A.,N.A.,N.A. | N.A. | N.A.,22.38557355,113.9799058,govt-led,FY rule: pre-Application-List era (List began Apr 1999),,,,,,,,,,,,,,,,,,,,,,No consent,
1985-1986,26/02/1986,auction,KIL 10874,94-96 WATERLOO RD,R2,residential,1635,42,,high,,,,,,,,,govt-led,FY rule: pre-Application-List era (List began Apr 1999),,,,,,,,,,,,,,,,,,,,,,No consent,
1985-1986,3/3/1986,,TWTL 302,"SAI LAU KOK RD, TSUEN WAN",IG,industrial,1685,0.1,,high,,,TSUEN WAN TOWN LOT NO. 302,N.A.,N.A.,N.A. | N.A. | N.A.,22.37481761,114.114285,govt-led,FY rule: pre-Application-List era (List began Apr 1999),,,,,,,,,,,,,,,,,,,,,,No consent,
1985-1986,3/3/1986,tender,YLTL 442,J/O FAU TSOI ST/HOP CHOI ST,C/R,commercial_residential_mixed,4574,29.2,,high,,,YUEN LONG TOWN LOT NO. 442,N.A.,N.A.,N.A. | N.A. | N.A.,22.44327752,114.0302623,govt-led,FY rule: pre-Application-List era (List began Apr 1999),,,,,,,,,,,,,,,,,,,,,,No consent,
1985-1986,21/03/1986,tender,Lot 2013 in DD121,TONG YAN SAN TSUEN,PFS,petrol_or_ev,1708,37.1,,high,,,LOT NO. 2013 IN DEMARCATION DISTRICT NO. 121,N.A.,N.A.,N.A. | N.A. | N.A.,22.44122867,114.0109058,govt-led,FY rule: pre-Application-List era (List began Apr 1999),,,,,,,,,,,,,,,,,,,,,,No consent,
1985-1986,26/03/1986,tender,NKIL 5955,CHEUNG SHA WAN RD,MCP,transport_parking,6675,68.8,,high,,,,,,,,,govt-led,FY rule: pre-Application-List era (List began Apr 1999),,,,,,,,,,,,,,,,,,,,Cheung Sha Wan Plaza,APPROVAL OF DEED OF MUTUAL COVENANT AND MANAGEMENT AGREEMENT,Named development,
1986-1987,16/05/1986,tender,STTL 256,"GL NEAR CITY ONE, SHA TIN",OU,special_use_other,7709,12,,high,,,SHA TIN TOWN LOT NO. 256,N.A.,N.A.,N.A. | N.A. | N.A.,22.38988146,114.2030354,govt-led,FY rule: pre-Application-List era (List began Apr 1999),,,,,,,,,,,,,,,,,,,,,,No consent,
1986-1987,27/05/1986,auction,IL 8582,OFF SUPREME COURT RD,C/R,commercial_residential_mixed,16150,1005,,high,,,INLAND LOT NO. 8582,N.A.,N.A.,N.A. | N.A. | N.A.,22.27708823,114.1649353,govt-led,FY rule: pre-Application-List era (List began Apr 1999),,,,,,,,,,,,,,,,,,,,Pacific Place Phase II,APPROVAL OF DEED OF MUTUAL COVENANT | APPROVAL OF MANAGEMENT AGREEMENT | APPROVAL OF SUB-DEED OF MUTUAL COVENANT AND MANAGEMENT AGREEMENT,Named development,
1986-1987,26/06/1986,auction,KTIL 715,"KUNG LOK RD, KWUN TONG",R2,residential,2781,57,,high,,,KWUN TONG INLAND LOT NO. 715,N.A.,N.A.,N.A. | N.A. | N.A.,22.31630546,114.2215597,govt-led,FY rule: pre-Application-List era (List began Apr 1999),,,,,,,,,,,,,,,,,,,,,,No consent,
1986-1987,26/06/1986,auction,SIL 798,382-384 SHAUKIWAN RD,C/R,commercial_residential_mixed,121,3.2,,high,,,SHAU KEI WAN INLAND LOT NO. 798,N.A.,N.A.,N.A. | N.A. | N.A.,22.27768,114.2267385,govt-led,FY rule: pre-Application-List era (List began Apr 1999),,,,,,,,,,,,,,,,,,,,,,No consent,
1986-1987,26/06/1986,auction,IL 8642,SAI NING ST. ADJ IL 8621,I,industrial,1020,13,,high,,,INLAND LOT NO. 8642,N.A.,N.A.,N.A. | N.A. | N.A.,22.28169702,114.1218951,govt-led,FY rule: pre-Application-List era (List began Apr 1999),,,,,,,,,,,,,,,,,,,,,,No consent,
1986-1987,7/7/1986,,TWTL 306,"WAI TSUEN RD, TSUEN WAN",R1,residential,3750,171.75,,high,,,TSUEN WAN TOWN LOT NO. 306,N.A.,N.A.,N.A. | N.A. | N.A.,22.37431445,114.1212665,govt-led,FY rule: pre-Application-List era (List began Apr 1999),,,,,,,,,,,,,,,,,,,,Fairview Garden,,Named development,N.A.
1986-1987,7/7/1986,,TMTL 242,GL NEAR TAI HING ESTATE,R1,residential,10080,23.57,,high,,,TUEN MUN TOWN LOT NO. 242,N.A.,N.A.,N.A. | N.A. | N.A.,22.40078032,113.9721928,govt-led,FY rule: pre-Application-List era (List began Apr 1999),,,,,,,,,,,,,,,,,,,,,,No consent,
1986-1987,8/7/1986,,YLTL 435,J/O YAU SAN ST/FAU TSOI ST,C/R,commercial_residential_mixed,1080,1.87,,high,,,YUEN LONG TOWN LOT NO. 435,N.A.,N.A.,N.A. | N.A. | N.A.,22.44400043,114.0307861,govt-led,FY rule: pre-Application-List era (List began Apr 1999),,,,,,,,,,,,,,,,,,,,Wang Fung Building,,Named development,N.A.
1986-1987,15/07/1986,,YLTL 433,CASTLE PEAK RD,R1,residential,1434,10.01,,high,,,YUEN LONG TOWN LOT NO. 433,N.A.,N.A.,N.A. | N.A. | N.A.,22.44419251,114.0335157,govt-led,FY rule: pre-Application-List era (List began Apr 1999),,,,,,,,,,,,,,,,,,,,,,No consent,
1986-1987,29/07/1986,tender,LOT 1760 in CHEUNG CHAU,"PAK SHE, CHEUNG CHAU",V,residential,260,1.16,,high,,,LOT 1760 IN CHEUNG CHAU,N.A.,N.A.,N.A. | N.A. | N.A.,22.21226579,114.0267597,govt-led,FY rule: pre-Application-List era (List began Apr 1999),,,,,,,,,,,,,,,,,,,,,,No consent,
1986-1987,29/07/1986,tender,LOT 1761 in CHEUNG CHAU,"PAK SHE, CHEUNG CHAU",V,residential,260,1.44,,high,,,LOT 1761 IN CHEUNG CHAU,N.A.,N.A.,N.A. | N.A. | N.A.,22.2121999,114.0268685,govt-led,FY rule: pre-Application-List era (List began Apr 1999),,,,,,,,,,,,,,,,,,,,,,No consent,
1986-1987,9/9/1986,,STTL 293,TAI CHUNG KIU RD,R2,residential,5598,12.34,,high,,,SHA TIN TOWN LOT NO. 293,N.A.,N.A.,N.A. | N.A. | N.A.,22.39284429,114.2064344,govt-led,FY rule: pre-Application-List era (List began Apr 1999),,,,,,,,,,,,,,,,,,,,,,No consent,
1986-1987,9/9/1986,,TMTL 300,AREA 37B,R1,residential,6849,12.85,,high,,,TUEN MUN TOWN LOT NO. 300,N.A.,N.A.,N.A. | N.A. | N.A.,22.38597161,113.9804976,govt-led,FY rule: pre-Application-List era (List began Apr 1999),,,,,,,,,,,,,,,,,,,,Rainbow Garden (Common Areas),,Named development,
1986-1987,9/9/1986,,YLTL 436,"YAU SAN ST, YUEN LONG",C/R,commercial_residential_mixed,412,1.26,,high,,,YUEN LONG TOWN LOT NO. 436,N.A.,N.A.,N.A. | N.A. | N.A.,22.44360349,114.0312237,govt-led,FY rule: pre-Application-List era (List began Apr 1999),,,,,,,,,,,,,,,,,,,,,,No consent,
1986-1987,9/9/1986,,YLTL 437,"YAU SAN ST, YUEN LONG",C/R,commercial_residential_mixed,710,1.43,,high,,,YUEN LONG TOWN LOT NO. 437,N.A.,N.A.,N.A. | N.A. | N.A.,22.44317911,114.0312824,govt-led,FY rule: pre-Application-List era (List began Apr 1999),,,,,,,,,,,,,,,,,,,,,,No consent,
1986-1987,9/9/1986,,YLTL 438,"YAU SAN ST, YUEN LONG",C/R,commercial_residential_mixed,760,1.86,,high,,,YUEN LONG TOWN LOT NO. 438,N.A.,N.A.,N.A. | N.A. | N.A.,22.44268193,114.0307195,govt-led,FY rule: pre-Application-List era (List began Apr 1999),,,,,,,,,,,,,,,,,,,,,,No consent,
1986-1987,26/09/1986,auction,KIL 10796,165 ARGYLE ST,R2,residential,1532,31,,high,,,KOWLOON INLAND LOT NO. 10796,N.A.,N.A.,N.A. | N.A. | N.A.,22.32657002,114.187668,govt-led,FY rule: pre-Application-List era (List began Apr 1999),,,,,,,,,,,,,,,,,,,,,,No consent,
1986-1987,26/09/1986,auction,KIL 10795,2 FORFAR RD,R2,residential,3223,83,,high,,,KOWLOON INLAND LOT NO. 10795,N.A.,N.A.,N.A. | N.A. | N.A.,22.32624502,114.1861537,govt-led,FY rule: pre-Application-List era (List began Apr 1999),,,,,,,,,,,,,,,,,,,,,,No consent,
1986-1987,26/09/1986,auction,SIL 799,352-354 SHAUKIWAN RD,C/R,commercial_residential_mixed,123,3.2,,high,,,SHAU KEI WAN INLAND LOT NO. 799,N.A.,N.A.,N.A. | N.A. | N.A.,22.27837549,114.2263215,govt-led,FY rule: pre-Application-List era (List began Apr 1999),,,,,,,,,,,,,,,,,,,,,,No consent,
1986-1987,30/09/1986,,LOT 5317 in 51,"DD NEAR KCR STATION, FANLING",R1,residential,22810,56.24,,high,,,,,,,,,govt-led,FY rule: pre-Application-List era (List began Apr 1999),,,,,,,,,,,,,,,,,,,,,,No consent,
1986-1987,11/10/1986,tender,JBTL 6,AREA 4 JUNK BAY,PSPS,residential,22930,172.89,,high,,,JUNK BAY TOWN LOT NO. 6,N.A.,N.A.,N.A. | N.A. | N.A.,22.31960791,114.2531245,govt-led,FY rule: pre-Application-List era (List began Apr 1999),,,,,,,,,,,,,,,,,,,,,,No consent,
1986-1987,29/10/1986,auction,LOT 5346 in 51,DD ON LOK TSUEN,I,industrial,2029,6,,high,,,,,,,,,govt-led,FY rule: pre-Application-List era (List began Apr 1999),,,,,,,,,,,,,,,,,,,,,,No consent,
1986-1987,29/10/1986,auction,LOT 5347 in 51,DD ON LOK TSUEN,I,industrial,1690,5,,high,,,,,,,,,govt-led,FY rule: pre-Application-List era (List began Apr 1999),,,,,,,,,,,,,,,,,,,,,,No consent,
1986-1987,29/10/1986,auction,IL 8653,530-540 LOCKHART RD,C/R,commercial_residential_mixed,506,65,,high,,,INLAND LOT NO. 8653,N.A.,N.A.,N.A. | N.A. | N.A.,22.28051048,114.1840038,govt-led,FY rule: pre-Application-List era (List began Apr 1999),,,,,,,,,,,,,,,,,,,,530-540 Lockhart Road (consent to assign the lot to Eastlord Development Ltd),CONSENT TO ASSIGN,Named development,
1986-1987,29/10/1986,auction,IL 8682,SAI NING ST ADJ. TO IL 8678,C/R,commercial_residential_mixed,736,39,,high,,,INLAND LOT NO. 8682,N.A.,N.A.,N.A. | N.A. | N.A.,22.28127216,114.1206823,govt-led,FY rule: pre-Application-List era (List began Apr 1999),,,,,,,,,,,,,,,,,,,,,,No consent,
1986-1987,29/10/1986,auction,IL 8658,497-499 HENNESSY RD,C/R,commercial_residential_mixed,197,34,,high,,,INLAND LOT NO. 8658,N.A.,N.A.,N.A. | N.A. | N.A.,22.28030644,114.183065,govt-led,FY rule: pre-Application-List era (List began Apr 1999),,,,,,,,,,,,,,,,,,,,,,No consent,
1986-1987,19/11/1986,auction,IL 8656,TIN HAU TEMPLE RD,R2,residential,15380,645,,high,,,INLAND LOT NO. 8656,N.A.,N.A.,N.A. | N.A. | N.A.,22.28772756,114.2034142,govt-led,FY rule: pre-Application-List era (List began Apr 1999),,,,,,,,,,,,,,,,,,,,Pacific Palisades (units),CONSENT TO ASSIGN,Named development,
1986-1987,19/11/1986,auction,SIL 800,20 NAM ON ST,C/R,commercial_residential_mixed,322,16.1,,high,,,SHAU KEI WAN INLAND LOT NO. 800,N.A.,N.A.,N.A. | N.A. | N.A.,22.27932368,114.2264092,govt-led,FY rule: pre-Application-List era (List began Apr 1999),,,,,,,,,,,,,,,,,,,,,,No consent,
1986-1987,19/11/1986,auction,IL 8681,34 NEW MARKET ST,C/R,commercial_residential_mixed,133,3.1,,high,,,INLAND LOT NO. 8681,N.A.,N.A.,N.A. | N.A. | N.A.,22.28733008,114.1494127,govt-led,FY rule: pre-Application-List era (List began Apr 1999),,,,,,,,,,,,,,,,,,,,,,No consent,
1986-1987,3/12/1986,tender,NKIL 6023,CHUK YUEN WEST,PSPS,residential,55760,551,,high,,,,,,,,,govt-led,FY rule: pre-Application-List era (List began Apr 1999),,,,,,,,,,,,,,,,,,,,Tsui Chuk Garden (Scheme E) | Tsui Chuk Garden (Scheme E) (residential flats in Blocks 13 & 14) | Tsui Chuk Garden (Scheme E) (residential units in Blocks 13 & 14),APPROVAL OF SUB-DEED OF MUTUAL COVENANT | CONSENT TO ASSIGN FOR RESIDENTIAL DEVELOPMENT | CONSENT TO SELL FOR RESIDENTIAL DEVELOPMENT,Named development,
1986-1987,8/12/1986,,STTL 268,TOWN CENTRE,C/R,commercial_residential_mixed,3450,8.18,,high,,,SHA TIN TOWN LOT NO. 268,N.A.,N.A.,N.A. | N.A. | N.A.,22.37946208,114.1863709,govt-led,FY rule: pre-Application-List era (List began Apr 1999),,,,,,,,,,,,,,,,,,,,Scenery Court,,Named development,N.A.
1986-1987,8/12/1986,,TPTL 59,PLOVER COVE RD,C/R,commercial_residential_mixed,7804,21.78,,high,,,TAI PO TOWN LOT NO. 59,N.A.,N.A.,N.A. | N.A. | N.A.,22.44930395,114.1685292,govt-led,FY rule: pre-Application-List era (List began Apr 1999),,,,,,,,,,,,,,,,,,,,Plover Cove Garden (consent to the assign Basement 160 Bicycle Parking Spaces and the Common Areas to Hang Yick Properties Management Ltd),CONSENT TO ASSIGN,Named development,
1986-1987,8/12/1986,,TMTL 302,AREA 10B,R1,residential,2000,3.52,,high,,,TUEN MUN TOWN LOT NO. 302,N.A.,N.A.,N.A. | N.A. | N.A.,22.39832995,113.9769162,govt-led,FY rule: pre-Application-List era (List began Apr 1999),,,,,,,,,,,,,,,,,,,,,,No consent,
1986-1987,8/12/1986,,YLTL 439,YAU SAN ST,C/R,commercial_residential_mixed,252,1.29,,high,,,YUEN LONG TOWN LOT NO. 439,N.A.,N.A.,N.A. | N.A. | N.A.,22.44243825,114.0308849,govt-led,FY rule: pre-Application-List era (List began Apr 1999),,,,,,,,,,,,,,,,,,,,,,No consent,
1986-1987,8/12/1986,,YLTL 441,SHUI CHE KWUN ST,C/R,commercial_residential_mixed,1120,1.8,,high,,,YUEN LONG TOWN LOT NO. 441,N.A.,N.A.,N.A. | N.A. | N.A.,22.44484967,114.031203,govt-led,FY rule: pre-Application-List era (List began Apr 1999),,,,,,,,,,,,,,,,,,,,,,No consent,
1986-1987,8/12/1986,,YLTL 452,SHUI CHE KWUN ST,C/R,commercial_residential_mixed,824,2.35,,high,,,YUEN LONG TOWN LOT NO. 452,N.A.,N.A.,N.A. | N.A. | N.A.,22.444849,114.0304647,govt-led,FY rule: pre-Application-List era (List began Apr 1999),,,,,,,,,,,,,,,,,,,,,,No consent,
1986-1987,8/12/1986,,YLTL 454,"TAI CHEUNG ST, YUEN LONG",C/R,commercial_residential_mixed,1023,1.65,,high,,,YUEN LONG TOWN LOT NO. 454,N.A.,N.A.,N.A. | N.A. | N.A.,22.44542716,114.0306972,govt-led,FY rule: pre-Application-List era (List began Apr 1999),,,,,,,,,,,,,,,,,,,,,,No consent,
1986-1987,18/12/1986,auction,CWIL 132,CHAI WAN RECLAMATION,I,industrial,3000,51.5,,high,,,,,,,,,govt-led,FY rule: pre-Application-List era (List began Apr 1999),,,,,,,,,,,,,,,,,,,,,,No consent,
1986-1987,18/12/1986,auction,IL 8655,258-262 DES VOEUX RD CENTRAL,C/R,commercial_residential_mixed,210,17.5,,high,,,INLAND LOT NO. 8655,N.A.,N.A.,N.A. | N.A. | N.A.,22.28642109,114.1518302,govt-led,FY rule: pre-Application-List era (List began Apr 1999),,,,,,,,,,,,,,,,,,,,,,No consent,
1986-1987,18/12/1986,auction,IL 8657,108-110 DES VOEUX RD WEST,C/R,commercial_residential_mixed,113,6.8,,high,,,INLAND LOT NO. 8657,N.A.,N.A.,N.A. | N.A. | N.A.,22.28764543,114.1454341,govt-led,FY rule: pre-Application-List era (List began Apr 1999),,,,,,,,,,,,,,,,,,,,,,No consent,
1986-1987,20/01/1987,tender,TMTL 246,GL NEAR TMGLA 105,PSPS,residential,22240,210,,high,,,TUEN MUN TOWN LOT NO. 246,N.A.,N.A.,N.A. | N.A. | N.A.,22.4033939,113.9751996,govt-led,FY rule: pre-Application-List era (List began Apr 1999),,,,,,,,,,,,,,,,,,,,,,No consent,
1986-1987,6/2/1987,tender,LOT 1772 in CHEUNG CHAU,"PACKAGE 4, CHEUNG CHAU",V,residential,190,1.74,,high,,,LOT 1772 IN CHEUNG CHAU,N.A.,N.A.,N.A. | N.A. | N.A.,22.2056861,114.0279257,govt-led,FY rule: pre-Application-List era (List began Apr 1999),,,,,,,,,,,,,,,,,,,,,,No consent,
1986-1987,6/2/1987,tender,LOT 1773 in CHEUNG CHAU,"PACKAGE 4, CHEUNG CHAU",V,residential,125,1.2,,high,,,LOT 1773 IN CHEUNG CHAU,N.A.,N.A.,N.A. | N.A. | N.A.,22.20553824,114.027291,govt-led,FY rule: pre-Application-List era (List began Apr 1999),,,,,,,,,,,,,,,,,,,,,,No consent,
1986-1987,26/02/1987,auction,LOT 1008 in 215,DD TUI MIN HOI,I,industrial,1094,3.5,,high,,,,,,,,,govt-led,FY rule: pre-Application-List era (List began Apr 1999),,,,,,,,,,,,,,,,,,,,,,No consent,
1986-1987,26/02/1987,auction,STTL 273,SIU LEK YUEN RD,I,industrial,5600,41,,high,,,SHA TIN TOWN LOT NO. 273,N.A.,N.A.,N.A. | N.A. | N.A.,22.38313462,114.2088313,govt-led,FY rule: pre-Application-List era (List began Apr 1999),,,,,,,,,,,,,,,,,,,,,,No consent,
1986-1987,10/3/1987,tender,STTL 289,TAI WAI,PSPS,residential,8666,172.8,,high,,,SHA TIN TOWN LOT NO. 289,N.A.,N.A.,N.A. | N.A. | N.A.,22.37368282,114.1778939,govt-led,FY rule: pre-Application-List era (List began Apr 1999),,,,,,,,,,,,,,,,,,,,,,No consent,
1986-1987,13/03/1987,,TMTL 277,TOWN CENTRE,C/R,commercial_residential_mixed,2676,7.56,,high,,,TUEN MUN TOWN LOT NO. 277,N.A.,N.A.,N.A. | N.A. | N.A.,22.39451056,113.9773198,govt-led,FY rule: pre-Application-List era (List began Apr 1999),,,,,,,,,,,,,,,,,,,,Tuen Mun Town Plaza | Tuen Mun Town Plaza (consent to assign the Commercial Accommodation to The Royal Hong Kong Jockey Club) | Tuen Mun Town Plaza (units),APPROVAL OF DEED OF MUTUAL COVENANT AND MANAGEMENT AGREEMENT | CONSENT TO ASSIGN | CONSENT TO SELL,Named development,
1986-1987,16/03/1987,,LOT 1007 in 215,DD SAI KUNG TOWN,C/R,commercial_residential_mixed,2059,2.55,,high,,,,,,,,,govt-led,FY rule: pre-Application-List era (List began Apr 1999),,,,,,,,,,,,,,,,,,,,,,No consent,
1986-1987,16/03/1987,,YLTL 434,FUNG CHEUNG ST.,R1,residential,1596,13.71,,high,,,YUEN LONG TOWN LOT NO. 434,N.A.,N.A.,N.A. | N.A. | N.A.,22.44402932,114.0327873,govt-led,FY rule: pre-Application-List era (List began Apr 1999),,,,,,,,,,,,,,,,,,,,,,No consent,
1986-1987,16/03/1987,,YLTL 453,KUK TING ST/TAI CHEUNG ST,C/R,commercial_residential_mixed,355,0.51,,high,,,YUEN LONG TOWN LOT NO. 453,N.A.,N.A.,N.A. | N.A. | N.A.,22.44515585,114.0302603,govt-led,FY rule: pre-Application-List era (List began Apr 1999),,,,,,,,,,,,,,,,,,,,,,No consent,
1986-1987,16/03/1987,,YLTL 446,ON HONG RD YUEN LONG,C/R,commercial_residential_mixed,680,2.38,,high,,,YUEN LONG TOWN LOT NO. 446,N.A.,N.A.,N.A. | N.A. | N.A.,22.44202516,114.0236286,govt-led,FY rule: pre-Application-List era (List began Apr 1999),,,,,,,,,,,,,,,,,,,,Yee Hong Building | Yee Hong Building (residential units),APPROVAL OF DEED OF MUTUAL COVENANT | CONSENT TO SELL FOR RESIDENTIAL DEVELOPMENT,Named development,
1986-1987,16/03/1987,,KCTL 398,KWAI FOO RD & KWAI YAN RD,C/R,commercial_residential_mixed,7890,21.58,,high,,,KWAI CHUNG TOWN LOT NO. 398,N.A.,N.A.,N.A. | N.A. | N.A.,22.3581428,114.1276127,govt-led,FY rule: pre-Application-List era (List began Apr 1999),,,,,,,,,,,,,,,,,,,,Kwai Chung Plaza,APPROVAL OF SUB-DEED OF MUTUAL COVENANT AND MANAGEMENT AGREEMENT,Named development,N.A.
1986-1987,23/03/1987,auction,NKIL 6036,KOWLOON BAY,I,industrial,5487,125,,high,,,,,,,,,govt-led,FY rule: pre-Application-List era (List began Apr 1999),,,,,,,,,,,,,,,,,,,,,,No consent,
1986-1987,23/03/1987,auction,LOT 1197 in 253,DD RAZOR HILL,R3,residential,3800,20.4,,high,,,,,,,,,govt-led,FY rule: pre-Application-List era (List began Apr 1999),,,,,,,,,,,,,,,,,,,,,,No consent,
1986-1987,23/03/1987,auction,CWIL 131,CHAI WAN RECLAMATION,I,industrial,3000,70,,high,,,,,,,,,govt-led,FY rule: pre-Application-List era (List began Apr 1999),,,,,,,,,,,,,,,,,,,,,,No consent,
1986-1987,23/03/1987,auction,IL 8651,185 WANCHAI RD,C/R,commercial_residential_mixed,444,27.5,,high,,,INLAND LOT NO. 8651,N.A.,N.A.,N.A. | N.A. | N.A.,22.27736257,114.1779999,govt-led,FY rule: pre-Application-List era (List began Apr 1999),,,,,,,,,,,,,,,,,,,,,,No consent,
1987-1988,29/05/1987,auction,CWIL 134,"OFF SUN YIP ST, CHAI WAN",I,industrial,3200,83,,high,,,,,,,,,govt-led,FY rule: pre-Application-List era (List began Apr 1999),,,,,,,,,,,,,,,,,,,,,,No consent,
1987-1988,29/05/1987,auction,IL 8687,"KING'S RD, NORTH POINT",I,industrial,1057,45,,high,,,INLAND LOT NO. 8687,N.A.,N.A.,N.A. | N.A. | N.A.,22.29058395,114.2096857,govt-led,FY rule: pre-Application-List era (List began Apr 1999),,,,,,,,,,,,,,,,,,,,,,No consent,
1987-1988,29/05/1987,auction,IL 8667,DES VOEUX RD CENTRAL,C,commercial,2098,840,,high,,,INLAND LOT NO. 8667,N.A.,N.A.,N.A. | N.A. | N.A.,22.28456771,114.1561766,govt-led,FY rule: pre-Application-List era (List began Apr 1999),,,,,,,,,,,,,,,,,,,,,,No consent,
1987-1988,24/06/1987,auction,NKIL 6040,FUNG SHING ST,R2,residential,5600,169,,high,,,,,,,,,govt-led,FY rule: pre-Application-List era (List began Apr 1999),,,,,,,,,,,,,,,,,,,,Hilltop Gardens,,Named development,N.A.
1987-1988,24/06/1987,auction,STTL 282,YUEN SHUN CIRCUIT,I,industrial,1776,24,,high,,,SHA TIN TOWN LOT NO. 282,N.A.,N.A.,N.A. | N.A. | N.A.,22.38268323,114.2081029,govt-led,FY rule: pre-Application-List era (List began Apr 1999),,,,,,,,,,,,,,,,,,,,,,No consent,
1987-1988,13/07/1987,,STTL 294,TAI CHUNG KIU RD,R2,residential,8100,27.86,,high,,,SHA TIN TOWN LOT NO. 294,N.A.,N.A.,N.A. | N.A. | N.A.,22.39348984,114.207029,govt-led,FY rule: pre-Application-List era (List began Apr 1999),,,,,,,,,,,,,,,,,,,,,,No consent,
1987-1988,13/07/1987,,TPTL 25,TAI PO OLD MARKET,R1,residential,4270,18.39,,high,,,TAI PO TOWN LOT NO. 25,N.A.,N.A.,N.A. | N.A. | N.A.,22.45375565,114.1639239,govt-led,FY rule: pre-Application-List era (List began Apr 1999),,,,,,,,,,,,,,,,,,,,,,No consent,
1987-1988,13/07/1987,,TMTL 292,TSING YUNG ST,R2,residential,7813,32.47,,high,,,TUEN MUN TOWN LOT NO. 292,N.A.,N.A.,N.A. | N.A. | N.A.,22.37956337,113.9833225,govt-led,FY rule: pre-Application-List era (List began Apr 1999),,,,,,,,,,,,,,,,,,,,,,No consent,
1987-1988,27/07/1987,auction,FSSTL 37 (LOT 5349 in 51),ON LOK TSUEN DD,I,industrial,947,10.3,,high,,,,,,,,,govt-led,FY rule: pre-Application-List era (List began Apr 1999),,,,,,,,,,,,,,,,,,,,,,No consent,
1987-1988,27/07/1987,auction,IL 8690,TAI HANG DRIVE,R2,residential,1568,77,,high,,,INLAND LOT NO. 8690,N.A.,N.A.,N.A. | N.A. | N.A.,22.27466145,114.1944948,govt-led,FY rule: pre-Application-List era (List began Apr 1999),,,,,,,,,,,,,,,,,,,,Gardenview Heights | Gardenview Heights (units),APPROVAL OF DEED OF MUTUAL COVENANT | CONSENT TO SELL,Named development,
1987-1988,18/08/1987,tender,LOT 1775 in CHEUNG CHAU,"PAK SHE, CHEUNG CHAU",I,industrial,435,1.09,,high,,,LOT 1775 IN CHEUNG CHAU,N.A.,N.A.,N.A. | N.A. | N.A.,22.21238439,114.0265611,govt-led,FY rule: pre-Application-List era (List began Apr 1999),,,,,,,,,,,,,,,,,,,,,,No consent,
1987-1988,25/08/1987,tender,LOT 1774 in CHEUNG CHAU,"PACKAGE 4, CHEUNG CHAU",V,residential,300,3.06,,high,,,LOT 1774 IN CHEUNG CHAU,N.A.,N.A.,N.A. | N.A. | N.A.,22.20535172,114.0273539,govt-led,FY rule: pre-Application-List era (List began Apr 1999),,,,,,,,,,,,,,,,,,,,,,No consent,
1987-1988,28/08/1987,tender,STTL 313,TIN SAM ST,PSPS,residential,19490,326.8,,high,,,SHA TIN TOWN LOT NO. 313,N.A.,N.A.,N.A. | N.A. | N.A.,22.3682645,114.1765345,govt-led,FY rule: pre-Application-List era (List began Apr 1999),,,,,,,,,,,,,,,,,,,,,,No consent,
1987-1988,28/09/1987,auction,StIL 83,STANLEY MAIN ST,C/R,commercial_residential_mixed,150,12.1,,high,,,STANLEY INLAND LOT NO. 83,N.A.,N.A.,N.A. | N.A. | N.A.,22.21879505,114.2110634,govt-led,FY rule: pre-Application-List era (List began Apr 1999),,,,,,,,,,,,,,,,,,,,,,No consent,
1987-1988,28/09/1987,auction,RBL 1088,5 MT KELLETT RD,R3,residential,5952,53,,high,,,RURAL BUILDING LOT NO. 1088,N.A.,N.A.,N.A. | N.A. | N.A.,22.26476278,114.1510859,govt-led,FY rule: pre-Application-List era (List began Apr 1999),,,,,,,,,,,,,,,,,,,,,,No consent,
1987-1988,26/10/1987,auction,NKIL 6043,HING WAH ST,C/R,commercial_residential_mixed,4323,168,,high,,,,,,,,,govt-led,FY rule: pre-Application-List era (List began Apr 1999),,,,,,,,,,,,,,,,,,,,,,No consent,
1987-1988,26/10/1987,auction,FSSTL14 (LOT 5334 in DD 51),ON LOK TSUEN,I,industrial,1100,8.7,,high,,,FANLING SHEUNG SHUI TOWN LOT NO. 14 (LOT NO. 5334 IN DEMARCATION DISTRICT NO. 51),N.A.,N.A.,N.A. | N.A. | N.A.,22.49162682,114.14602,govt-led,FY rule: pre-Application-List era (List began Apr 1999),,,,,,,,,,,,,,,,,,,,,,No consent,
1987-1988,26/10/1987,auction,IL 8688,QUEEN'S GRN. OLD PEAK RD,R2,residential,5818,500,,high,,,INLAND LOT NO. 8688,N.A.,N.A.,N.A. | N.A. | N.A.,22.27600625,114.1531797,govt-led,FY rule: pre-Application-List era (List began Apr 1999),,,,,,,,,,,,,,,,,,,,Queen's Garden,APPROVAL OF DEED OF MUTUAL COVENANT AND MANAGEMENT AGREEMENT,Named development,
1987-1988,27/10/1987,tender,LOT 1777 in CHEUNG CHAU,"PACKAGE 3, CHEUNG CHAU",V,residential,260,2.72,,high,,,LOT 1777 IN CHEUNG CHAU,N.A.,N.A.,N.A. | N.A. | N.A.,22.21210591,114.026473,govt-led,FY rule: pre-Application-List era (List began Apr 1999),,,,,,,,,,,,,,,,,,,,,,No consent,
1987-1988,27/10/1987,tender,LOT 1778 in CHEUNG CHAU,"PACKAGE 3, CHEUNG CHAU",V,residential,235,2.85,,high,,,LOT 1778 IN CHEUNG CHAU,N.A.,N.A.,N.A. | N.A. | N.A.,22.21201701,114.0265399,govt-led,FY rule: pre-Application-List era (List began Apr 1999),,,,,,,,,,,,,,,,,,,,,,No consent,
1987-1988,30/10/1987,tender,FSSTL 1 (LOT 5388 in DD 51),"AREA 6B, SHEK WU HUI",PSPS,residential,20900,230.2,,high,,,FANLING SHEUNG SHUI TOWN LOT NO. 1 (LOT NO. 5388 IN DEMARCATION DISTRICT NO. 51),N.A.,N.A.,N.A. | N.A. | N.A.,22.50809165,114.1287414,govt-led,FY rule: pre-Application-List era (List began Apr 1999),,,,,,,,,,,,,,,,,,,,,,No consent,
1987-1988,27/11/1987,auction,NKIL 6032,KOWLOON BAY,OU,special_use_other,22280,470,,high,,,,,,,,,govt-led,FY rule: pre-Application-List era (List began Apr 1999),,,,,,,,,,,,,,,,,,,,,,No consent,
1987-1988,27/11/1987,auction,FSSTL 30 (LOT 5335 in DD 51),ON LOK TSUEN,I,industrial,2563,18.5,,high,,,FANLING SHEUNG SHUI TOWN LOT NO. 30 (LOT NO. 5335 IN DEMARCATION DISTRICT NO. 51),N.A.,N.A.,N.A. | N.A. | N.A.,22.49203316,114.1458449,govt-led,FY rule: pre-Application-List era (List began Apr 1999),,,,,,,,,,,,,,,,,,,,,,No consent,
1987-1988,27/11/1987,auction,STTL 281,YUEN SHUN CIRCUIT,I,industrial,4582,53,,high,,,SHA TIN TOWN LOT NO. 281,N.A.,N.A.,N.A. | N.A. | N.A.,22.38158155,114.2079181,govt-led,FY rule: pre-Application-List era (List began Apr 1999),,,,,,,,,,,,,,,,,,,,,,No consent,
1987-1988,27/11/1987,auction,TMTL 296,CASTLE PEAK RD.,R2,residential,19460,265,,high,,,TUEN MUN TOWN LOT NO. 296,N.A.,N.A.,N.A. | N.A. | N.A.,22.38748998,113.9815248,govt-led,FY rule: pre-Application-List era (List began Apr 1999),,,,,,,,,,,,,,,,,,,,Handsome Court,,Named development,N.A.
1987-1988,8/12/1987,,STTL 302,TAI CHUNG KIU RD,R2,residential,11110,36.96,,high,,,SHA TIN TOWN LOT NO. 302,N.A.,N.A.,N.A. | N.A. | N.A.,22.39423331,114.2078821,govt-led,FY rule: pre-Application-List era (List began Apr 1999),,,,,,,,,,,,,,,,,,,,,,No consent,
1987-1988,8/12/1987,,TPTL 64,AREA 6 - KCR STATION,C/R,commercial_residential_mixed,15220,48,,high,,,TAI PO TOWN LOT NO. 64,N.A.,N.A.,N.A. | N.A. | N.A.,22.44389474,114.1691707,govt-led,FY rule: pre-Application-List era (List began Apr 1999),,,,,,,,,,,,,,,,,,,,Uptown Plaza (Common Areas & Common Facilities),,Named development,
1987-1988,9/12/1987,,FSSTL 38,GL IN SHEUNG SHUI AREA 7A,C/R,commercial_residential_mixed,6865,18.8,,high,,,FANLING SHEUNG SHUI TOWN LOT NO. 38,N.A.,N.A.,N.A. | N.A. | N.A.,22.50210702,114.1292141,govt-led,FY rule: pre-Application-List era (List began Apr 1999),,,,,,,,,,,,,,,,,,,,,,No consent,
1987-1988,11/12/1987,tender,FSSTL 3 (LOT 5345 in 51),ON LOK TSUEN DD,PFS,petrol_or_ev,938,43.8,,high,,,,,,,,,govt-led,FY rule: pre-Application-List era (List began Apr 1999),,,,,,,,,,,,,,,,,,,,,,No consent,
1987-1988,4/1/1988,tender,JBTL 10,"AREA 30/33, JUNK BAY",PSPS,residential,24500,255,,high,,,JUNK BAY TOWN LOT NO. 10,N.A.,N.A.,N.A. | N.A. | N.A.,22.31931135,114.2678289,govt-led,FY rule: pre-Application-List era (List began Apr 1999),,,,,,,,,,,,,,,,,,,,,,No consent,
1987-1988,15/01/1988,auction,5352 in DD 51) FSSTL 34 (LOT,ON LOK TSUEN,I,industrial,1120,8.9,,high,,,,,,,,,govt-led,FY rule: pre-Application-List era (List began Apr 1999),,,,,,,,,,,,,,,,,,,,,,No consent,
1987-1988,15/01/1988,auction,LOT 991 in DD 215,TUI MIN HOI,I,industrial,1410,6.5,,high,,,LOT NO. 991 IN DEMARCATION DISTRICT NO. 215,N.A.,N.A.,N.A. | N.A. | N.A.,22.37991551,114.2676061,govt-led,FY rule: pre-Application-List era (List began Apr 1999),,,,,,,,,,,,,,,,,,,,,,No consent,
1987-1988,15/01/1988,auction,LOT 1198 in 253,DD PAK SHEK WO,R3,residential,1900,7.6,,high,,,,,,,,,govt-led,FY rule: pre-Application-List era (List began Apr 1999),,,,,,,,,,,,,,,,,,,,,,No consent,
1987-1988,15/01/1988,auction,TMTL 320,AREA 40,I,industrial,8124,109,,high,,,TUEN MUN TOWN LOT NO. 320,N.A.,N.A.,N.A. | N.A. | N.A.,22.36575684,113.9466649,govt-led,FY rule: pre-Application-List era (List began Apr 1999),,,,,,,,,,,,,,,,,,,,,,No consent,
1987-1988,26/02/1988,,FSSTL 20,GL IN SHEUNG SHUI AREA 7A,C/R,commercial_residential_mixed,5998,15.99,,high,,,FANLING SHEUNG SHUI TOWN LOT NO. 20,N.A.,N.A.,N.A. | N.A. | N.A.,22.50280252,114.1297581,govt-led,FY rule: pre-Application-List era (List began Apr 1999),,,,,,,,,,,,,,,,,,,,Lung Fung Garden (Cinemas 1 & 2 in Level 1 and Level 1 High Level (including their Air-conditioning Plant Rooms in Level 1 and Level 1 High Level) of the Podium of Lung Fung Garden),APPROVAL OF SUB-DEED OF MUTUAL COVENANT,Named development,
1987-1988,26/02/1988,,STTL 303,TAI CHUNG KIU RD,R2,residential,11120,42.28,,high,,,SHA TIN TOWN LOT NO. 303,N.A.,N.A.,N.A. | N.A. | N.A.,22.39504589,114.2087174,govt-led,FY rule: pre-Application-List era (List began Apr 1999),,,,,,,,,,,,,,,,,,,,,,No consent,
1987-1988,26/02/1988,,TMTL 313,RD 16C,R1,residential,10410,18.55,,high,,,TUEN MUN TOWN LOT NO. 313,N.A.,N.A.,N.A. | N.A. | N.A.,22.38448109,113.9727993,govt-led,FY rule: pre-Application-List era (List began Apr 1999),,,,,,,,,,,,,,,,,,,,,,No consent,
1987-1988,11/3/1988,tender,LOT 1781 in CHEUNG CHAU,"CHUNG HOK RD, CHEUNG CHAU",V,residential,187,2,,high,,,LOT 1781 IN CHEUNG CHAU,N.A.,N.A.,N.A. | N.A. | N.A.,22.20493908,114.026749,govt-led,FY rule: pre-Application-List era (List began Apr 1999),,,,,,,,,,,,,,,,,,,,,,No consent,
1987-1988,11/3/1988,tender,LOT 1782 in CHEUNG CHAU,"CHUNG HOK RD, CHEUNG CHAU",V,residential,240,2.56,,high,,,LOT 1782 IN CHEUNG CHAU,N.A.,N.A.,N.A. | N.A. | N.A.,22.20478494,114.0268548,govt-led,FY rule: pre-Application-List era (List began Apr 1999),,,,,,,,,,,,,,,,,,,,,,No consent,
1987-1988,11/3/1988,tender,TPTL 74,"AREA 2, TAI PO",PFS,petrol_or_ev,870,54.8,,high,,,TAI PO TOWN LOT NO. 74,N.A.,N.A.,N.A. | N.A. | N.A.,22.45404703,114.1635902,govt-led,FY rule: pre-Application-List era (List began Apr 1999),,,,,,,,,,,,,,,,,,,,,,No consent,
1987-1988,18/03/1988,tender,TMTL 321,AREA 37A,PFS,petrol_or_ev,526,44,,high,,,TUEN MUN TOWN LOT NO. 321,N.A.,N.A.,N.A. | N.A. | N.A.,22.39410792,113.9771811,govt-led,FY rule: pre-Application-List era (List began Apr 1999),,,,,,,,,,,,,,,,,,,,,,No consent,
1987-1988,24/03/1988,auction,FSSTL 17,ON LOK TSUEN,I,industrial,3372,27.5,,high,,,FANLING SHEUNG SHUI TOWN LOT NO. 17,N.A.,N.A.,N.A. | N.A. | N.A.,22.49673801,114.1459411,govt-led,FY rule: pre-Application-List era (List began Apr 1999),,,,,,,,,,,,,,,,,,,,,,No consent,
1987-1988,24/03/1988,auction,LOT 788 in DD 216,SHA HA,R3,residential,2601,11.5,,high,,,LOT NO. 788 IN DEMARCATION DISTRICT NO. 216,N.A.,N.A.,N.A. | N.A. | N.A.,22.39104591,114.2744725,govt-led,FY rule: pre-Application-List era (List began Apr 1999),,,,,,,,,,,,,,,,,,,,,,No consent,
1987-1988,24/03/1988,auction,STTL 212,SUI WO RD,R4,residential,7181,21.5,,high,,,SHA TIN TOWN LOT NO. 212,N.A.,N.A.,N.A. | N.A. | N.A.,22.39438038,114.1881685,govt-led,FY rule: pre-Application-List era (List began Apr 1999),,,,,,,,,,,,,,,,,,,,,,No consent,
1987-1988,24/03/1988,auction,TMTL 319,"RD 44K, TUEN MUN",R2,residential,13200,213,,high,,,TUEN MUN TOWN LOT NO. 319,N.A.,N.A.,N.A. | N.A. | N.A.,22.37215857,113.9689237,govt-led,FY rule: pre-Application-List era (List began Apr 1999),,,,,,,,,,,,,,,,,,,,,,No consent,
1988-1989,6/4/1988,tender,KCL 7,"CONTAINER PORT, KWAI CHUNG",OU,special_use_other,315000,4390,,high,,,,,,,,,govt-led,FY rule: pre-Application-List era (List began Apr 1999),,,,,,,,,,,,,,,,,,,,,,No consent,
1988-1989,30/05/1988,auction,FSSTL 29 (LOT 5355 DD 51),ON LOK TSUEN in,I,industrial,1861,21,,high,,,,,,,,,govt-led,FY rule: pre-Application-List era (List began Apr 1999),,,,,,,,,,,,,,,,,,,,,,No consent,
1988-1989,30/05/1988,auction,TMTL 316,AREA 40,I,industrial,4953,30,,high,,,TUEN MUN TOWN LOT NO. 316,N.A.,N.A.,N.A. | N.A. | N.A.,22.36635776,113.9465236,govt-led,FY rule: pre-Application-List era (List began Apr 1999),,,,,,,,,,,,,,,,,,,,,,No consent,
1988-1989,30/05/1988,auction,CWIL 103,CHAI WAN RECLAMATION,I,industrial,4498,173,,high,,,,,,,,,govt-led,FY rule: pre-Application-List era (List began Apr 1999),,,,,,,,,,,,,,,,,,,,,,No consent,
1988-1989,24/06/1988,tender,LOT 1762 in CHEUNG CHAU,PAK SHE FIRST LANE CHEUNG CHAU,I,industrial,145,0.42,,high,,,LOT 1762 IN CHEUNG CHAU,N.A.,N.A.,N.A. | N.A. | N.A.,22.21255988,114.0263947,govt-led,FY rule: pre-Application-List era (List began Apr 1999),,,,,,,,,,,,,,,,,,,,,,No consent,
1988-1989,24/06/1988,tender,LOT 1783 in CHEUNG CHAU,"CHUNG HING HOI PONG RD, CHEUNG CHAU",V,residential,130,1.63,,high,,,LOT 1783 IN CHEUNG CHAU,N.A.,N.A.,N.A. | N.A. | N.A.,22.20556556,114.0280526,govt-led,FY rule: pre-Application-List era (List began Apr 1999),,,,,,,,,,,,,,,,,,,,,,No consent,
1988-1989,29/06/1988,,KCTL 395,J/O HING FONG RD/KWAI FUK RD,C/R,commercial_residential_mixed,15800,59.57,,high,,,KWAI CHUNG TOWN LOT NO. 395,N.A.,N.A.,N.A. | N.A. | N.A.,22.35746525,114.1267586,govt-led,FY rule: pre-Application-List era (List began Apr 1999),,,,,,,,,,,,,,,,,,,,Metroplaza | Metroplaza - Tower I | Metroplaza Tower 2 (Level 13) | Metroplaza Tower 2 (commerical units between Level 7 to Level 46) | Metroplaza Tower 2 (units between Level 7 to Level 46) | Metroplaza Tower 2 (units on Level 28 to Level 46),APPROVAL OF DEED OF MUTUAL COVENANT | APPROVAL OF SUB-DEED OF MUTUAL COVENANT | APPROVAL OF SUB-DEED OF MUTUAL COVENANT AND MANAGEMENT AGREEMENT | APPROVAL OF SUB-SUB-DEED OF MUTUAL COVENANT | CONSENT TO ASSIGN FOR COMMERCIAL DEVELOPMENT | CONSENT TO SELL FOR COMMERCIAL DEVELOPMENT,Named development,
1988-1989,4/7/1988,tender,FSSTL 33 (LOT 2309 DD 83),ON LOK TSUEN in,PFS,petrol_or_ev,712,51,,high,,,,,,,,,govt-led,FY rule: pre-Application-List era (List began Apr 1999),,,,,,,,,,,,,,,,,,,,,,No consent,
1988-1989,13/07/1988,auction,FSSTL 35,ON LOK TSUEN,I,industrial,1198,16,,high,,,FANLING SHEUNG SHUI TOWN LOT NO. 35,N.A.,N.A.,N.A. | N.A. | N.A.,22.49398321,114.1432984,govt-led,FY rule: pre-Application-List era (List began Apr 1999),,,,,,,,,,,,,,,,,,,,,,No consent,
1988-1989,13/07/1988,auction,CWIL 139,CHAI WAN RECLAMATION,I,industrial,4687,194,,high,,,,,,,,,govt-led,FY rule: pre-Application-List era (List began Apr 1999),,,,,,,,,,,,,,,,,,,,Ka Yip Industrial Building (units and parking spaces),CONSENT TO SELL FOR INDUSTRIAL/GODOWN DEVELOPMENT,Named development,
1988-1989,1/8/1988,tender,LOT 649 in PENG CHAU,PENG CHAU,V,residential,195,0.96,,high,,,LOT 649 IN PENG CHAU,N.A.,N.A.,N.A. | N.A. | N.A.,22.28267034,114.0394881,govt-led,FY rule: pre-Application-List era (List began Apr 1999),,,,,,,,,,,,,,,,,,,,,,No consent,
1988-1989,1/8/1988,tender,LOT 227 in DD 331 LANTAU,"CHEUNG SHA, LANTAU",R4,residential,1194,1.4,,high,,,"LOT NO. 227 IN DEMARCATION DISTRICT NO. 331, LANTAU",N.A.,N.A.,N.A. | N.A. | N.A.,22.23698014,113.9488114,govt-led,FY rule: pre-Application-List era (List began Apr 1999),,,,,,,,,,,,,,,,,,,,,,No consent,
1988-1989,5/9/1988,tender,TPTL 85,"AREA 22, TAI PO",PFS,petrol_or_ev,737,62,,high,,,TAI PO TOWN LOT NO. 85,N.A.,N.A.,N.A. | N.A. | N.A.,22.45356757,114.1598936,govt-led,FY rule: pre-Application-List era (List began Apr 1999),,,,,,,,,,,,,,,,,,,,,,No consent,
1988-1989,7/9/1988,,STTL 300,TAI CHUNG KIU RD.,R2,residential,6614,25.25,,high,,,SHA TIN TOWN LOT NO. 300,N.A.,N.A.,N.A. | N.A. | N.A.,22.39599397,114.2093392,govt-led,FY rule: pre-Application-List era (List began Apr 1999),,,,,,,,,,,,,,,,,,,,Pictorial Garden Stage 3 | Pictorial Garden Stage 3 (residential units and/or car parking spaces),APPROVAL OF DEED OF MUTUAL COVENANT AND MANAGEMENT AGREEMENT | CONSENT TO SELL,Named development,
1988-1989,21/09/1988,auction,NKIL 6037,PO ON RD.,C/R,commercial_residential_mixed,2110,142,,high,,,,,,,,,govt-led,FY rule: pre-Application-List era (List began Apr 1999),,,,,,,,,,,,,,,,,,,,Lai Bo Garden (units),CONSENT TO SELL,Named development,
1988-1989,21/09/1988,auction,FSSTL 49,GL IN SHEUNG SHUI AREA 4B,I,industrial,2816,30.5,,high,,,FANLING SHEUNG SHUI TOWN LOT NO. 49,N.A.,N.A.,N.A. | N.A. | N.A.,22.50743153,114.1217014,govt-led,FY rule: pre-Application-List era (List began Apr 1999),,,,,,,,,,,,,,,,,,,,,,No consent,
1988-1989,30/09/1988,tender,LOT 811 in DD 110,"KAM TIN RD, KAM TIN",PFS,petrol_or_ev,1100,23,,high,,,LOT NO. 811 IN DEMARCATION DISTRICT NO. 110,N.A.,N.A.,N.A. | N.A. | N.A.,22.44003335,114.0741453,govt-led,FY rule: pre-Application-List era (List began Apr 1999),,,,,,,,,,,,,,,,,,,,,,No consent,
1988-1989,28/10/1988,auction,LOT 1209 in DD 253,"RAZOR HILL, SAI KUNG, NT",R3,residential,6743,41,,high,,,LOT NO. 1209 IN DEMARCATION DISTRICT NO. 253,N.A.,N.A.,N.A. | N.A. | N.A.,22.33746332,114.2488631,govt-led,FY rule: pre-Application-List era (List began Apr 1999),,,,,,,,,,,,,,,,,,,,Greenview Garden (units),CONSENT TO SELL,Named development,
1988-1989,28/10/1988,auction,TMTL 322,AREA 44,R2,residential,12390,220,,high,,,TUEN MUN TOWN LOT NO. 322,N.A.,N.A.,N.A. | N.A. | N.A.,22.37199732,113.9699338,govt-led,FY rule: pre-Application-List era (List began Apr 1999),,,,,,,,,,,,,,,,,,,,,,No consent,
1988-1989,29/11/1988,auction,KTIL 713,"HOI BUN RD, KWUN TONG",C,commercial,4500,420,,high,,,KWUN TONG INLAND LOT NO. 713,N.A.,N.A.,N.A. | N.A. | N.A.,22.31412297,114.2163932,govt-led,FY rule: pre-Application-List era (List began Apr 1999),,,,,,,,,,,,,,,,,,,,,,No consent,
1988-1989,29/11/1988,auction,KIL 10971,"BAILEY ST., HUNG HOM",R1,residential,2472,196,,high,,,,,,,,,govt-led,FY rule: pre-Application-List era (List began Apr 1999),,,,,,,,,,,,,,,,,,,,,,No consent,
1988-1989,29/11/1988,auction,NKIL 6081,TAT CHEE AVE DEV AREA IIA,R2,residential,4250,156,,high,,,,,,,,,govt-led,FY rule: pre-Application-List era (List began Apr 1999),,,,,,,,,,,,,,,,,,,,Grandeur Villa | Grandeur Villa (units and car parking spaces),APPROVAL OF DEED OF MUTUAL COVENANT AND MANAGEMENT AGREEMENT | CONSENT TO SELL,Named development,
1988-1989,29/11/1988,auction,YLTL 404,"WANG YIP ST WEST, TUNG TAU INDUSTRIAL AREA",I,industrial,1735,30.5,,high,,,YUEN LONG TOWN LOT NO. 404,N.A.,N.A.,N.A. | N.A. | N.A.,22.45034285,114.0286427,govt-led,FY rule: pre-Application-List era (List began Apr 1999),,,,,,,,,,,,,,,,,,,,,,No consent,
1988-1989,2/12/1988,,FSSTL 55 in DD 91,GL IN SHEUNG SHUI AREA 7A,C/R,commercial_residential_mixed,11070,30.86,,high,,,FANLING SHEUNG SHUI TOWN LOT NO. 55,N.A.,N.A.,N.A. | N.A. | N.A.,22.50104163,114.1298947,govt-led,FY rule: pre-Application-List era (List began Apr 1999),,,,,,,,,,,,,,,,,,,,Sheung Shui Centre | Sheung Shui Centre (residential units and /or car parking spaces),APPROVAL OF DEED OF MUTUAL COVENANT AND MANAGEMENT AGREEMENT | CONSENT TO SELL,Named development,
1988-1989,2/12/1988,tender,LOT 812 in DD 110,"KAM TIN RD, KAM TIN",PFS,petrol_or_ev,1300,23.88,,high,,,LOT NO. 812 IN DEMARCATION DISTRICT NO. 110,N.A.,N.A.,N.A. | N.A. | N.A.,22.43998721,114.0736151,govt-led,FY rule: pre-Application-List era (List began Apr 1999),,,,,,,,,,,,,,,,,,,,,,No consent,
1988-1989,7/12/1988,,TWTL 324,GL AT TAI HO RD,C/R,commercial_residential_mixed,4804,21.52,,high,,,TSUEN WAN TOWN LOT NO. 324,N.A.,N.A.,N.A. | N.A. | N.A.,22.3697415,114.1118696,govt-led,FY rule: pre-Application-List era (List began Apr 1999),,,,,,,,,,,,,,,,,,,,Skyline Plaza | Skyline Plaza (units and car/lorry parking spaces),APPROVAL OF DEED OF MUTUAL COVENANT AND MANAGEMENT AGREEMENT | CONSENT TO SELL,Named development,
1988-1989,22/12/1988,auction,KIL 10972,194-200 ARGYLE ST,R2,residential,5889,299,,high,,,,,,,,,govt-led,FY rule: pre-Application-List era (List began Apr 1999),,,,,,,,,,,,,,,,,,,,,,No consent,
1988-1989,22/12/1988,auction,NKIL 6052,FAT TSEUNG ST,DGG,industrial,4728,218,,high,,,,,,,,,govt-led,FY rule: pre-Application-List era (List began Apr 1999),,,,,,,,,,,,,,,,,,,,,,No consent,
1988-1989,22/12/1988,auction,TMTL 318,AREA 40,I,industrial,4012,33,,high,,,TUEN MUN TOWN LOT NO. 318,N.A.,N.A.,N.A. | N.A. | N.A.,22.36727251,113.9484057,govt-led,FY rule: pre-Application-List era (List began Apr 1999),,,,,,,,,,,,,,,,,,,,,,No consent,
1988-1989,29/12/1988,tender,JBTL 11,"AREA 28, JUNK BAY",PSPS,residential,22400,106,,high,,,JUNK BAY TOWN LOT NO. 11,N.A.,N.A.,N.A. | N.A. | N.A.,22.31606307,114.2628186,govt-led,FY rule: pre-Application-List era (List began Apr 1999),,,,,,,,,,,,,,,,,,,,On Ning Garden (residential units),CONSENT TO ASSIGN FOR RESIDENTIAL DEVELOPMENT,Named development,
1988-1989,25/01/1989,auction,YLTL 410,"LEUNG YIP ST., TUNG TAU INDUSTRIAL AREA",I,industrial,1736,33.5,,high,,,YUEN LONG TOWN LOT NO. 410,N.A.,N.A.,N.A. | N.A. | N.A.,22.45018509,114.0288712,govt-led,FY rule: pre-Application-List era (List began Apr 1999),,,,,,,,,,,,,,,,,,,,,,No consent,
1988-1989,25/01/1989,auction,IL 8643,J/O HARBOUR RD/FLEMING RD,C,commercial,7230,3350,,high,,,INLAND LOT NO. 8643,N.A.,N.A.,N.A. | N.A. | N.A.,22.28008979,114.1736044,govt-led,FY rule: pre-Application-List era (List began Apr 1999),,,,,,,,,,,,,,,,,,,,,,No consent,
1988-1989,21/02/1989,tender,IL 8694,GARDEN RD. ADJ. YWCA,C,commercial,757,153.8,,high,,,INLAND LOT NO. 8694,N.A.,N.A.,N.A. | N.A. | N.A.,22.27637692,114.1562264,govt-led,FY rule: pre-Application-List era (List began Apr 1999),,,,,,,,,,,,,,,,,,,,,,No consent,
1988-1989,27/02/1989,auction,NKIL 5974,WAI YIP ST./SHEUNG YUET RD.,C,commercial,4121,450,,high,,,,,,,,,govt-led,FY rule: pre-Application-List era (List began Apr 1999),,,,,,,,,,,,,,,,,,,,Chevalier Commercial Centre (19-23 Floors) | Chevalier Commercial Centre (units),CONSENT TO SELL,Named development,
1988-1989,27/02/1989,auction,STTL 350,LOK LAM RD.,R3,residential,1550,12.5,,high,,,SHA TIN TOWN LOT NO. 350,N.A.,N.A.,N.A. | N.A. | N.A.,22.40011347,114.2001142,govt-led,FY rule: pre-Application-List era (List began Apr 1999),,,,,,,,,,,,,,,,,,,,,,No consent,
1988-1989,27/02/1989,auction,TMTL 297,CASTLE PEAK RD.,R2,residential,9673,227,,high,,,TUEN MUN TOWN LOT NO. 297,N.A.,N.A.,N.A. | N.A. | N.A.,22.38597302,113.9816628,govt-led,FY rule: pre-Application-List era (List began Apr 1999),,,,,,,,,,,,,,,,,,,,,,No consent,
1988-1989,15/03/1989,,FSSTL 56 in DD 91,GL IN SHEUNG SHUI AREA 7A,C/R,commercial_residential_mixed,7753,46.36,,high,,,FANLING SHEUNG SHUI TOWN LOT NO. 56,N.A.,N.A.,N.A. | N.A. | N.A.,22.50110533,114.131576,govt-led,FY rule: pre-Application-List era (List began Apr 1999),,,,,,,,,,,,,,,,,,,,Sheungshui Town Center | Sheungshui Town Center (residential units and /or car parking spaces) | Sheungshui Town Center (residential units),APPROVAL OF DEED OF MUTUAL COVENANT | CONSENT TO ASSIGN FOR RESIDENTIAL DEVELOPMENT | CONSENT TO SELL,Named development,
1988-1989,15/03/1989,,YLTL 473,FUNG CHEUNG RD/HOP YICK RD.,R1,residential,670,5.85,,high,,,YUEN LONG TOWN LOT NO. 473,N.A.,N.A.,N.A. | N.A. | N.A.,22.44203291,114.0320219,govt-led,FY rule: pre-Application-List era (List began Apr 1999),,,,,,,,,,,,,,,,,,,,,,No consent,
1988-1989,16/03/1989,,TPTL 65,TAI PO OLD MARKET,R1,residential,2181,19.4,,high,,,TAI PO TOWN LOT NO. 65,N.A.,N.A.,N.A. | N.A. | N.A.,22.45422527,114.1643416,govt-led,FY rule: pre-Application-List era (List began Apr 1999),,,,,,,,,,,,,,,,,,,,Beautiful Garden | Beautiful Garden (Ground Floor & First Floor) | Beautiful Garden (residential units and car parking spaces),APPROVAL OF DEED OF MUTUAL COVENANT AND MANAGEMENT AGREEMENT | APPROVAL OF SUB-DEED OF MUTUAL COVENANT | CONSENT TO SELL,Named development,
1988-1989,16/03/1989,,YLTL 464,TAI TONG RD./KAU YUK RD.,R1,residential,2469,5.18,,high,,,YUEN LONG TOWN LOT NO. 464,N.A.,N.A.,N.A. | N.A. | N.A.,22.44262571,114.0284852,govt-led,FY rule: pre-Application-List era (List began Apr 1999),,,,,,,,,,,,,,,,,,,,Citi Mall,APPROVAL OF DEED OF MUTUAL COVENANT AND MANAGEMENT AGREEMENT | CONSENT TO SELL FOR NON-RESIDENTIAL DEVELOPMENT,Named development,
1988-1989,16/03/1989,,YLTL 479,"SAU FU ST, YUEN LONG",C/R,commercial_residential_mixed,1233,4.34,,high,,,YUEN LONG TOWN LOT NO. 479,N.A.,N.A.,N.A. | N.A. | N.A.,22.44492763,114.0275793,govt-led,FY rule: pre-Application-List era (List began Apr 1999),,,,,,,,,,,,,,,,,,,,Prosper Centre | Prosper Centre (residential units and shops),APPROVAL OF DEED OF MUTUAL COVENANT AND MANAGEMENT AGREEMENT | CONSENT TO SELL,Named development,
1988-1989,17/03/1989,,FSSTL 71,NEAR FANLING RAIL STATION,C/R,commercial_residential_mixed,12770,68.47,,high,,,FANLING SHEUNG SHUI TOWN LOT NO. 71,N.A.,N.A.,N.A. | N.A. | N.A.,22.49232983,114.1395573,govt-led,FY rule: pre-Application-List era (List began Apr 1999),,,,,,,,,,,,,,,,,,,,Fanling Town Center | Fanling Town Center (residential units and/or car parking spaces) | Fanling Town Center (residential units),APPROVAL OF DEED OF MUTUAL COVENANT AND MANAGEMENT AGREEMENT | CONSENT TO ASSIGN FOR RESIDENTIAL DEVELOPMENT | CONSENT TO SELL,Named development,
1988-1989,17/03/1989,,STTL 306,MA ON SHAN,R1,residential,3359,9.26,,high,,,SHA TIN TOWN LOT NO. 306,N.A.,N.A.,N.A. | N.A. | N.A.,22.42273595,114.2325598,govt-led,FY rule: pre-Application-List era (List began Apr 1999),,,,,,,,,,,,,,,,,,,,Sunshine City | Sunshine City (residential units and/or car parking spaces),APPROVAL OF DEED OF MUTUAL COVENANT AND MANAGEMENT AGREEMENT | CONSENT TO SELL,Named development,All shops on G/F
1988-1989,17/03/1989,,STTL 307,MA ON SHAN,C/R,commercial_residential_mixed,27290,137.84,,high,,,SHA TIN TOWN LOT NO. 307,N.A.,N.A.,N.A. | N.A. | N.A.,22.42409084,114.2316279,govt-led,FY rule: pre-Application-List era (List began Apr 1999),,,,,,,,,,,,,,,,,,,,,,No consent,
1988-1989,23/03/1989,tender,TPTL 71,AREA 6 - KCR STATION,PSPS,residential,11498,98,,high,,,TAI PO TOWN LOT NO. 71,N.A.,N.A.,N.A. | N.A. | N.A.,22.44442745,114.1676066,govt-led,FY rule: pre-Application-List era (List began Apr 1999),,,,,,,,,,,,,,,,,,,,,,No consent,
1988-1989,28/03/1989,auction,NKIL 6019,WANG HOI RD./LAM HING ST.,I,industrial,2520,220,,high,,,,,,,,,govt-led,FY rule: pre-Application-List era (List began Apr 1999),,,,,,,,,,,,,,,,,,,,,,No consent,
1988-1989,28/03/1989,auction,FSSTL 48,GL IN SHEUNG SHUI AREA 4B,I,industrial,2881,41,,high,,,FANLING SHEUNG SHUI TOWN LOT NO. 48,N.A.,N.A.,N.A. | N.A. | N.A.,22.50769969,114.1214088,govt-led,FY rule: pre-Application-List era (List began Apr 1999),,,,,,,,,,,,,,,,,,,,,,No consent,
1988-1989,28/03/1989,auction,TPTL 66,TAI PO OLD MARKET,R1,residential,22150,700,,high,,,TAI PO TOWN LOT NO. 66,N.A.,N.A.,N.A. | N.A. | N.A.,22.453927,114.1613105,govt-led,FY rule: pre-Application-List era (List began Apr 1999),,,,,,,,,,,,,,,,,,,,"Serenity Park | Serenity Park (Unit E on 1/F, Block 12) | Serenity Park (units in Block 1) | Serenity Park (units in Block 15) | Serenity Park (units in Block 7) | Serenity Park (units in Blocks 1 & 15) | Serenity Park Phase 1 (units in Block 11) | Serenity Park Phase 1 (units in Block 8)",CONSENT TO SELL,Named development,N.A.
1988-1989,28/03/1989,auction,KCTL 405,TAI WO TSUEN,R3,residential,11100,285,,high,,,KWAI CHUNG TOWN LOT NO. 405,N.A.,N.A.,N.A. | N.A. | N.A.,22.35122821,114.1379446,govt-led,FY rule: pre-Application-List era (List began Apr 1999),,,,,,,,,,,,,,,,,,,,,,No consent,
1988-1989,30/03/1989,tender,TPTL 102,YIM TIN TSAI,OU,special_use_other,10750,141.8,,high,,,TAI PO TOWN LOT NO. 102,N.A.,N.A.,N.A. | N.A. | N.A.,22.45928957,114.2038257,govt-led,FY rule: pre-Application-List era (List began Apr 1999),,,,,,,,,,,,,,,,,,,,,,No consent,
1989-1990,29/05/1989,auction,FSSTL 50,GL IN SHEUNG SHUI AREA 4B,I,industrial,5911,86,,high,,,FANLING SHEUNG SHUI TOWN LOT NO. 50,N.A.,N.A.,N.A. | N.A. | N.A.,22.50662004,114.1223606,govt-led,FY rule: pre-Application-List era (List began Apr 1999),,,,,,,,,,,,,,,,,,,,Cambridge Plaza (units),CONSENT TO SELL,Named development,
1989-1990,29/05/1989,auction,STTL 250,SUI WO RD,R4,residential,960,4.6,,high,,,SHA TIN TOWN LOT NO. 250,N.A.,N.A.,N.A. | N.A. | N.A.,22.39487706,114.1881394,govt-led,FY rule: pre-Application-List era (List began Apr 1999),,,,,,,,,,,,,,,,,,,,,,No consent,
1989-1990,29/05/1989,auction,CWIL 138,J/O KA YIP ST/WING TAI RD,I,industrial,2412,105,,high,,,,,,,,,govt-led,FY rule: pre-Application-List era (List began Apr 1999),,,,,,,,,,,,,,,,,,,,,,No consent,
1989-1990,30/05/1989,tender,LOT 647 in PENG CHAU,PENG CHAU,I,industrial,3330,3.87,,high,,,LOT 647 IN PENG CHAU,N.A.,N.A.,N.A. | N.A. | N.A.,22.28885383,114.0355571,govt-led,FY rule: pre-Application-List era (List began Apr 1999),,,,,,,,,,,,,,,,,,,,,,No consent,
1989-1990,27/06/1989,tender,LOT 1791 in CHEUNG CHAU,"KIN SAN LANE, CHEUNG CHAU",V,residential,65,1.16,,high,,,LOT 1791 IN CHEUNG CHAU,N.A.,N.A.,N.A. | N.A. | N.A.,22.20572388,114.0278052,govt-led,FY rule: pre-Application-List era (List began Apr 1999),,,,,,,,,,,,,,,,,,,,,,No consent,
1989-1990,25/07/1989,auction,FSSTL 52,FANLING AREA 29A,R2,residential,7330,88,,high,,,FANLING SHEUNG SHUI TOWN LOT NO. 52,N.A.,N.A.,N.A. | N.A. | N.A.,22.49580459,114.1319373,govt-led,FY rule: pre-Application-List era (List began Apr 1999),,,,,,,,,,,,,,,,,,,,Cheerful Park | Cheerful Park (units in Blocks 1-4),APPROVAL OF DEED OF MUTUAL COVENANT AND MANAGEMENT AGREEMENT | CONSENT TO SELL,Named development,
1989-1990,25/07/1989,auction,FSSTL 97,GL IN AREA 4B SHEUNG SHUI,I,industrial,3041,35,,high,,,FANLING SHEUNG SHUI TOWN LOT NO. 97,N.A.,N.A.,N.A. | N.A. | N.A.,22.50707159,114.1224674,govt-led,FY rule: pre-Application-List era (List began Apr 1999),,,,,,,,,,,,,,,,,,,,,,No consent,
1989-1990,25/07/1989,auction,TPTL 68,YIM TIN TSAI,R3,residential,2906,10.4,,high,,,TAI PO TOWN LOT NO. 68,N.A.,N.A.,N.A. | N.A. | N.A.,22.45709313,114.214114,govt-led,FY rule: pre-Application-List era (List began Apr 1999),,,,,,,,,,,,,,,,,,,,Springdale Garden | Springdale Garden (residential units and car parking spaces),APPROVAL OF DEED OF MUTUAL COVENANT AND MANAGEMENT AGREEMENT | CONSENT TO SELL,Named development,
1989-1990,26/07/1989,tender,IL 8888,GARDEN RD,C,commercial,8546,2700,,high,,,INLAND LOT NO. 8888,N.A.,N.A.,N.A. | N.A. | N.A.,22.27858995,114.1608739,govt-led,FY rule: pre-Application-List era (List began Apr 1999),,,,,,,,,,,,,,,,,,,,Citibank Plaza,APPROVAL OF DEED OF MUTUAL COVENANT AND MANAGEMENT AGREEMENT | APPROVAL OF SUPPLEMENTAL DEED OF MUTUAL COVENANT AND MANAGEMENT AGREEMENT,Named development,
1989-1990,2/8/1989,tender,STTL 326,"SITE 8, MA ON SHAN",PSPS,residential,3951,41,,high,,,SHA TIN TOWN LOT NO. 326,N.A.,N.A.,N.A. | N.A. | N.A.,22.42483971,114.2335611,govt-led,FY rule: pre-Application-List era (List began Apr 1999),,,,,,,,,,,,,,,,,,,,Fu Fai Garden | Fu Fai Garden (Commercial units) | Fu Fai Garden (residential units of Blocks 1 & 2) | Fu Fai Garden (residential units),APPROVAL OF DEED OF MUTUAL COVENANT AND MANAGEMENT AGREEMENT | APPROVAL OF SUB-DEED OF MUTUAL COVENANT | CONSENT TO ASSIGN FOR RESIDENTIAL DEVELOPMENT | CONSENT TO SELL FOR COMMERCIAL DEVELOPMENT | CONSENT TO SELL FOR RESIDENTIAL DEVELOPMENT,Named development,
1989-1990,17/08/1989,auction,FSSTL 83,FANLING AREA 29B,R3,residential,7778,35,,high,,,FANLING SHEUNG SHUI TOWN LOT NO. 83,N.A.,N.A.,N.A. | N.A. | N.A.,22.49499169,114.1313739,govt-led,FY rule: pre-Application-List era (List began Apr 1999),,,,,,,,,,,,,,,,,,,,Glamour Garden,,Named development,N.A.
1989-1990,17/08/1989,auction,FSSTL 98,ON LOK TSUEN,I,industrial,1295,15.3,,high,,,FANLING SHEUNG SHUI TOWN LOT NO. 98,N.A.,N.A.,N.A. | N.A. | N.A.,22.4953738,114.1428316,govt-led,FY rule: pre-Application-List era (List began Apr 1999),,,,,,,,,,,,,,,,,,,,,,No consent,
1989-1990,17/08/1989,auction,TMTL 323,"AREA 44, TUEN MUN",R2,residential,21090,380,,high,,,TUEN MUN TOWN LOT NO. 323,N.A.,N.A.,N.A. | N.A. | N.A.,22.37188123,113.9709631,govt-led,FY rule: pre-Application-List era (List began Apr 1999),,,,,,,,,,,,,,,,,,,,,,No consent,
1989-1990,11/9/1989,auction,NKIL 6115,"LAM LOK ST, KOWLOON BAY",C,commercial,6300,370,,high,,,,,,,,,govt-led,FY rule: pre-Application-List era (List began Apr 1999),,,,,,,,,,,,,,,,,,,,Enterprise Square | Enterprise Square (those units as indicated on a list attached to the consent letter) (Note: List amended by a letter dated 12/5/1992) | Enterprise Square (units of Towers 1-3),APPROVAL OF DEED OF MUTUAL COVENANT AND MANAGEMENT AGREEMENT | CONSENT TO ASSIGN | CONSENT TO SELL FOR COMMERCIAL DEVELOPMENT,Named development,
1989-1990,11/9/1989,auction,FSSTL 100,ON LOK TSUEN,I,industrial,1707,20.6,,high,,,FANLING SHEUNG SHUI TOWN LOT NO. 100,N.A.,N.A.,N.A. | N.A. | N.A.,22.49877006,114.147068,govt-led,FY rule: pre-Application-List era (List began Apr 1999),,,,,,,,,,,,,,,,,,,,,,No consent,
1989-1990,11/9/1989,auction,STTL 340,"SITE 22, AREA 11, SHA TIN",I,industrial,4773,188,,high,,,SHA TIN TOWN LOT NO. 340,N.A.,N.A.,N.A. | N.A. | N.A.,22.39020587,114.2070072,govt-led,FY rule: pre-Application-List era (List began Apr 1999),,,,,,,,,,,,,,,,,,,,,,No consent,
1989-1990,7/10/1989,,FSSTL 54,FANLING AREA 28A,R1,residential,3181,26.62,,high,,,FANLING SHEUNG SHUI TOWN LOT NO. 54,N.A.,N.A.,N.A. | N.A. | N.A.,22.4977087,114.1274954,govt-led,FY rule: pre-Application-List era (List began Apr 1999),,,,,,,,,,,,,,,,,,,,Venice Garden,APPROVAL OF DEED OF MUTUAL COVENANT AND MANAGEMENT AGREEMENT,Named development,
1989-1990,7/10/1989,,STTL 308,MA ON SHAN,R1,residential,3039,24.88,,high,,,SHA TIN TOWN LOT NO. 308,N.A.,N.A.,N.A. | N.A. | N.A.,22.42381024,114.2335413,govt-led,FY rule: pre-Application-List era (List began Apr 1999),,,,,,,,,,,,,,,,,,,,Sunshine City | Sunshine City (residential units in Blocks C & D and/or car parking spaces),APPROVAL OF DEED OF MUTUAL COVENANT AND MANAGEMENT AGREEMENT | CONSENT TO SELL,Named development,All shops
1989-1990,7/10/1989,,TMTL 333,"AREA 28A, TUEN MUN",C/R,commercial_residential_mixed,8400,34.26,,high,,,TUEN MUN TOWN LOT NO. 333,N.A.,N.A.,N.A. | N.A. | N.A.,22.37306468,113.9643297,govt-led,FY rule: pre-Application-List era (List began Apr 1999),,,,,,,,,,,,,,,,,,,,Richland Garden,APPROVAL OF SUB-DEED OF MUTUAL COVENANT AND MANAGEMENT AGREEMENT,Named development,
1989-1990,25/10/1989,auction,NKIL 5853,WAI YIP ST/LAM HING ST,G,institutional_public,3803,200,,high,,,,,,,,,govt-led,FY rule: pre-Application-List era (List began Apr 1999),,,,,,,,,,,,,,,,,,,,Metro Centre II (units and car parking spaces),CONSENT TO SELL,Named development,
1989-1990,25/10/1989,auction,FSSTL 51,FANLING AREA 29A,R2,residential,5915,100,,high,,,FANLING SHEUNG SHUI TOWN LOT NO. 51,N.A.,N.A.,N.A. | N.A. | N.A.,22.49601193,114.1306642,govt-led,FY rule: pre-Application-List era (List began Apr 1999),,,,,,,,,,,,,,,,,,,,Vienna Garden | Vienna Gardens,APPROVAL OF DEED OF MUTUAL COVENANT AND MANAGEMENT AGREEMENT,Named development,N.A.
1989-1990,25/10/1989,auction,TPTL 103,TING KOK RD,I,industrial,1618,43,,high,,,TAI PO TOWN LOT NO. 103,N.A.,N.A.,N.A. | N.A. | N.A.,22.45623017,114.1662748,govt-led,FY rule: pre-Application-List era (List began Apr 1999),,,,,,,,,,,,,,,,,,,,Tai Ping Industrial Centre (units and car parking spaces in Block 4),CONSENT TO SELL FOR INDUSTRIAL/GODOWN DEVELOPMENT,Named development,
1989-1990,3/11/1989,tender,TMTL 338,"AREA 16, TUEN MUN",PSPS,residential,22180,138.1,,high,,,TUEN MUN TOWN LOT NO. 338,N.A.,N.A.,N.A. | N.A. | N.A.,22.38456401,113.9741101,govt-led,FY rule: pre-Application-List era (List began Apr 1999),,,,,,,,,,,,,,,,,,,,Tsui Ning Garden | Tsui Ning Garden (commercial units including kindergarten and car parking spaces) | Tsui Ning Garden (residential units of Blocks 1-6) | Tsui Ning Garden (residential units),APPROVAL OF DEED OF MUTUAL COVENANT AND MANAGEMENT AGREEMENT | CONSENT TO ASSIGN FOR RESIDENTIAL DEVELOPMENT | CONSENT TO SELL | CONSENT TO SELL FOR RESIDENTIAL DEVELOPMENT,Named development,
1989-1990,13/11/1989,tender,LOT 242 in DD 331 LANTAU,NEAR MS5 SOUTH LANTAU RD. LANTAU,R4,residential,2580,1.38,,high,,,"LOT NO. 242 IN DEMARCATION DISTRICT NO. 331, LANTAU",N.A.,N.A.,N.A. | N.A. | N.A.,22.23656679,113.9502865,govt-led,FY rule: pre-Application-List era (List began Apr 1999),,,,,,,,,,,,,,,,,,,,,,No consent,
1989-1990,17/11/1989,tender,IL 8734,MOORSOM RD/CHUN FAI RD,C,commercial,1900,123.8,,high,,,INLAND LOT NO. 8734,N.A.,N.A.,N.A. | N.A. | N.A.,22.27268386,114.1932817,govt-led,FY rule: pre-Application-List era (List began Apr 1999),,,,,,,,,,,,,,,,,,,,,,No consent,
1989-1990,28/11/1989,auction,NKIL 6056,CARPENTER RD,C,commercial,5921,286,,high,,,,,,,,,govt-led,FY rule: pre-Application-List era (List began Apr 1999),,,,,,,,,,,,,,,,,,,,,,No consent,
1989-1990,28/11/1989,auction,FSSTL 95,"AREA 4B, SHEUNG SHUI",I,industrial,3785,37,,high,,,FANLING SHEUNG SHUI TOWN LOT NO. 95,N.A.,N.A.,N.A. | N.A. | N.A.,22.50768564,114.1223991,govt-led,FY rule: pre-Application-List era (List began Apr 1999),,,,,,,,,,,,,,,,,,,,,,No consent,
1989-1990,28/11/1989,auction,TPTL 81,"OFF TING KOK RD, AREA 8",I,industrial,2230,40,,high,,,TAI PO TOWN LOT NO. 81,N.A.,N.A.,N.A. | N.A. | N.A.,22.45753066,114.1681498,govt-led,FY rule: pre-Application-List era (List began Apr 1999),,,,,,,,,,,,,,,,,,,,C & C Building (consent to sell the lot and the building to Altnaharra Ltd) (Note: Approval for changing Altnaharra Ltd to C & C Joint Printing Co (HK) Ltd was given by a letter dated 31/10/1991),CONSENT TO SELL,Named development,
1989-1990,21/12/1989,tender,RBL 3,110-116 PEAK RD,C/R,commercial_residential_mixed,11220,328,,high,,,RURAL BUILDING LOT NO. 3,N.A.,N.A.,N.A. | N.A. | N.A.,22.27039771,114.1499012,govt-led,FY rule: pre-Application-List era (List began Apr 1999),,,,,,,,,,,,,,,,,,,,The Peak Galleria,APPROVAL OF DEED OF MUTUAL COVENANT AND MANAGEMENT AGREEMENT,Named development,
1989-1990,28/12/1989,auction,NKIL 5983,TAT CHEE AVE DEV AREA 2B,R2,residential,27300,1065,,high,,,,,,,,,govt-led,FY rule: pre-Application-List era (List began Apr 1999),,,,,,,,,,,,,,,,,,,,Parc Oasis | Parc Oasis (residential units and car parking spaces of Towers 1-20) | Parc Oasis (residential units in Towers T1-T6),APPROVAL OF DEED OF MUTUAL COVENANT AND MANAGEMENT AGREEMENT | CONSENT TO ASSIGN FOR RESIDENTIAL DEVELOPMENT | CONSENT TO SELL FOR RESIDENTIAL DEVELOPMENT,Named development,
1989-1990,28/12/1989,auction,LOT 345 in DD 252,"TAI MONG TSAI, SAI KUNG",R4,residential,3550,12.1,,high,,,LOT NO. 345 IN DEMARCATION DISTRICT NO. 252,N.A.,N.A.,N.A. | N.A. | N.A.,22.39268428,114.2960094,govt-led,FY rule: pre-Application-List era (List began Apr 1999),,,,,,,,,,,,,,,,,,,,,,No consent,
1989-1990,28/12/1989,auction,STTL 357,"SITE 6, AREA 11, SHA TIN",G,institutional_public,3400,122,,high,,,SHA TIN TOWN LOT NO. 357,N.A.,N.A.,N.A. | N.A. | N.A.,22.38935715,114.2061816,govt-led,FY rule: pre-Application-List era (List began Apr 1999),,,,,,,,,,,,,,,,,,,,Activa Building | Activa Building (units),APPROVAL OF DEED OF MUTUAL COVENANT AND MANAGEMENT AGREEMENT | CONSENT TO SELL,Named development,
1989-1990,4/1/1990,tender,TYTL 116,"AREA 1, TSING YI",PSPS,residential,9860,56.88,,high,,,TSING YI TOWN LOT NO. 116,N.A.,N.A.,N.A. | N.A. | N.A.,22.35388221,114.1078674,govt-led,FY rule: pre-Application-List era (List began Apr 1999),,,,,,,,,,,,,,,,,,,,Serene Garden | Serene Garden (Shopping Arcade of the Commercial Block) | Serene Garden (commercial units and car parking spaces) | Serene Garden (residential units),APPROVAL OF DEED OF MUTUAL COVENANT AND MANAGEMENT AGREEMENT | APPROVAL OF SUB-DEED OF MUTUAL COVENANT | APPROVAL OF SUB-SUB-DEED OF MUTUAL COVENANT AND MANAGEMENT AGREEMENT | CONSENT TO SELL FOR COMMERCIAL DEVELOPMENT | CONSENT TO SELL FOR RESIDENTIAL DEVELOPMENT,Named development,
1989-1990,23/01/1990,auction,NKIL 5971,WAI YIP ST/WANG HOI RD,C,commercial,2941,238,,high,,,,,,,,,govt-led,FY rule: pre-Application-List era (List began Apr 1999),,,,,,,,,,,,,,,,,,,,Telford House,CONSENT TO SELL,Named development,
1989-1990,23/01/1990,auction,HHIL 545,GL AT MAN LOK ST,G,institutional_public,5220,200,,high,,,HUNG HOM INLAND LOT NO. 545,N.A.,N.A.,N.A. | N.A. | N.A.,22.30926725,114.189763,govt-led,FY rule: pre-Application-List era (List began Apr 1999),,,,,,,,,,,,,,,,,,,,Man Lok Godown Centre (godown units and car parking spaces),CONSENT TO SELL FOR INDUSTRIAL/GODOWN DEVELOPMENT,Named development,
1989-1990,23/01/1990,auction,LOT 783 in DD 216,"SHA HA, SAI KUNG",R3,residential,1282,8,,high,,,LOT NO. 783 IN DEMARCATION DISTRICT NO. 216,N.A.,N.A.,N.A. | N.A. | N.A.,22.3912697,114.2744886,govt-led,FY rule: pre-Application-List era (List began Apr 1999),,,,,,,,,,,,,,,,,,,,,,No consent,
1989-1990,23/01/1990,auction,YLTL 385,TUNG TAU INDUSTRIAL AREA,I,industrial,2382,20,,high,,,YUEN LONG TOWN LOT NO. 385,N.A.,N.A.,N.A. | N.A. | N.A.,22.44967949,114.029595,govt-led,FY rule: pre-Application-List era (List began Apr 1999),,,,,,,,,,,,,,,,,,,,Wang Yip Centre,APPROVAL OF DEED OF MUTUAL COVENANT AND MANAGEMENT AGREEMENT,Named development,
1989-1990,2/3/1990,tender,FSSTL 94,"NEAR KCR STATION, SHEUNG SHUI",C,commercial,5433,70,,high,,,FANLING SHEUNG SHUI TOWN LOT NO. 94,N.A.,N.A.,N.A. | N.A. | N.A.,22.50257618,114.1278338,govt-led,FY rule: pre-Application-List era (List began Apr 1999),,,,,,,,,,,,,,,,,,,,Landmark North,APPROVAL OF DEED OF MUTUAL COVENANT AND MANAGEMENT AGREEMENT,Named development,
1989-1990,2/3/1990,,STTL 363,"SITE 3, MA ON SHAN TOWN CENTRE",R1,residential,7199,24.57,,high,,,SHA TIN TOWN LOT NO. 363,N.A.,N.A.,N.A. | N.A. | N.A.,22.42240209,114.2317923,govt-led,FY rule: pre-Application-List era (List began Apr 1999),,,,,,,,,,,,,,,,,,,,"Sunshine City | Sunshine City (residential units in Blocks N, P, Q & R and car parking spaces)",APPROVAL OF DEED OF MUTUAL COVENANT AND MANAGEMENT AGREEMENT | CONSENT TO SELL,Named development,
1989-1990,2/3/1990,,STTL 364,PAI TAU ST.,C,commercial,8463,72.48,,high,,,SHA TIN TOWN LOT NO. 364,N.A.,N.A.,N.A. | N.A. | N.A.,22.38554856,114.1877793,govt-led,FY rule: pre-Application-List era (List began Apr 1999),,,,,,,,,,,,,,,,,,,,,,No consent,
1989-1990,2/3/1990,,YLTL 472,"FUNG CHEUNG ST / FUNG HEUNG ST, YUEN LONG",R1,residential,1000,12.8,,high,,,YUEN LONG TOWN LOT NO. 472,N.A.,N.A.,N.A. | N.A. | N.A.,22.44215073,114.0324978,govt-led,FY rule: pre-Application-List era (List began Apr 1999),,,,,,,,,,,,,,,,,,,,Kin Fai Building | Kin Fai Building (units),APPROVAL OF DEED OF MUTUAL COVENANT AND MANAGEMENT AGREEMENT | CONSENT TO SELL,Named development,
1989-1990,9/3/1990,tender,FSSTL 57-DD 91,GL IN SHEUNG SHUI AREA 7A,PSPS,residential,9732,52.9,,high,,,FANLING SHEUNG SHUI TOWN LOT NO. 57,N.A.,N.A.,N.A. | N.A. | N.A.,22.50170152,114.1322561,govt-led,FY rule: pre-Application-List era (List began Apr 1999),,,,,,,,,,,,,,,,,,,,Sunningdale Garden | Sunningdale Garden (Commercial Units and Car Parking Spaces) | Sunningdale Garden (residential units of Blocks 1-4) | Sunningdale Garden (residential units),APPROVAL OF DEED OF MUTUAL COVENANT AND MANAGEMENT AGREEMENT | CONSENT TO ASSIGN FOR RESIDENTIAL DEVELOPMENT | CONSENT TO SELL | CONSENT TO SELL FOR RESIDENTIAL DEVELOPMENT,Named development,
1989-1990,9/3/1990,tender,STTL 334,"SITE 12, AREA 100",PSPS,residential,5300,73,,high,,,SHA TIN TOWN LOT NO. 334,N.A.,N.A.,N.A. | N.A. | N.A.,22.42479611,114.2289376,govt-led,FY rule: pre-Application-List era (List began Apr 1999),,,,,,,,,,,,,,,,,,,,Fok On Garden | Fok On Garden (Commercial development) | Fok On Garden (Commercial units and Car Parks) | Fok On Garden (residential units),APPROVAL OF DEED OF MUTUAL COVENANT AND MANAGEMENT AGREEMENT | APPROVAL OF SUB-DEED OF MUTUAL COVENANT | CONSENT TO ASSIGN FOR RESIDENTIAL DEVELOPMENT | CONSENT TO SELL | CONSENT TO SELL FOR RESIDENTIAL DEVELOPMENT,Named development,
1989-1990,17/03/1990,tender,STTL 218,"MEI WO CIRCUIT, SHA TIN",R4,residential,949,2.68,,high,,,SHA TIN TOWN LOT NO. 218,N.A.,N.A.,N.A. | N.A. | N.A.,22.39388372,114.1878868,govt-led,FY rule: pre-Application-List era (List began Apr 1999),,,,,,,,,,,,,,,,,,,,,,No consent,
1989-1990,23/03/1990,auction,LOT 1196 in DD 253,"RAZOR HILL, SAI KUNG",R3,residential,4575,31,,high,,,LOT NO. 1196 IN DEMARCATION DISTRICT NO. 253,N.A.,N.A.,N.A. | N.A. | N.A.,22.33973042,114.2478838,govt-led,FY rule: pre-Application-List era (List began Apr 1999),,,,,,,,,,,,,,,,,,,,Kambridge Garden | Kambridge Garden (residential units and the car parking spaces),APPROVAL OF DEED OF MUTUAL COVENANT AND MANAGEMENT AGREEMENT | CONSENT TO SELL,Named development,
1989-1990,23/03/1990,auction,LOT 789 in DD 216,"SHA HA, SAI KUNG",R3,residential,1860,10.5,,high,,,LOT NO. 789 IN DEMARCATION DISTRICT NO. 216,N.A.,N.A.,N.A. | N.A. | N.A.,22.39063955,114.2748282,govt-led,FY rule: pre-Application-List era (List began Apr 1999),,,,,,,,,,,,,,,,,,,,,,No consent,
1989-1990,23/03/1990,auction,STTL 327,"SITE 7, AREA 11, SHATIN",I,industrial,3380,145,,high,,,SHA TIN TOWN LOT NO. 327,N.A.,N.A.,N.A. | N.A. | N.A.,22.3896551,114.2064633,govt-led,FY rule: pre-Application-List era (List began Apr 1999),,,,,,,,,,,,,,,,,,,,,,No consent,
1989-1990,23/03/1990,auction,TMTL 347,"AREA 2A, TUEN MUN",R1,residential,4949,117,,high,,,TUEN MUN TOWN LOT NO. 347,N.A.,N.A.,N.A. | N.A. | N.A.,22.40740401,113.9685411,govt-led,FY rule: pre-Application-List era (List began Apr 1999),,,,,,,,,,,,,,,,,,,,Venice Gardens | Venice Gardens (non-residential units) | Venice Gardens (residential units of Blocks 1 & 2) | Venice Gardens (residential units),APPROVAL OF DEED OF MUTUAL COVENANT AND MANAGEMENT AGREEMENT | CONSENT TO ASSIGN FOR RESIDENTIAL DEVELOPMENT | CONSENT TO SELL | CONSENT TO SELL FOR RESIDENTIAL DEVELOPMENT,Named development,
1990-1991,22/06/1990,auction,FSSTL 82,FANLING AREA 29B,R3,residential,4841,26,,high,,,FANLING SHEUNG SHUI TOWN LOT NO. 82,N.A.,N.A.,N.A. | N.A. | N.A.,22.49524418,114.130091,govt-led,FY rule: pre-Application-List era (List began Apr 1999),,,,,,,,,,,,,,,,,,,,Eden Garden | Eden Garden (residential units and /or car parking spaces),APPROVAL OF DEED OF MUTUAL COVENANT AND MANAGEMENT AGREEMENT | CONSENT TO SELL,Named development,
1990-1991,22/06/1990,auction,TMTL 346,"AREA 2A, TUEN MUN",R1,residential,8400,201,,high,,,TUEN MUN TOWN LOT NO. 346,N.A.,N.A.,N.A. | N.A. | N.A.,22.4081085,113.9686275,govt-led,FY rule: pre-Application-List era (List began Apr 1999),,,,,,,,,,,,,,,,,,,,Blossom Garden | Blossom Garden (residential units of Blocks 1-3),APPROVAL OF DEED OF MUTUAL COVENANT AND MANAGEMENT AGREEMENT | CONSENT TO SELL FOR RESIDENTIAL DEVELOPMENT,Named development,
1990-1991,22/06/1990,auction,IL 8740,HOI YU ST,G,institutional_public,2900,130,,high,,,INLAND LOT NO. 8740,N.A.,N.A.,N.A. | N.A. | N.A.,22.29146498,114.2102368,govt-led,FY rule: pre-Application-List era (List began Apr 1999),,,,,,,,,,,,,,,,,,,,Eastern Harbour Centre (units and car parking spaces),CONSENT TO SELL,Named development,
1990-1991,18/07/1990,tender,LOT 1795 in CHEUNG CHAU,"CHUNG HING SAN ST, CHEUNG CHAU",V,residential,65,1.5,,high,,,LOT 1795 IN CHEUNG CHAU,N.A.,N.A.,N.A. | N.A. | N.A.,22.2053013,114.0271976,govt-led,FY rule: pre-Application-List era (List began Apr 1999),,,,,,,,,,,,,,,,,,,,,,No consent,
1990-1991,21/08/1990,auction,FSSTL 46,ON LOK TSUEN,I,industrial,2476,33,,high,,,FANLING SHEUNG SHUI TOWN LOT NO. 46,N.A.,N.A.,N.A. | N.A. | N.A.,22.50035937,114.1468247,govt-led,FY rule: pre-Application-List era (List began Apr 1999),,,,,,,,,,,,,,,,,,,,Kerry Godown (Fanling I) (consent to sell and assign the lot to Clavell Co Ltd),CONSENT TO ASSIGN,Named development,
1990-1991,21/08/1990,auction,TMTL 345,"AREA 2A, TUEN MUN",R1,residential,6700,169,,high,,,TUEN MUN TOWN LOT NO. 345,N.A.,N.A.,N.A. | N.A. | N.A.,22.40855883,113.9677042,govt-led,FY rule: pre-Application-List era (List began Apr 1999),,,,,,,,,,,,,,,,,,,,Goodrich Garden | Goodrich Garden (non-residential units of the Commercial Podium and Car Parking Spaces) | Goodrich Garden (residential units of Towers 1 & 2 and Car Parking Spaces),APPROVAL OF DEED OF MUTUAL COVENANT AND MANAGEMENT AGREEMENT | CONSENT TO SELL,Named development,
1990-1991,25/09/1990,auction,FSSTL 117,"AREA 4B, SHEUNG SHUI",I,industrial,929,10.35,,high,,,FANLING SHEUNG SHUI TOWN LOT NO. 117,N.A.,N.A.,N.A. | N.A. | N.A.,22.50710792,114.1230797,govt-led,FY rule: pre-Application-List era (List began Apr 1999),,,,,,,,,,,,,,,,,,,,,,No consent,
1990-1991,25/09/1990,auction,STTL 373,"ON MUK ST, SHATIN",G,institutional_public,3250,96,,high,,,SHA TIN TOWN LOT NO. 373,N.A.,N.A.,N.A. | N.A. | N.A.,22.38828869,114.207318,govt-led,FY rule: pre-Application-List era (List began Apr 1999),,,,,,,,,,,,,,,,,,,,,,No consent,
1990-1991,23/10/1990,auction,KIL 10985,GL AT SUNG ON ST,C,commercial,4971,155,,high,,,,,,,,,govt-led,FY rule: pre-Application-List era (List began Apr 1999),,,,,,,,,,,,,,,,,,,,Peninsula Square | Peninsula Square (commercial shop units and car parking spaces),APPROVAL OF DEED OF MUTUAL COVENANT | CONSENT TO SELL FOR COMMERCIAL DEVELOPMENT,Named development,
1990-1991,23/10/1990,auction,LOT 236 in 229,"DD CLEARWATER BAY RD, SAI KUNG",R4,residential,1860,8.3,,high,,,,,,,,,govt-led,FY rule: pre-Application-List era (List began Apr 1999),,,,,,,,,,,,,,,,,,,,,,No consent,
1990-1991,23/10/1990,auction,STTL 328,"SITE 8, AREA 11, SHATIN",G,institutional_public,3050,80,,high,,,SHA TIN TOWN LOT NO. 328,N.A.,N.A.,N.A. | N.A. | N.A.,22.38876874,114.2067788,govt-led,FY rule: pre-Application-List era (List began Apr 1999),,,,,,,,,,,,,,,,,,,,,,No consent,
1990-1991,30/10/1990,tender,TYTL 117,TSING YI RD WEST,PFS,petrol_or_ev,1480,35.4,,high,,,TSING YI TOWN LOT NO. 117,N.A.,N.A.,N.A. | N.A. | N.A.,22.35557153,114.0995197,govt-led,FY rule: pre-Application-List era (List began Apr 1999),,,,,,,,,,,,,,,,,,,,,,No consent,
1990-1991,30/10/1990,tender,TYTL 125,TSING YI RD WEST,PFS,petrol_or_ev,2110,42.1,,high,,,TSING YI TOWN LOT NO. 125,N.A.,N.A.,N.A. | N.A. | N.A.,22.35493773,114.0991983,govt-led,FY rule: pre-Application-List era (List began Apr 1999),,,,,,,,,,,,,,,,,,,,,,No consent,
1990-1991,19/11/1990,,STTL 381,"AREA 100, MA ON SHAN",R1,residential,12700,74.27,,high,,,SHA TIN TOWN LOT NO. 381,N.A.,N.A.,N.A. | N.A. | N.A.,22.4258513,114.2330273,govt-led,FY rule: pre-Application-List era (List began Apr 1999),,,,,,,,,,,,,,,,,,,,Ma On Shan Centre | Ma On Shan Centre (residential units and car parking spaces),APPROVAL OF DEED OF MUTUAL COVENANT | APPROVAL OF MANAGEMENT AGREEMENT | CONSENT TO SELL FOR RESIDENTIAL DEVELOPMENT,Named development,N.A.
1990-1991,19/11/1990,,STTL 377,GL NEAR PAK TIN ST,R2,residential,5600,27.07,,high,,,SHA TIN TOWN LOT NO. 377,N.A.,N.A.,N.A. | N.A. | N.A.,22.37819802,114.1724369,govt-led,FY rule: pre-Application-List era (List began Apr 1999),,,,,,,,,,,,,,,,,,,,Park View Garden | Park View Garden (units),APPROVAL OF DEED OF MUTUAL COVENANT AND MANAGEMENT AGREEMENT | CONSENT TO SELL,Named development,
1990-1991,22/11/1990,auction,NKIL 6144,SHAM SHUI PO CAMP,C,commercial,7198,280,,high,,,,,,,,,govt-led,FY rule: pre-Application-List era (List began Apr 1999),,,,,,,,,,,,,,,,,,,,Dragon Centre,APPROVAL OF DEED OF MUTUAL COVENANT AND MANAGEMENT AGREEMENT,Named development,
1990-1991,22/11/1990,auction,FSSTL 53,FANLING AREA 29A,R2,residential,12670,256,,high,,,FANLING SHEUNG SHUI TOWN LOT NO. 53,N.A.,N.A.,N.A. | N.A. | N.A.,22.4954437,114.1331522,govt-led,FY rule: pre-Application-List era (List began Apr 1999),,,,,,,,,,,,,,,,,,,,Greenpark Villa | Greenpark Villa (residential units and /or car parking spaces),APPROVAL OF DEED OF MUTUAL COVENANT AND MANAGEMENT AGREEMENT | CONSENT TO SELL,Named development,
1990-1991,22/11/1990,auction,STTL 378,LOWER SHING MUN BUNGALOWS,R3,residential,16305,105,,high,,,SHA TIN TOWN LOT NO. 378,N.A.,N.A.,N.A. | N.A. | N.A.,22.3706754,114.1678445,govt-led,FY rule: pre-Application-List era (List began Apr 1999),,,,,,,,,,,,,,,,,,,,Cheerful Garden (Lakeview Garden) | Cheerful Garden (Lakeview Garden) (residential units and car parking spaces),APPROVAL OF DEED OF MUTUAL COVENANT | APPROVAL OF MANAGEMENT AGREEMENT | CONSENT TO SELL,Named development,
1990-1991,22/11/1990,,KCTL 433,KAU WA KENG,R1,residential,2080,5.57,,high,,,KWAI CHUNG TOWN LOT NO. 433,N.A.,N.A.,N.A. | N.A. | N.A.,22.34290153,114.1358986,govt-led,FY rule: pre-Application-List era (List began Apr 1999),,,,,,,,,,,,,,,,,,,,Wah Fung Garden | Wah Fung Garden (residential units and carparking spaces),APPROVAL OF DEED OF MUTUAL COVENANT | APPROVAL OF MANAGEMENT AGREEMENT | CONSENT TO SELL,Named development,
1990-1991,11/12/1990,auction,NKIL 6145,LAM WAH ST,C,commercial,5194,184,,high,,,,,,,,,govt-led,FY rule: pre-Application-List era (List began Apr 1999),,,,,,,,,,,,,,,,,,,,Nan Fung Commercial Centre (units and car parking spaces except the Public Car Park),CONSENT TO SELL,Named development,
1990-1991,11/12/1990,auction,STTL 372,ON SUM ST,I,industrial,4724,125,,high,,,SHA TIN TOWN LOT NO. 372,N.A.,N.A.,N.A. | N.A. | N.A.,22.39063022,114.2074249,govt-led,FY rule: pre-Application-List era (List began Apr 1999),,,,,,,,,,,,,,,,,,,,New Trade Plaza | New Trade Plaza (units),APPROVAL OF DEED OF MUTUAL COVENANT AND MANAGEMENT AGREEMENT | CONSENT TO SELL,Named development,
1990-1991,11/12/1990,auction,TPTL 112,"AREA 6, SITE C",R2,residential,9820,197,,high,,,TAI PO TOWN LOT NO. 112,N.A.,N.A.,N.A. | N.A. | N.A.,22.44198875,114.1614089,govt-led,FY rule: pre-Application-List era (List began Apr 1999),,,,,,,,,,,,,,,,,,,,Classical Gardens | Classical Gardens (units),APPROVAL OF DEED OF MUTUAL COVENANT AND MANAGEMENT AGREEMENT | CONSENT TO SELL,Named development,
1990-1991,11/12/1990,auction,CWIL 144,ON YIP ST,I,industrial,2383,104,,high,,,,,,,,,govt-led,FY rule: pre-Application-List era (List began Apr 1999),,,,,,,,,,,,,,,,,,,,Eight Commercial Tower (units and car parking spaces),CONSENT TO SELL,Named development,
1990-1991,4/1/1991,tender,CWIL 146,SIU SAI WAN BARRACK,PSPS,residential,32800,540,,high,,,,,,,,,govt-led,FY rule: pre-Application-List era (List began Apr 1999),,,,,,,,,,,,,,,,,,,,"Fullview Garden | Fullview Garden (Commercial Centre) | Fullview Garden (commercial units, car parking spaces and the kindergarten) | Fullview Garden (residential units)",APPROVAL OF DEED OF MUTUAL COVENANT | APPROVAL OF MANAGEMENT AGREEMENT | APPROVAL OF SUB-DEED OF MUTUAL COVENANT | CONSENT TO ASSIGN | CONSENT TO SELL | CONSENT TO SELL FOR RESIDENTIAL DEVELOPMENT,Named development,
1990-1991,10/1/1991,tender,IL 8799,SAI WAN HO RECLAMATION,PFS,petrol_or_ev,112,15.5,,high,,,INLAND LOT NO. 8799,N.A.,N.A.,N.A. | N.A. | N.A.,22.28473072,114.2253066,govt-led,FY rule: pre-Application-List era (List began Apr 1999),,,,,,,,,,,,,,,,,,,,,,No consent,
1990-1991,10/1/1991,tender,IL 8800,SAI WAN HO RECLAMATION,PFS,petrol_or_ev,112,11.5,,high,,,INLAND LOT NO. 8800,N.A.,N.A.,N.A. | N.A. | N.A.,22.28449785,114.2250522,govt-led,FY rule: pre-Application-List era (List began Apr 1999),,,,,,,,,,,,,,,,,,,,,,No consent,
1990-1991,18/01/1991,auction,TPTL 110,"AREA 6, SITE A",R2,residential,12090,280,,high,,,TAI PO TOWN LOT NO. 110,N.A.,N.A.,N.A. | N.A. | N.A.,22.44234105,114.1625844,govt-led,FY rule: pre-Application-List era (List began Apr 1999),,,,,,,,,,,,,,,,,,,,Classical Gardens (Phase II) - Blocks 1-3 & 5-8,APPROVAL OF DEED OF MUTUAL COVENANT AND MANAGEMENT AGREEMENT | CONSENT TO SELL FOR RESIDENTIAL DEVELOPMENT,Named development,
1990-1991,18/01/1991,auction,TWTL 344,CHEUNG WING RD,I,industrial,15030,147,,high,,,TSUEN WAN TOWN LOT NO. 344,N.A.,N.A.,N.A. | N.A. | N.A.,22.37074211,114.1335796,govt-led,FY rule: pre-Application-List era (List began Apr 1999),,,,,,,,,,,,,,,,,,,,Sun Fung Centre (units),CONSENT TO SELL,Named development,
1990-1991,18/01/1991,auction,IL 8781,"ORMSBY ST, WANCHAI",R1,residential,160,13.2,,high,,,INLAND LOT NO. 8781,N.A.,N.A.,N.A. | N.A. | N.A.,22.27785848,114.192671,govt-led,FY rule: pre-Application-List era (List began Apr 1999),,,,,,,,,,,,,,,,,,,,Rich Building | Rich Building (commercial/residential units),APPROVAL OF DEED OF MUTUAL COVENANT | APPROVAL OF MANAGEMENT AGREEMENT | CONSENT TO SELL,Named development,
1990-1991,8/2/1991,,TKOTL 19,TSEUNG KWAN O,R1,residential,4850,9.7,,high,,,TSEUNG KWAN O TOWN LOT NO. 19,N.A.,N.A.,N.A. | N.A. | N.A.,22.32358987,114.2542526,govt-led,FY rule: pre-Application-List era (List began Apr 1999),,,,,,,,,,,,,,,,,,,,"Finery Park | Finery Park (domestic units, commercial units and the car parking spaces)",APPROVAL OF DEED OF MUTUAL COVENANT AND MANAGEMENT AGREEMENT | APPROVAL OF SUB-DEED OF MUTUAL COVENANT AND MANAGEMENT AGREEMENT | CONSENT TO SELL,Named development,
1990-1991,8/2/1991,tender,STTL 380,"SITE 17, YUEN SHUN CIRCUIT",PFS,petrol_or_ev,1200,39.3,,high,,,SHA TIN TOWN LOT NO. 380,N.A.,N.A.,N.A. | N.A. | N.A.,22.3819816,114.2072752,govt-led,FY rule: pre-Application-List era (List began Apr 1999),,,,,,,,,,,,,,,,,,,,,,No consent,
1990-1991,11/2/1991,auction,FSSTL 45,ON LOK TSUEN,I,industrial,2559,37.3,,high,,,FANLING SHEUNG SHUI TOWN LOT NO. 45,N.A.,N.A.,N.A. | N.A. | N.A.,22.50071161,114.1471259,govt-led,FY rule: pre-Application-List era (List began Apr 1999),,,,,,,,,,,,,,,,,,,,Kerry Godown (Fanling I) (consent to sell and assign the lot to Clavell Co Ltd),CONSENT TO ASSIGN,Named development,
1990-1991,11/2/1991,,FSSTL 113,FANLING AREA 43,C/R,commercial_residential_mixed,17960,308.75,,high,,,FANLING SHEUNG SHUI TOWN LOT NO. 113,N.A.,N.A.,N.A. | N.A. | N.A.,22.48541295,114.1413667,govt-led,FY rule: pre-Application-List era (List began Apr 1999),,,,,,,,,,,,,,,,,,,,Flora Plaza | Flora Plaza (Car Parking Spaces),APPROVAL OF DEED OF MUTUAL COVENANT AND MANAGEMENT AGREEMENT | APPROVAL OF SUB-DEED OF MUTUAL COVENANT | CONSENT TO SELL FOR RESIDENTIAL DEVELOPMENT,Named development,
1990-1991,11/2/1991,auction,LOT 1104 in 215,"DD TUI MIN HOI, SAI KUNG",I,industrial,2850,14,,high,,,,,,,,,govt-led,FY rule: pre-Application-List era (List began Apr 1999),,,,,,,,,,,,,,,,,,,,,,No consent,
1990-1991,12/3/1991,auction,APIL 122,APLEICHAU WEST,I,industrial,4500,60,,high,,,AP LEI CHAU INLAND LOT NO. 122,N.A.,N.A.,N.A. | N.A. | N.A.,22.23903462,114.1525166,govt-led,FY rule: pre-Application-List era (List began Apr 1999),,,,,,,,,,,,,,,,,,,,,,No consent,
1990-1991,12/3/1991,auction,FSSTL 96,"AREA 4B, SHEUNG SHUI",I,industrial,1759,25,,high,,,FANLING SHEUNG SHUI TOWN LOT NO. 96,N.A.,N.A.,N.A. | N.A. | N.A.,22.50653924,114.1237699,govt-led,FY rule: pre-Application-List era (List began Apr 1999),,,,,,,,,,,,,,,,,,,,,,No consent,
1990-1991,12/3/1991,auction,STTL 280,YUEN SHUN CIRCUIT,C,commercial,4100,94,,high,,,SHA TIN TOWN LOT NO. 280,N.A.,N.A.,N.A. | N.A. | N.A.,22.38175333,114.2068403,govt-led,FY rule: pre-Application-List era (List began Apr 1999),,,,,,,,,,,,,,,,,,,,Citimark | Citimark (Common Areas) | Citimark (units and parking spaces),APPROVAL OF DEED OF MUTUAL COVENANT AND MANAGEMENT AGREEMENT | CONSENT TO SELL FOR COMMERCIAL DEVELOPMENT,Named development,
1990-1991,12/3/1991,tender,STTL 352,MA ON SHAN AREA 103,PSPS,residential,43610,588.8,,high,,,SHA TIN TOWN LOT NO. 352,N.A.,N.A.,N.A. | N.A. | N.A.,22.42463956,114.2376212,govt-led,FY rule: pre-Application-List era (List began Apr 1999),,,,,,,,,,,,,,,,,,,,Saddle Ridge Garden | Saddle Ridge Garden (Commercial Centre) | Saddle Ridge Garden (Commercial units and car parking spaces) | Saddle Ridge Garden (residential units),APPROVAL OF DEED OF MUTUAL COVENANT | APPROVAL OF MANAGEMENT AGREEMENT | APPROVAL OF SUB-DEED OF MUTUAL COVENANT | CONSENT TO ASSIGN FOR RESIDENTIAL DEVELOPMENT | CONSENT TO SELL | CONSENT TO SELL FOR RESIDENTIAL DEVELOPMENT,Named development,
1990-1991,12/3/1991,auction,TPTL 113,"AREA 6, SITE D",R2,residential,8675,200,,high,,,TAI PO TOWN LOT NO. 113,N.A.,N.A.,N.A. | N.A. | N.A.,22.44184413,114.1600198,govt-led,FY rule: pre-Application-List era (List began Apr 1999),,,,,,,,,,,,,,,,,,,,Classical Gardens (Phase III) - Dynasty View,APPROVAL OF DEED OF MUTUAL COVENANT AND MANAGEMENT AGREEMENT | CONSENT TO SELL FOR RESIDENTIAL DEVELOPMENT,Named development,
1990-1991,12/3/1991,auction,SIL 823,REAR 181-205 SHAUKIWAN RD,C/R,commercial_residential_mixed,726,105,,high,,,SHAU KEI WAN INLAND LOT NO. 823,N.A.,N.A.,N.A. | N.A. | N.A.,22.28079627,114.2244205,govt-led,FY rule: pre-Application-List era (List began Apr 1999),,,,,,,,,,,,,,,,,,,,,,No consent,
1990-1991,22/03/1991,tender,KCTL 426,CASTLE PEAK RD,PFS,petrol_or_ev,2090,55.4,,high,,,KWAI CHUNG TOWN LOT NO. 426,N.A.,N.A.,N.A. | N.A. | N.A.,22.35058308,114.1326791,govt-led,FY rule: pre-Application-List era (List began Apr 1999),,,,,,,,,,,,,,,,,,,,,,No consent,
1991-1992,26/04/1991,auction,NKIL 6152,"LAM LOK ST, KLN BAY",I,industrial,2020,131,,high,,,,,,,,,govt-led,FY rule: pre-Application-List era (List began Apr 1999),,,,,,,,,,,,,,,,,,,,Corporation Square (units and parking spaces),CONSENT TO SELL,Named development,
1991-1992,26/04/1991,auction,FSSTL 93,ON LOK TSUEN,I,industrial,1966,36,,high,,,FANLING SHEUNG SHUI TOWN LOT NO. 93,N.A.,N.A.,N.A. | N.A. | N.A.,22.49254811,114.1470013,govt-led,FY rule: pre-Application-List era (List began Apr 1999),,,,,,,,,,,,,,,,,,,,Lincoln Centre (units),CONSENT TO SELL,Named development,
1991-1992,26/04/1991,auction,TPTL 111,"AREA 6, SITE B",R2,residential,10490,325,,high,,,TAI PO TOWN LOT NO. 111,N.A.,N.A.,N.A. | N.A. | N.A.,22.44108569,114.1612148,govt-led,FY rule: pre-Application-List era (List began Apr 1999),,,,,,,,,,,,,,,,,,,,Classical Gardens (Phase IV) - Grand Dynasty View,APPROVAL OF DEED OF MUTUAL COVENANT AND MANAGEMENT AGREEMENT | CONSENT TO SELL FOR RESIDENTIAL DEVELOPMENT,Named development,
1991-1992,17/07/1991,auction,FSSTL 112,FANLING AREA 47A,R1,residential,13530,1010,,high,,,FANLING SHEUNG SHUI TOWN LOT NO. 112,N.A.,N.A.,N.A. | N.A. | N.A.,22.48776116,114.1427848,govt-led,FY rule: pre-Application-List era (List began Apr 1999),,,,,,,,,,,,,,,,,,,,Avon Park | Avon Park (Shops & Car Parking Spaces) | Avon Park (non-residential units) | Avon Park (residential units and /or car parking spaces) | Avon Park (units in Block 3) | Avon Park (units in Block 8),APPROVAL OF DEED OF MUTUAL COVENANT | CONSENT TO ASSIGN FOR NON-RESIDENTIAL DEVELOPMENT | CONSENT TO ASSIGN FOR RESIDENTIAL DEVELOPMENT | CONSENT TO SELL,Named development,
1991-1992,17/07/1991,auction,KCTL 436,"AREA 26D, KWAI CHUNG",I,industrial,1536,21,,high,,,KWAI CHUNG TOWN LOT NO. 436,N.A.,N.A.,N.A. | N.A. | N.A.,22.35860037,114.1185834,govt-led,FY rule: pre-Application-List era (List began Apr 1999),,,,,,,,,,,,,,,,,,,,Aji Ichiban Centre,CONSENT TO SELL FOR INDUSTRIAL DEVELOPMENT,Named development,
1991-1992,14/08/1991,,TPTL 80,TAI PO AREA 22,R1,residential,5409,41.21,,high,,,TAI PO TOWN LOT NO. 80,N.A.,N.A.,N.A. | N.A. | N.A.,22.45421582,114.1598143,govt-led,FY rule: pre-Application-List era (List began Apr 1999),,,,,,,,,,,,,,,,,,,,Serenity Park (Phase II) - Blocks 16-18,APPROVAL OF DEED OF MUTUAL COVENANT AND MANAGEMENT AGREEMENT | CONSENT TO SELL FOR RESIDENTIAL DEVELOPMENT,Named development,
1991-1992,15/08/1991,auction,KIL 11005,170-180 ARGYLE ST,R2,residential,5678,460,,high,,,,,,,,,govt-led,FY rule: pre-Application-List era (List began Apr 1999),,,,,,,,,,,,,,,,,,,,The Astrid,APPROVAL OF DEED OF MUTUAL COVENANT AND MANAGEMENT AGREEMENT,Named development,
1991-1992,15/08/1991,auction,NKIL 6165,TAT CHEE AVENUE STAGE II,R2,residential,5555,430,,high,,,,,,,,,govt-led,FY rule: pre-Application-List era (List began Apr 1999),,,,,,,,,,,,,,,,,,,,"Parc Oasis | Parc Oasis (Towers 21, 22, 23 & 25) | Parc Oasis (residential units of Towers 21-23 & 25)",APPROVAL OF DEED OF MUTUAL COVENANT AND MANAGEMENT AGREEMENT | CONSENT TO SELL FOR RESIDENTIAL DEVELOPMENT,Named development,N.A.
1991-1992,15/08/1991,,TKOTL 18,TSEUNG KWAN O,R1,residential,8800,18.91,,high,,,TSEUNG KWAN O TOWN LOT NO. 18,N.A.,N.A.,N.A. | N.A. | N.A.,22.323861,114.2537869,govt-led,FY rule: pre-Application-List era (List began Apr 1999),,,,,,,,,,,,,,,,,,,,"Well On Garden | Well On Garden (domestic units, commercial units and the car parking spaces) | Well On Garden - The Popstar",APPROVAL OF DEED OF MUTUAL COVENANT AND MANAGEMENT AGREEMENT | APPROVAL OF DEED POLL (SUB-ALLOCATION OF UNDIVIDED AND MANAGEMENT SHARES) | APPROVAL OF SUB-DEED OF MUTUAL COVENANT AND MANAGEMENT AGREEMENT | CONSENT TO SELL,Named development,
1991-1992,18/09/1991,auction,STTL 389,AREA 11,I,industrial,2839,117,,high,,,SHA TIN TOWN LOT NO. 389,N.A.,N.A.,N.A. | N.A. | N.A.,22.38909509,114.2071332,govt-led,FY rule: pre-Application-List era (List began Apr 1999),,,,,,,,,,,,,,,,,,,,New Commerce Centre | New Commerce Centre (units and parking spaces),APPROVAL OF DEED OF MUTUAL COVENANT AND MANAGEMENT AGREEMENT | CONSENT TO SELL,Named development,
1991-1992,18/09/1991,auction,IL 8823,31A & 31B WYNDHAM ST,C/R,commercial_residential_mixed,78,18,,high,,,INLAND LOT NO. 8823,N.A.,N.A.,N.A. | N.A. | N.A.,22.28021483,114.155304,govt-led,FY rule: pre-Application-List era (List began Apr 1999),,,,,,,,,,,,,,,,,,,,,,No consent,
1991-1992,9/10/1991,auction,NKIL 6147,137 WATERLOO RD,R3,residential,941,19.5,,high,,,,,,,,,govt-led,FY rule: pre-Application-List era (List began Apr 1999),,,,,,,,,,,,,,,,,,,,,,No consent,
1991-1992,9/10/1991,auction,STTL 301,FU KIN ST,R3,residential,21350,1250,,high,,,SHA TIN TOWN LOT NO. 301,N.A.,N.A.,N.A. | N.A. | N.A.,22.36274683,114.1757093,govt-led,FY rule: pre-Application-List era (List began Apr 1999),,,,,,,,,,,,,,,,,,,,,,No consent,
1991-1992,1/11/1991,tender,STTL 382,MA ON SHAN TOWN CENTRE,C/R,commercial_residential_mixed,17220,1133,,high,,,SHA TIN TOWN LOT NO. 382,N.A.,N.A.,N.A. | N.A. | N.A.,22.42541841,114.2313564,govt-led,FY rule: pre-Application-List era (List began Apr 1999),,,,,,,,,,,,,,,,,,,,Bayshore Towers | Bayshore Towers (Residential Development),APPROVAL OF DEED OF MUTUAL COVENANT | CONSENT TO ASSIGN FOR RESIDENTIAL DEVELOPMENT | CONSENT TO SELL FOR RESIDENTIAL DEVELOPMENT,Named development,N.A.
1991-1992,6/11/1991,,FSSTL129,"JOCKEY CLUB RD, SHEK WU HUI",C/R,commercial_residential_mixed,485,1.54,,high,,,FANLING SHEUNG SHUI TOWN LOT NO. 129,N.A.,N.A.,N.A. | N.A. | N.A.,22.50496974,114.1295046,govt-led,FY rule: pre-Application-List era (List began Apr 1999),,,,,,,,,,,,,,,,,,,,Fu Wing Mansion | Fu Wing Mansion (non-residential units) | Fu Wing Mansion (residential units and /or car parking spaces),APPROVAL OF DEED OF MUTUAL COVENANT AND MANAGEMENT AGREEMENT | CONSENT TO SELL,Named development,N.A.
1991-1992,7/11/1991,,TWTL 353,"AREA 35, TSUEN WAN",C/R,commercial_residential_mixed,19500,122.63,,high,,,TSUEN WAN TOWN LOT NO. 353,N.A.,N.A.,N.A. | N.A. | N.A.,22.36838732,114.1128897,govt-led,FY rule: pre-Application-List era (List began Apr 1999),,,,,,,,,,,,,,,,,,,,Nina Tower,APPROVAL OF DEED OF MUTUAL COVENANT AND MANAGEMENT AGREEMENT,Named development,
1991-1992,15/11/1991,tender,FSSTL 69,NEAR FANLING LUEN WO HUI,PSPS,residential,19470,285,,high,,,FANLING SHEUNG SHUI TOWN LOT NO. 69,N.A.,N.A.,N.A. | N.A. | N.A.,22.50138761,114.1408669,govt-led,FY rule: pre-Application-List era (List began Apr 1999),,,,,,,,,,,,,,,,,,,,Wing Fok Centre | Wing Fok Centre (Commercial Units and Car Parking Spaces) | Wing Fok Centre (residential units),APPROVAL OF DEED OF MUTUAL COVENANT AND MANAGEMENT AGREEMENT | CONSENT TO SELL | CONSENT TO SELL FOR RESIDENTIAL DEVELOPMENT,Named development,
1991-1992,19/11/1991,auction,KIL 10986,19 HO MAN TIN HILL RD,R2,residential,3893,539,,high,,,,,,,,,govt-led,FY rule: pre-Application-List era (List began Apr 1999),,,,,,,,,,,,,,,,,,,,Parc Regal | Parc Regal (Common Areas and Facilities),CONSENT TO SELL FOR RESIDENTIAL DEVELOPMENT,Named development,N.A.
1991-1992,19/11/1991,auction,STTL 375,"ON PING ST, SHA TIN",G,institutional_public,8220,285.5,,high,,,SHA TIN TOWN LOT NO. 375,N.A.,N.A.,N.A. | N.A. | N.A.,22.39143379,114.2082019,govt-led,FY rule: pre-Application-List era (List began Apr 1999),,,,,,,,,,,,,,,,,,,,,,No consent,
1991-1992,17/12/1991,auction,AIL 423,"YIP KAN ST, WONG CHUK HANG",C,commercial,4172,202,,high,,,ABERDEEN INLAND LOT NO. 423,N.A.,N.A.,N.A. | N.A. | N.A.,22.24900587,114.1649032,govt-led,FY rule: pre-Application-List era (List began Apr 1999),,,,,,,,,,,,,,,,,,,,Southmark | Southmark (units and car parking spaces),APPROVAL OF DEED OF MUTUAL COVENANT AND MANAGEMENT AGREEMENT | CONSENT TO SELL,Named development,
1991-1992,17/12/1991,auction,KIL 11001,KING'S PARK RISE,R2,residential,6417,900,,high,,,,,,,,,govt-led,FY rule: pre-Application-List era (List began Apr 1999),,,,,,,,,,,,,,,,,,,,"The Regalia (Common Areas) | The Regalia (Towers 1, 2, 3 & 5)",APPROVAL OF DEED OF MUTUAL COVENANT AND MANAGEMENT AGREEMENT | CONSENT TO SELL FOR RESIDENTIAL DEVELOPMENT,Named development,
1991-1992,17/12/1991,auction,NKIL 6161,TAT CHEE AVENUE STAGE II,R2,residential,10470,705,,high,,,,,,,,,govt-led,FY rule: pre-Application-List era (List began Apr 1999),,,,,,,,,,,,,,,,,,,,Parc Oasis (Towers 26-33),APPROVAL OF DEED OF MUTUAL COVENANT AND MANAGEMENT AGREEMENT | CONSENT TO SELL FOR RESIDENTIAL DEVELOPMENT,Named development,N.A.
1991-1992,18/12/1991,tender,FSSTL 132,NEAR WO HOP SHEK,PFS,petrol_or_ev,2463,22.8,,high,,,FANLING SHEUNG SHUI TOWN LOT NO. 132,N.A.,N.A.,N.A. | N.A. | N.A.,22.48550709,114.1438519,govt-led,FY rule: pre-Application-List era (List began Apr 1999),,,,,,,,,,,,,,,,,,,,,,No consent,
1991-1992,15/01/1992,auction,AIL 422,22 ABERDEEN MAIN RD,R1,residential,347,72,,high,,,ABERDEEN INLAND LOT NO. 422,N.A.,N.A.,N.A. | N.A. | N.A.,22.24778614,114.15852,govt-led,FY rule: pre-Application-List era (List began Apr 1999),,,,,,,,,,,,,,,,,,,,Wai King Mansion,APPROVAL OF DEED OF MUTUAL COVENANT AND MANAGEMENT AGREEMENT | CONSENT TO SELL FOR RESIDENTIAL DEVELOPMENT,Named development,
1991-1992,15/01/1992,auction,KIL 10999,SCIENCE MUSEUM RD,C,commercial,5535,1250,,high,,,,,,,,,govt-led,FY rule: pre-Application-List era (List began Apr 1999),,,,,,,,,,,,,,,,,,,,Concordia Plaza,APPROVAL OF DEED OF MUTUAL COVENANT AND MANAGEMENT AGREEMENT | CONSENT TO ASSIGN FOR COMMERCIAL DEVELOPMENT | CONSENT TO SELL FOR COMMERCIAL DEVELOPMENT,Named development,
1991-1992,24/01/1992,tender,LOT 1980 in SD 2,CLEAR WATER BAY RD,PFS,petrol_or_ev,998,63.63,,high,,,LOT NO. 1980 IN SURVEY DISTRICT NO. 2,N.A.,N.A.,N.A. | N.A. | N.A.,22.33476806,114.2298669,govt-led,FY rule: pre-Application-List era (List began Apr 1999),,,,,,,,,,,,,,,,,,,,,,No consent,
1991-1992,11/2/1992,tender,TMTL 360,AREA 44,PSPS,residential,37550,700.3,,high,,,TUEN MUN TOWN LOT NO. 360,N.A.,N.A.,N.A. | N.A. | N.A.,22.3744966,113.9682503,govt-led,FY rule: pre-Application-List era (List began Apr 1999),,,,,,,,,,,,,,,,,,,,Yuet Wu Villa | Yuet Wu Villa (ground floor of the Commercial Block and Car Parking Spaces Nos C1-C12 on the ground floor of the Car Port Block) | Yuet Wu Villa (residential units in Blocks 1-15),APPROVAL OF DEED OF MUTUAL COVENANT AND MANAGEMENT AGREEMENT | APPROVAL OF SUB-DEED OF MUTUAL COVENANT AND MANAGEMENT AGREEMENT | CONSENT TO ASSIGN FOR RESIDENTIAL DEVELOPMENT | CONSENT TO SELL | CONSENT TO SELL FOR RESIDENTIAL DEVELOPMENT,Named development,
1991-1992,20/02/1992,,TWTL 328,CHUNG ON ST,C,commercial,3395,17.89,,high,,,TSUEN WAN TOWN LOT NO. 328,N.A.,N.A.,N.A. | N.A. | N.A.,22.37058355,114.1176464,govt-led,FY rule: pre-Application-List era (List began Apr 1999),,,,,,,,,,,,,,,,,,,,City Landmark,CONSENT TO SELL FOR COMMERCIAL DEVELOPMENT,Named development,
1991-1992,24/02/1992,,STTL 392,MA ON SHAN TOWN CENTRE,R1,residential,8014,94.21,,high,,,SHA TIN TOWN LOT NO. 392,N.A.,N.A.,N.A. | N.A. | N.A.,22.42503056,114.2299867,govt-led,FY rule: pre-Application-List era (List began Apr 1999),,,,,,,,,,,,,,,,,,,,,,No consent,
1991-1992,25/02/1992,auction,KIL 11002,KING'S PARK RISE/WYLIE RD,R2,residential,8811,1190,,high,,,,,,,,,govt-led,FY rule: pre-Application-List era (List began Apr 1999),,,,,,,,,,,,,,,,,,,,King's Park Villa,APPROVAL OF DEED OF MUTUAL COVENANT AND MANAGEMENT AGREEMENT | CONSENT TO SELL FOR RESIDENTIAL DEVELOPMENT,Named development,
1991-1992,25/02/1992,auction,TPTL 124,"SHUI WAI, TAI PO AREA 15",R2,residential,21060,800,,high,,,TAI PO TOWN LOT NO. 124,N.A.,N.A.,N.A. | N.A. | N.A.,22.45230984,114.1551124,govt-led,FY rule: pre-Application-List era (List began Apr 1999),,,,,,,,,,,,,,,,,,,,Parc Versailles (Phase I) - Blocks 1-20 | Parc Versailles I,APPROVAL OF DEED OF MUTUAL COVENANT AND MANAGEMENT AGREEMENT | CONSENT TO SELL FOR RESIDENTIAL DEVELOPMENT,Named development,N.A.
1991-1992,25/02/1992,auction,TMTL 353,OFF CASTLE PEAK RD,R2,residential,7548,405,,high,,,TUEN MUN TOWN LOT NO. 353,N.A.,N.A.,N.A. | N.A. | N.A.,22.38441922,113.9811989,govt-led,FY rule: pre-Application-List era (List began Apr 1999),,,,,,,,,,,,,,,,,,,,,,No consent,
1991-1992,25/02/1992,auction,SIL 827,A KUNG NGAM,G,institutional_public,2115,94,,high,,,SHAU KEI WAN INLAND LOT NO. 827,N.A.,N.A.,N.A. | N.A. | N.A.,22.2825185,114.2326496,govt-led,FY rule: pre-Application-List era (List began Apr 1999),,,,,,,,,,,,,,,,,,,,,,No consent,
1991-1992,25/02/1992,auction,YLTL 460,TUNG TAU INDUSTRIAL AREA,G,institutional_public,3300,38,,high,,,YUEN LONG TOWN LOT NO. 460,N.A.,N.A.,N.A. | N.A. | N.A.,22.44969554,114.0274091,govt-led,FY rule: pre-Application-List era (List began Apr 1999),,,,,,,,,,,,,,,,,,,,,,No consent,
1991-1992,13/03/1992,auction,STTL 394,CHAP WAI KON ST,G,institutional_public,9500,266,,high,,,SHA TIN TOWN LOT NO. 394,N.A.,N.A.,N.A. | N.A. | N.A.,22.382395,114.2039953,govt-led,FY rule: pre-Application-List era (List began Apr 1999),,,,,,,,,,,,,,,,,,,,Prima Villa,HORWAY LIMITED,Named development,5-Jun-00
1991-1992,13/03/1992,auction,STTL 395,"MA LING PATH, KAU TO",R4,residential,7700,106,,high,,,SHA TIN TOWN LOT NO. 395,N.A.,N.A.,N.A. | N.A. | N.A.,22.40911578,114.2067976,govt-led,FY rule: pre-Application-List era (List began Apr 1999),,,,,,,,,,,,,,,,,,,,Wesley Villa | Wesley Villa (Common Areas) | Wesley Villa (houses),APPROVAL OF DEED OF MUTUAL COVENANT | CONSENT TO SELL FOR RESIDENTIAL DEVELOPMENT,Named development,N.A.
1991-1992,13/03/1992,auction,TPTL 123,"SHUI WAI,TAI PO AREA 15",R2,residential,19830,900,,high,,,TAI PO TOWN LOT NO. 123,N.A.,N.A.,N.A. | N.A. | N.A.,22.4533213,114.1554814,govt-led,FY rule: pre-Application-List era (List began Apr 1999),,,,,,,,,,,,,,,,,,,,Parc Versailles (Phase II) - Blocks 21-37 | Parc Versailles II,APPROVAL OF DEED OF MUTUAL COVENANT AND MANAGEMENT AGREEMENT | CONSENT TO SELL FOR RESIDENTIAL DEVELOPMENT,Named development,N.A.
1991-1992,13/03/1992,auction,YLTL 421,"MA TIN RD, YUEN LONG",R1,residential,5320,415,,high,,,YUEN LONG TOWN LOT NO. 421,N.A.,N.A.,N.A. | N.A. | N.A.,22.44132159,114.0244746,govt-led,FY rule: pre-Application-List era (List began Apr 1999),,,,,,,,,,,,,,,,,,,,Crystal Park,CONSENT TO SELL FOR NON-RESIDENTIAL DEVELOPMENT | CONSENT TO SELL FOR RESIDENTIAL DEVELOPMENT,Named development,
1991-1992,13/03/1992,auction,RBL 1067,30 SEVERN RD,R3,residential,2239,33,,high,,,RURAL BUILDING LOT NO. 1067,N.A.,N.A.,N.A. | N.A. | N.A.,22.26788833,114.1579546,govt-led,FY rule: pre-Application-List era (List began Apr 1999),,,,,,,,,,,,,,,,,,,,,,No consent,
1992-1993,28/04/1992,auction,APIL 124,AP LEI CHAU WEST,I,industrial,5538,220,,high,,,AP LEI CHAU INLAND LOT NO. 124,N.A.,N.A.,N.A. | N.A. | N.A.,22.2384477,114.1529726,govt-led,FY rule: pre-Application-List era (List began Apr 1999),,,,,,,,,,,,,,,,,,,,,,No consent,
1992-1993,28/04/1992,auction,STTL 374,J/O ON LAI ST/ON KWAN ST,I,industrial,2869,175,,high,,,SHA TIN TOWN LOT NO. 374,N.A.,N.A.,N.A. | N.A. | N.A.,22.38871572,114.2075895,govt-led,FY rule: pre-Application-List era (List began Apr 1999),,,,,,,,,,,,,,,,,,,,Technology Park | Technology Park (units and parking spaces),APPROVAL OF DEED OF MUTUAL COVENANT AND MANAGEMENT AGREEMENT | CONSENT TO SELL,Named development,
1992-1993,28/04/1992,auction,TPTL 115,AREA 30 (SITE 2),R2,residential,24630,930,,high,,,TAI PO TOWN LOT NO. 115,N.A.,N.A.,N.A. | N.A. | N.A.,22.46519667,114.1953544,govt-led,FY rule: pre-Application-List era (List began Apr 1999),,,,,,,,,,,,,,,,,,,,Forest Hill,APPROVAL OF DEED OF MUTUAL COVENANT AND MANAGEMENT AGREEMENT | CONSENT TO SELL FOR RESIDENTIAL DEVELOPMENT,Named development,N.A.
1992-1993,18/05/1992,auction,FSSTL 99,ON LOK TSUEN,I,industrial,472,8.65,,high,,,FANLING SHEUNG SHUI TOWN LOT NO. 99,N.A.,N.A.,N.A. | N.A. | N.A.,22.49743344,114.1463977,govt-led,FY rule: pre-Application-List era (List began Apr 1999),,,,,,,,,,,,,,,,,,,,,,No consent,
1992-1993,18/05/1992,auction,TPTL 116,AREA 30 (SITE 3),R2,residential,14540,533,,high,,,TAI PO TOWN LOT NO. 116,N.A.,N.A.,N.A. | N.A. | N.A.,22.4635982,114.1960732,govt-led,FY rule: pre-Application-List era (List began Apr 1999),,,,,,,,,,,,,,,,,,,,Richwood Park,APPROVAL OF DEED OF MUTUAL COVENANT AND MANAGEMENT AGREEMENT | CONSENT TO SELL FOR COMMERCIAL DEVELOPMENT | CONSENT TO SELL FOR RESIDENTIAL DEVELOPMENT,Named development,
1992-1993,19/08/1992,auction,NKIL 6175,BERWICK ST,R1,residential,114,15,,high,,,,,,,,,govt-led,FY rule: pre-Application-List era (List began Apr 1999),,,,,,,,,,,,,,,,,,,,Berwick Court,APPROVAL OF DEED OF MUTUAL COVENANT AND MANAGEMENT AGREEMENT,Named development,
1992-1993,19/08/1992,auction,LOT 717 in DD 4,"MUI WO, LANTAU",C/R,commercial_residential_mixed,741,54,,high,,,LOT NO. 717 IN DEMARCATION DISTRICT NO. 4,N.A.,N.A.,N.A. | N.A. | N.A.,22.26306478,114.0018631,govt-led,FY rule: pre-Application-List era (List began Apr 1999),,,,,,,,,,,,,,,,,,,,Sea Crest Terrace,APPROVAL OF DEED OF MUTUAL COVENANT AND MANAGEMENT AGREEMENT,Named development,
1992-1993,19/08/1992,auction,YLTL 492,TUNG TAU INDUSTRIAL AREA,I,industrial,3778,44,,high,,,YUEN LONG TOWN LOT NO. 492,N.A.,N.A.,N.A. | N.A. | N.A.,22.45143958,114.0286799,govt-led,FY rule: pre-Application-List era (List began Apr 1999),,,,,,,,,,,,,,,,,,,,,,No consent,
1992-1993,18/09/1992,auction,LOT 237 in DD 331,"CHEUNG SHA, LANTAU",R4,residential,855,4.6,,high,,,LOT NO. 237 IN DEMARCATION DISTRICT NO. 331,N.A.,N.A.,N.A. | N.A. | N.A.,22.23515829,113.949008,govt-led,FY rule: pre-Application-List era (List began Apr 1999),,,,,,,,,,,,,,,,,,,,,,No consent,
1992-1993,18/09/1992,auction,TMTL 370,KIN ON ST,I,industrial,2464,32,,high,,,TUEN MUN TOWN LOT NO. 370,N.A.,N.A.,N.A. | N.A. | N.A.,22.39616247,113.9696164,govt-led,FY rule: pre-Application-List era (List began Apr 1999),,,,,,,,,,,,,,,,,,,,Parklane Centre,CONSENT TO SELL FOR NON-RESIDENTIAL DEVELOPMENT,Named development,
1992-1993,18/09/1992,auction,SIL 830,SHAU KEI WAN,C/R,commercial_residential_mixed,1685,475,,high,,,SHAU KEI WAN INLAND LOT NO. 830,N.A.,N.A.,N.A. | N.A. | N.A.,22.27881821,114.2256036,govt-led,FY rule: pre-Application-List era (List began Apr 1999),,,,,,,,,,,,,,,,,,,,Eastern Central Plaza,APPROVAL OF DEED OF MUTUAL COVENANT AND MANAGEMENT AGREEMENT | APPROVAL OF SUB-DEED OF MUTUAL COVENANT AND MANAGEMENT AGREEMENT | CONSENT TO SELL FOR COMMERCIAL DEVELOPMENT,Named development,
1992-1993,28/09/1992,,YLTL 488,MAU TAN ST/HOP CHOI ST,R1,residential,1590,15.07,,high,,,YUEN LONG TOWN LOT NO. 488,N.A.,N.A.,N.A. | N.A. | N.A.,22.44323177,114.0296018,govt-led,FY rule: pre-Application-List era (List began Apr 1999),,,,,,,,,,,,,,,,,,,,Hop Yick Plaza,APPROVAL OF DEED OF MUTUAL COVENANT AND MANAGEMENT AGREEMENT | CONSENT TO SELL FOR NON-RESIDENTIAL DEVELOPMENT | CONSENT TO SELL FOR RESIDENTIAL DEVELOPMENT,Named development,
1992-1993,2/10/1992,,TKOTL 36,"AREA 19C, TSEUNG KWAN O",R1,residential,15400,50.6,,high,,,TSEUNG KWAN O TOWN LOT NO. 36,N.A.,N.A.,N.A. | N.A. | N.A.,22.32115915,114.257299,govt-led,FY rule: pre-Application-List era (List began Apr 1999),,,,,,,,,,,,,,,,,,,,Metro City | Metro City (Phase I) | Metro City (Phase I) - Towers 1-6,APPROVAL OF DEED OF MUTUAL COVENANT AND MANAGEMENT AGREEMENT | APPROVAL OF SUB-DEED OF MUTUAL COVENANT AND MANAGEMENT AGREEMENT | CONSENT TO SELL FOR RESIDENTIAL DEVELOPMENT,Named development,N.A.
1992-1993,8/10/1992,auction,FSSTL 80,FANLING AREA 29B,R3,residential,6900,97,,high,,,FANLING SHEUNG SHUI TOWN LOT NO. 80,N.A.,N.A.,N.A. | N.A. | N.A.,22.4943779,114.1323557,govt-led,FY rule: pre-Application-List era (List began Apr 1999),,,,,,,,,,,,,,,,,,,,Camellia Court,APPROVAL OF DEED OF MUTUAL COVENANT AND MANAGEMENT AGREEMENT,Named development,
1992-1993,8/10/1992,auction,STTL 251,MEI WO CIRCUIT,R4,residential,884,13.6,,high,,,SHA TIN TOWN LOT NO. 251,N.A.,N.A.,N.A. | N.A. | N.A.,22.39490413,114.1884016,govt-led,FY rule: pre-Application-List era (List began Apr 1999),,,,,,,,,,,,,,,,,,,,,,No consent,
1992-1993,8/10/1992,auction,STTL 415,"ON SUM ST, SHA TIN",I,industrial,8100,280,,high,,,SHA TIN TOWN LOT NO. 415,N.A.,N.A.,N.A. | N.A. | N.A.,22.39090084,114.2089301,govt-led,FY rule: pre-Application-List era (List began Apr 1999),,,,,,,,,,,,,,,,,,,,"Topsail Plaza (3/F-4/F, 3 lorry parking spaces, and 3 car parking spaces on each of 3/F and 4/F and Portion of the ramp from the Floor Level of 2/F to 4/F and All those areas leading from the ramp to the said 3/F and 4/F and the said parking spaces)",CONSENT TO SELL FOR INDUSTRIAL/GODOWN DEVELOPMENT,Named development,
1992-1993,20/10/1992,tender,STTL 413,MA ON SHAN RD,PFS,petrol_or_ev,2500,72,,high,,,SHA TIN TOWN LOT NO. 413,N.A.,N.A.,N.A. | N.A. | N.A.,22.41860206,114.2324957,govt-led,FY rule: pre-Application-List era (List began Apr 1999),,,,,,,,,,,,,,,,,,,,,,No consent,
1992-1993,27/10/1992,tender,STTL 388,LOWER SHING MUN RD,OU,special_use_other,2744,91.29,,high,,,SHA TIN TOWN LOT NO. 388,N.A.,N.A.,N.A. | N.A. | N.A.,22.37408003,114.1703494,govt-led,FY rule: pre-Application-List era (List began Apr 1999),,,,,,,,,,,,,,,,,,,,,,No consent,
1992-1993,16/11/1992,tender,AIL 421,SHUM WAN RD,PSPS,residential,7640,285.1,,high,,,ABERDEEN INLAND LOT NO. 421,N.A.,N.A.,N.A. | N.A. | N.A.,22.24473444,114.1660773,govt-led,FY rule: pre-Application-List era (List began Apr 1999),,,,,,,,,,,,,,,,,,,,South Wave Court,APPROVAL OF DEED OF MUTUAL COVENANT AND MANAGEMENT AGREEMENT | APPROVAL OF SUB-DEED OF MUTUAL COVENANT AND MANAGEMENT AGREEMENT | CONSENT TO ASSIGN FOR RESIDENTIAL DEVELOPMENT | CONSENT TO SELL FOR COMMERCIAL DEVELOPMENT | CONSENT TO SELL FOR RESIDENTIAL DEVELOPMENT,Named development,
1992-1993,27/11/1992,auction,NKIL 4932,35-42 ROSE ST,R2,residential,1312,98,,high,,,,,,,,,govt-led,FY rule: pre-Application-List era (List began Apr 1999),,,,,,,,,,,,,,,,,,,,The Primrose,APPROVAL OF DEED OF MUTUAL COVENANT AND MANAGEMENT AGREEMENT,Named development,
1992-1993,27/11/1992,auction,LOT 716 in DD 4,"MUI WO, LANTAU",C/R,commercial_residential_mixed,741,45,,high,,,LOT NO. 716 IN DEMARCATION DISTRICT NO. 4,N.A.,N.A.,N.A. | N.A. | N.A.,22.26344105,114.001788,govt-led,FY rule: pre-Application-List era (List began Apr 1999),,,,,,,,,,,,,,,,,,,,Scenic Crest,APPROVAL OF DEED OF MUTUAL COVENANT AND MANAGEMENT AGREEMENT,Named development,
1992-1993,15/12/1992,auction,FSSTL 149,AREA 30A SHEUNG SHUI,I,industrial,5871,109,,high,,,FANLING SHEUNG SHUI TOWN LOT NO. 149,N.A.,N.A.,N.A. | N.A. | N.A.,22.50534621,114.120777,govt-led,FY rule: pre-Application-List era (List began Apr 1999),,,,,,,,,,,,,,,,,,,,,,No consent,
1992-1993,15/12/1992,auction,FSSTL 163,ON LOK TSUEN,I,industrial,2935,39,,high,,,FANLING SHEUNG SHUI TOWN LOT NO. 163,N.A.,N.A.,N.A. | N.A. | N.A.,22.49305331,114.1444162,govt-led,FY rule: pre-Application-List era (List began Apr 1999),,,,,,,,,,,,,,,,,,,,,,No consent,
1992-1993,16/12/1992,,STTL 418,MA ON SHAN TOWN CENTRE,R1,residential,6050,74.09,,high,,,SHA TIN TOWN LOT NO. 418,N.A.,N.A.,N.A. | N.A. | N.A.,22.42508557,114.227403,govt-led,FY rule: pre-Application-List era (List began Apr 1999),,,,,,,,,,,,,,,,,,,,Marbella,,Named development,N.A.
1992-1993,17/12/1992,,TKOTL 17,"AREA 38A, TSEUNG KWAN O",C/R,commercial_residential_mixed,20400,75.69,,high,,,TSEUNG KWAN O TOWN LOT NO. 17,N.A.,N.A.,N.A. | N.A. | N.A.,22.31640483,114.2654297,govt-led,FY rule: pre-Application-List era (List began Apr 1999),,,,,,,,,,,,,,,,,,,,East Point City,APPROVAL OF DEED OF MUTUAL COVENANT AND MANAGEMENT AGREEMENT | CONSENT TO SELL FOR RESIDENTIAL DEVELOPMENT,Named development,
1992-1993,12/1/1993,auction,NKIL 6157,SHUNG LING ST,C/R,commercial_residential_mixed,3093,705,,high,,,,,,,,,govt-led,FY rule: pre-Application-List era (List began Apr 1999),,,,,,,,,,,,,,,,,,,,San Po Kong Plaza,APPROVAL OF DEED OF MUTUAL COVENANT AND MANAGEMENT AGREEMENT | APPROVAL OF SECOND SUB-DEED OF MUTUAL COVENANT AND MANAGEMENT AGREEMENT | APPROVAL OF SUB-DEED OF MUTUAL COVENANT AND MANAGEMENT AGREEMENT | APPROVAL OF THIRD SUB-DEED OF MUTUAL COVENANT AND MANAGEMENT AGREEMENT | CONSENT TO ASSIGN FOR RESIDENTIAL DEVELOPMENT | CONSENT TO SELL FOR COMMERCIAL DEVELOPMENT | CONSENT TO SELL FOR RESIDENTIAL DEVELOPMENT,Named development,
1992-1993,12/1/1993,auction,KIL 11035,COX'S RD,R2,residential,1395,360,,high,,,,,,,,,govt-led,FY rule: pre-Application-List era (List began Apr 1999),,,,,,,,,,,,,,,,,,,,Emperor Height,APPROVAL OF DEED OF MUTUAL COVENANT AND MANAGEMENT AGREEMENT | CONSENT TO SELL FOR RESIDENTIAL DEVELOPMENT,Named development,
1992-1993,12/1/1993,auction,YLTL 456,TOWN PARK RD NORTH,R2,residential,10500,345,,high,,,YUEN LONG TOWN LOT NO. 456,N.A.,N.A.,N.A. | N.A. | N.A.,22.439436,114.0169675,govt-led,FY rule: pre-Application-List era (List began Apr 1999),,,,,,,,,,,,,,,,,,,,Parkside Villa,APPROVAL OF DEED OF MUTUAL COVENANT AND MANAGEMENT AGREEMENT | CONSENT TO SELL FOR RESIDENTIAL DEVELOPMENT,Named development,
1992-1993,12/1/1993,auction,KCTL 442,TAI LIN PAI RD,I,industrial,916,100,,high,,,KWAI CHUNG TOWN LOT NO. 442,N.A.,N.A.,N.A. | N.A. | N.A.,22.36036569,114.1323498,govt-led,FY rule: pre-Application-List era (List began Apr 1999),,,,,,,,,,,,,,,,,,,,,,No consent,
1992-1993,20/01/1993,tender,CWIL 149,CHAI WAN ESTATE - SAN HA ST,PSPS,residential,11090,536.8,,high,,,,,,,,,govt-led,FY rule: pre-Application-List era (List began Apr 1999),,,,,,,,,,,,,,,,,,,,Lok Hin Terrace,APPROVAL OF DEED OF MUTUAL COVENANT AND MANAGEMENT AGREEMENT | APPROVAL OF SUB-DEED OF MUTUAL COVENANT AND MANAGEMENT AGREEMENT | CONSENT TO ASSIGN FOR RESIDENTIAL DEVELOPMENT | CONSENT TO SELL FOR COMMERCIAL DEVELOPMENT | CONSENT TO SELL FOR RESIDENTIAL DEVELOPMENT,Named development,
1992-1993,3/2/1993,auction,NKIL 6160,LUNG CHEUNG RD,C/R,commercial_residential_mixed,26060,3530,,high,,,,,,,,,govt-led,FY rule: pre-Application-List era (List began Apr 1999),,,,,,,,,,,,,,,,,,,,Galaxia | Galaxia & Plaza Hollywood | Plaza Hollywood,APPROVAL OF DEED OF MUTUAL COVENANT AND MANAGEMENT AGREEMENT | CONSENT TO ASSIGN FOR COMMERCIAL DEVELOPMENT | CONSENT TO ASSIGN FOR RESIDENTIAL DEVELOPMENT | CONSENT TO SELL FOR RESIDENTIAL DEVELOPMENT,Named development,
1992-1993,3/2/1993,auction,FSSTL 147,"AREA 30A, SHEUNG SHUI",I,industrial,12020,164,,high,,,FANLING SHEUNG SHUI TOWN LOT NO. 147,N.A.,N.A.,N.A. | N.A. | N.A.,22.50505779,114.122371,govt-led,FY rule: pre-Application-List era (List began Apr 1999),,,,,,,,,,,,,,,,,,,,,,No consent,
1992-1993,15/02/1993,tender,STTL 403,MAN LAI RD,PFS,petrol_or_ev,1070,16.3,,high,,,SHA TIN TOWN LOT NO. 403,N.A.,N.A.,N.A. | N.A. | N.A.,22.3777997,114.1846406,govt-led,FY rule: pre-Application-List era (List began Apr 1999),,,,,,,,,,,,,,,,,,,,,,No consent,
1992-1993,22/02/1993,tender,LOT 1620 in DD 77,TA KWU LING RURAL CENTRE,C,commercial,430,2.8,,high,,,LOT NO. 1620 IN DEMARCATION DISTRICT NO. 77,N.A.,N.A.,N.A. | N.A. | N.A.,22.52468018,114.160836,govt-led,FY rule: pre-Application-List era (List began Apr 1999),,,,,,,,,,,,,,,,,,,,,,No consent,
1992-1993,2/3/1993,,TKOTL 27,"KWAN O AREA 17, TSEUNG",C/R,commercial_residential_mixed,31560,248.98,,high,,,TSEUNG KWAN O TOWN LOT NO. 27,N.A.,N.A.,N.A. | N.A. | N.A.,22.32320865,114.2582029,govt-led,FY rule: pre-Application-List era (List began Apr 1999),,,,,,,,,,,,,,,,,,,,Metro City (Phase II) - Towers 1-11,APPROVAL OF DEED OF MUTUAL COVENANT AND MANAGEMENT AGREEMENT | CONSENT TO SELL FOR RESIDENTIAL DEVELOPMENT,Named development,
1992-1993,3/3/1993,,STTL 410,PIK TIN ST,R2,residential,10680,267.36,,high,,,SHA TIN TOWN LOT NO. 410,N.A.,N.A.,N.A. | N.A. | N.A.,22.37787288,114.1711358,govt-led,FY rule: pre-Application-List era (List began Apr 1999),,,,,,,,,,,,,,,,,,,,,,No consent,
1992-1993,3/3/1993,,TPTL 126,PLOVER COVE RD,C/R,commercial_residential_mixed,1425,22.84,,high,,,TAI PO TOWN LOT NO. 126,N.A.,N.A.,N.A. | N.A. | N.A.,22.44818423,114.1698311,govt-led,FY rule: pre-Application-List era (List began Apr 1999),,,,,,,,,,,,,,,,,,,,Lagoon Court | Lagoon Court (Car Parking Spaces),APPROVAL OF DEED OF MUTUAL COVENANT AND MANAGEMENT AGREEMENT | APPROVAL OF SUB-DEED OF MUTUAL COVENANT | CONSENT TO SELL FOR COMMERCIAL DEVELOPMENT | CONSENT TO SELL FOR RESIDENTIAL DEVELOPMENT,Named development,
1992-1993,17/03/1993,tender,CWIL 148,SIU SAI WAN RECLAMATION,PSPS,residential,12310,711,,high,,,,,,,,,govt-led,FY rule: pre-Application-List era (List began Apr 1999),,,,,,,,,,,,,,,,,,,,"Cheerful Garden | Cheerful Garden (382 Car Parking Spaces, Shopping Areas, 1 Kindergarten & 1 Day Nursery)",APPROVAL OF DEED OF MUTUAL COVENANT AND MANAGEMENT AGREEMENT | CONSENT TO ASSIGN FOR RESIDENTIAL DEVELOPMENT | CONSENT TO SELL FOR OTHER DEVELOPMENT | CONSENT TO SELL FOR RESIDENTIAL DEVELOPMENT,Named development,
1992-1993,18/03/1993,tender,TKOTL 31,"AREA 10, TSEUNG KWAN O",PFS,petrol_or_ev,1930,86.69,,high,,,TSEUNG KWAN O TOWN LOT NO. 31,N.A.,N.A.,N.A. | N.A. | N.A.,22.32732842,114.2544682,govt-led,FY rule: pre-Application-List era (List began Apr 1999),,,,,,,,,,,,,,,,,,,,,,No consent,
1992-1993,30/03/1993,auction,NKIL 6181,TAT CHEE AVENUE EXTENSION,C/OU,special_use_other,20660,2850,,high,,,,,,,,,govt-led,FY rule: pre-Application-List era (List began Apr 1999),,,,,,,,,,,,,,,,,,,,Festival Walk,APPROVAL OF DEED OF MUTUAL COVENANT AND MANAGEMENT AGREEMENT,Named development,
1992-1993,30/03/1993,auction,FSSTL 148,"AREA 30A, SHEUNG SHUI",I,industrial,2631,65,,high,,,FANLING SHEUNG SHUI TOWN LOT NO. 148,N.A.,N.A.,N.A. | N.A. | N.A.,22.50478656,114.1214478,govt-led,FY rule: pre-Application-List era (List began Apr 1999),,,,,,,,,,,,,,,,,,,,Advanced Technology Centre,CONSENT TO SELL FOR NON-RESIDENTIAL DEVELOPMENT,Named development,
1992-1993,30/03/1993,auction,STTL 393,MA ON SHAN TOWN CENTRE,R1,residential,6450,990,,high,,,SHA TIN TOWN LOT NO. 393,N.A.,N.A.,N.A. | N.A. | N.A.,22.4246609,114.2281702,govt-led,FY rule: pre-Application-List era (List began Apr 1999),,,,,,,,,,,,,,,,,,,,,,No consent,
1992-1993,30/03/1993,auction,LOT 4284 in DD 124,HUNG SHUI KIU,C/R,commercial_residential_mixed,1844,155,,high,,,LOT NO. 4284 IN DEMARCATION DISTRICT NO. 124,N.A.,N.A.,N.A. | N.A. | N.A.,22.43305037,113.9986545,govt-led,FY rule: pre-Application-List era (List began Apr 1999),,,,,,,,,,,,,,,,,,,,Symphony Garden,APPROVAL OF DEED OF MUTUAL COVENANT AND MANAGEMENT AGREEMENT | CONSENT TO ASSIGN FOR RESIDENTIAL DEVELOPMENT | CONSENT TO SELL FOR RESIDENTIAL DEVELOPMENT,Named development,
1993-1994,22/06/1993,auction,STTL 98,MA LING PATH,R3,residential,15320,505,,high,,,SHA TIN TOWN LOT NO. 98,N.A.,N.A.,N.A. | N.A. | N.A.,22.40915214,114.2054671,govt-led,FY rule: pre-Application-List era (List began Apr 1999),,,,,,,,,,,,,,,,,,,,,,No consent,
1993-1994,22/06/1993,auction,STTL 419,J/O ON SUM ST/ON LAI ST,IG,industrial,4000,385,,high,,,SHA TIN TOWN LOT NO. 419,N.A.,N.A.,N.A. | N.A. | N.A.,22.38965488,114.2076674,govt-led,FY rule: pre-Application-List era (List began Apr 1999),,,,,,,,,,,,,,,,,,,,Corporation Park,APPROVAL OF DEED OF MUTUAL COVENANT AND MANAGEMENT AGREEMENT,Named development,
1993-1994,22/06/1993,auction,YLTL 489,TUNG TAU INDUSTRIAL AREA,G,institutional_public,3030,46,,high,,,YUEN LONG TOWN LOT NO. 489,N.A.,N.A.,N.A. | N.A. | N.A.,22.45195605,114.0305835,govt-led,FY rule: pre-Application-List era (List began Apr 1999),,,,,,,,,,,,,,,,,,,,,,No consent,
1993-1994,9/7/1993,auction,TMTL 368,CASTLE PEAK RD,R1,residential,2783,266,,high,,,TUEN MUN TOWN LOT NO. 368,N.A.,N.A.,N.A. | N.A. | N.A.,22.39762551,113.9768686,govt-led,FY rule: pre-Application-List era (List began Apr 1999),,,,,,,,,,,,,,,,,,,,Rosedale Gardens,APPROVAL OF DEED OF MUTUAL COVENANT AND MANAGEMENT AGREEMENT,Named development,
1993-1994,9/7/1993,auction,YLTL 486,TOWN PARK RD NORTH,R2,residential,10320,600,,high,,,YUEN LONG TOWN LOT NO. 486,N.A.,N.A.,N.A. | N.A. | N.A.,22.44041111,114.0167915,govt-led,FY rule: pre-Application-List era (List began Apr 1999),,,,,,,,,,,,,,,,,,,,Scenic Gardens,APPROVAL OF DEED OF MUTUAL COVENANT AND MANAGEMENT AGREEMENT | CONSENT TO SELL FOR RESIDENTIAL DEVELOPMENT,Named development,
1993-1994,13/10/1993,auction,STTL 420,J/O ON SUM ST/ON YIU ST,IG,industrial,4200,395,,high,,,SHA TIN TOWN LOT NO. 420,N.A.,N.A.,N.A. | N.A. | N.A.,22.39008826,114.2080851,govt-led,FY rule: pre-Application-List era (List began Apr 1999),,,,,,,,,,,,,,,,,,,,Metropole Square,APPROVAL OF DEED OF MUTUAL COVENANT AND MANAGEMENT AGREEMENT,Named development,
1993-1994,13/10/1993,auction,YLTL 494,TUNG TAU INDUSTRIAL AREA,IG,industrial,3555,50,,high,,,YUEN LONG TOWN LOT NO. 494,N.A.,N.A.,N.A. | N.A. | N.A.,22.45154123,114.0312154,govt-led,FY rule: pre-Application-List era (List began Apr 1999),,,,,,,,,,,,,,,,,,,,,,No consent,
1993-1994,29/11/1993,auction,LOT 723 in 4,"DD MUI WO, LANTAU",C,commercial,840,18,,high,,,,,,,,,govt-led,FY rule: pre-Application-List era (List began Apr 1999),,,,,,,,,,,,,,,,,,,,,,No consent,
1993-1994,29/11/1993,auction,YLTL 419,"MA TIN RD, YUEN LONG",R2,residential,4350,297,,high,,,YUEN LONG TOWN LOT NO. 419,N.A.,N.A.,N.A. | N.A. | N.A.,22.44074029,114.0209683,govt-led,FY rule: pre-Application-List era (List began Apr 1999),,,,,,,,,,,,,,,,,,,,Covent Garden,APPROVAL OF DEED OF MUTUAL COVENANT AND MANAGEMENT AGREEMENT | CONSENT TO SELL FOR RESIDENTIAL DEVELOPMENT,Named development,
1993-1994,15/12/1993,auction,LOT 661 in PENG CHAU,PENG CHAU,C/R,commercial_residential_mixed,1945,82,,high,,,LOT 661 IN PENG CHAU,N.A.,N.A.,N.A. | N.A. | N.A.,22.2853513,114.0375969,govt-led,FY rule: pre-Application-List era (List began Apr 1999),,,,,,,,,,,,,,,,,,,,Monterey Villas,APPROVAL OF DEED OF MUTUAL COVENANT AND MANAGEMENT AGREEMENT | CONSENT TO SELL FOR COMMERCIAL DEVELOPMENT | CONSENT TO SELL FOR RESIDENTIAL DEVELOPMENT,Named development,
1993-1994,15/12/1993,auction,NKIL 5924,OFF LUNG PING RD,R2,residential,43520,3940,,high,,,,,,,,,govt-led,FY rule: pre-Application-List era (List began Apr 1999),,,,,,,,,,,,,,,,,,,,Dynasty Heights | Dynasty Heights (Blocks 7 to 26),APPROVAL OF DEED OF MUTUAL COVENANT AND MANAGEMENT AGREEMENT | CONSENT TO ASSIGN FOR RESIDENTIAL DEVELOPMENT | CONSENT TO SELL FOR RESIDENTIAL DEVELOPMENT,Named development,
1993-1994,15/12/1993,auction,LOT 1107 in DD 215,"TUI MIN HOI, SAI KUNG",IG,industrial,1681,32,,high,,,LOT NO. 1107 IN DEMARCATION DISTRICT NO. 215,N.A.,N.A.,N.A. | N.A. | N.A.,22.3790939,114.2673143,govt-led,FY rule: pre-Application-List era (List began Apr 1999),,,,,,,,,,,,,,,,,,,,,,No consent,
1993-1994,31/01/1994,auction,APIL 125,AP LEI CHAU WEST,IG,industrial,5756,415,,high,,,AP LEI CHAU INLAND LOT NO. 125,N.A.,N.A.,N.A. | N.A. | N.A.,22.23891738,114.1535739,govt-led,FY rule: pre-Application-List era (List began Apr 1999),,,,,,,,,,,,,,,,,,,,,,No consent,
1993-1994,31/01/1994,auction,TMTL 379,"AREA 16, TUEN MUN, N.T.",G,institutional_public,3804,76,,high,,,TUEN MUN TOWN LOT NO. 379,N.A.,N.A.,N.A. | N.A. | N.A.,22.38178353,113.9748327,govt-led,FY rule: pre-Application-List era (List began Apr 1999),,,,,,,,,,,,,,,,,,,,My Loft,CONSENT TO SELL FOR NON-RESIDENTIAL DEVELOPMENT,Named development,
1993-1994,21/02/1994,tender,STTL 409,TAI PO RD,PFS,petrol_or_ev,920,90,,high,,,SHA TIN TOWN LOT NO. 409,N.A.,N.A.,N.A. | N.A. | N.A.,22.36075693,114.1615956,govt-led,FY rule: pre-Application-List era (List began Apr 1999),,,,,,,,,,,,,,,,,,,,,,No consent,
1993-1994,24/02/1994,tender,RBL 1066,RED HILL RD,C,commercial,2080,125.1,,high,,,RURAL BUILDING LOT NO. 1066,N.A.,N.A.,N.A. | N.A. | N.A.,22.23647413,114.2232415,govt-led,FY rule: pre-Application-List era (List began Apr 1999),,,,,,,,,,,,,,,,,,,,,,No consent,
1993-1994,25/02/1994,tender,FSSTL 125,"FANLING, N.T.",PSPS,residential,15500,325,,high,,,FANLING SHEUNG SHUI TOWN LOT NO. 125,N.A.,N.A.,N.A. | N.A. | N.A.,22.5015145,114.1429856,govt-led,FY rule: pre-Application-List era (List began Apr 1999),,,,,,,,,,,,,,,,,,,,Wing Fai Centre,APPROVAL OF DEED OF MUTUAL COVENANT AND MANAGEMENT AGREEMENT | CONSENT TO ASSIGN FOR NON-RESIDENTIAL DEVELOPMENT | CONSENT TO ASSIGN FOR RESIDENTIAL DEVELOPMENT | CONSENT TO SELL FOR NON-RESIDENTIAL DEVELOPMENT | CONSENT TO SELL FOR RESIDENTIAL DEVELOPMENT,Named development,
1993-1994,1/3/1994,auction,KIL 11044,J/O MA TAU WAI RD/FARM RD,R2,residential,7059,2260,,high,,,,,,,,,govt-led,FY rule: pre-Application-List era (List began Apr 1999),,,,,,,,,,,,,,,,,,,,Majestic Park,APPROVAL OF DEED OF MUTUAL COVENANT AND MANAGEMENT AGREEMENT | CONSENT TO SELL FOR RESIDENTIAL DEVELOPMENT,Named development,
1993-1994,1/3/1994,auction,TPTL 137,"AREA 7, TAI PO",R2,residential,18490,2140,,high,,,TAI PO TOWN LOT NO. 137,N.A.,N.A.,N.A. | N.A. | N.A.,22.4412038,114.1731732,govt-led,FY rule: pre-Application-List era (List began Apr 1999),,,,,,,,,,,,,,,,,,,,Grand Palisades,APPROVAL OF DEED OF MUTUAL COVENANT AND MANAGEMENT AGREEMENT | CONSENT TO SELL FOR RESIDENTIAL DEVELOPMENT,Named development,
1993-1994,1/3/1994,auction,TMTL 263,AREA 4C,R2,residential,7877,650,,high,,,TUEN MUN TOWN LOT NO. 263,N.A.,N.A.,N.A. | N.A. | N.A.,22.40504653,113.9826171,govt-led,FY rule: pre-Application-List era (List began Apr 1999),,,,,,,,,,,,,,,,,,,,Noble Place,APPROVAL OF DEED OF MUTUAL COVENANT AND MANAGEMENT AGREEMENT | CONSENT TO SELL FOR RESIDENTIAL DEVELOPMENT,Named development,
1993-1994,15/03/1994,,TKOTL 34,"AREA 19A, TSEUNG KWAN O",C/R,commercial_residential_mixed,12620,23.05,,high,,,TSEUNG KWAN O TOWN LOT NO. 34,N.A.,N.A.,N.A. | N.A. | N.A.,22.32242365,114.256863,govt-led,FY rule: pre-Application-List era (List began Apr 1999),,,,,,,,,,,,,,,,,,,,,,No consent,
1993-1994,15/03/1994,,TKOTL 40,"AREA 37B, TSEUNG KWAN O",R1,residential,14600,46.38,,high,,,TSEUNG KWAN O TOWN LOT NO. 40,N.A.,N.A.,N.A. | N.A. | N.A.,22.3138758,114.2662725,govt-led,FY rule: pre-Application-List era (List began Apr 1999),,,,,,,,,,,,,,,,,,,,"La Cit'e Noble | La Cit'e Noble (Blocks 1,2 & 3) | La Cit'e Noble (Blocks 4,5 & 6)",APPROVAL OF DEED OF MUTUAL COVENANT AND MANAGEMENT AGREEMENT | CONSENT TO SELL FOR COMMERCIAL DEVELOPMENT | CONSENT TO SELL FOR RESIDENTIAL DEVELOPMENT,Named development,
1993-1994,31/03/1994,auction,STTL 422,ON YIU ST,IG,industrial,6515,650,,high,,,SHA TIN TOWN LOT NO. 422,N.A.,N.A.,N.A. | N.A. | N.A.,22.39034991,114.2093087,govt-led,FY rule: pre-Application-List era (List began Apr 1999),,,,,,,,,,,,,,,,,,,,Delta House,APPROVAL OF DEED OF MUTUAL COVENANT AND MANAGEMENT AGREEMENT,Named development,N.A.
1993-1994,31/03/1994,auction,TMTL 380,"AREA 11, TUEN MUN",C/MCP,transport_parking,3781,850,,high,,,TUEN MUN TOWN LOT NO. 380,N.A.,N.A.,N.A. | N.A. | N.A.,22.39097953,113.9772277,govt-led,FY rule: pre-Application-List era (List began Apr 1999),,,,,,,,,,,,,,,,,,,,Tuen Mun Parklane Square,APPROVAL OF DEED OF MUTUAL COVENANT AND MANAGEMENT AGREEMENT | CONSENT TO SELL FOR NON-RESIDENTIAL DEVELOPMENT,Named development,
1993-1994,31/03/1994,auction,IL 8868,665 KING'S RD,C,commercial,2661,2200,,high,,,INLAND LOT NO. 8868,N.A.,N.A.,N.A. | N.A. | N.A.,22.29153951,114.2086991,govt-led,FY rule: pre-Application-List era (List began Apr 1999),,,,,,,,,,,,,,,,,,,,,,No consent,
1994-1995,26/05/1994,auction,FSSTL 126,"AREA 19, LUEN WO HUI",R1,residential,20780,2040,,high,,,FANLING SHEUNG SHUI TOWN LOT NO. 126,N.A.,N.A.,N.A. | N.A. | N.A.,22.50154204,114.1452306,govt-led,FY rule: pre-Application-List era (List began Apr 1999),,,,,,,,,,,,,,,,,,,,Belair Monte | Belair Monte (Blocks 1-7),APPROVAL OF DEED OF MUTUAL COVENANT AND MANAGEMENT AGREEMENT | CONSENT TO SELL FOR NON-RESIDENTIAL DEVELOPMENT | CONSENT TO SELL FOR RESIDENTIAL DEVELOPMENT,Named development,
1994-1995,26/05/1994,auction,YLTL 463,"FUNG KAM ST, YUEN LONG",R1,residential,5889,510,,high,,,YUEN LONG TOWN LOT NO. 463,N.A.,N.A.,N.A. | N.A. | N.A.,22.44161825,114.0328578,govt-led,FY rule: pre-Application-List era (List began Apr 1999),,,,,,,,,,,,,,,,,,,,Greenfields,APPROVAL OF DEED OF MUTUAL COVENANT AND MANAGEMENT AGREEMENT | CONSENT TO SELL FOR RESIDENTIAL DEVELOPMENT,Named development,
1994-1995,26/07/1994,auction,TPTL 119,"AREA 30, TAI PO",R3,residential,23800,890,,high,,,TAI PO TOWN LOT NO. 119,N.A.,N.A.,N.A. | N.A. | N.A.,22.46219815,114.1987157,govt-led,FY rule: pre-Application-List era (List began Apr 1999),,,,,,,,,,,,,,,,,,,,Tycoon Place,APPROVAL OF DEED OF MUTUAL COVENANT AND MANAGEMENT AGREEMENT | CONSENT TO SELL FOR RESIDENTIAL DEVELOPMENT,Named development,
1994-1995,26/07/1994,auction,TPTL 138,"AREA 2, TAI PO, KAU HUI",R1,residential,2114,335,,high,,,TAI PO TOWN LOT NO. 138,N.A.,N.A.,N.A. | N.A. | N.A.,22.45388214,114.1647497,govt-led,FY rule: pre-Application-List era (List began Apr 1999),,,,,,,,,,,,,,,,,,,,Fuller Gardens,APPROVAL OF DEED OF MUTUAL COVENANT AND MANAGEMENT AGREEMENT | CONSENT TO SELL FOR COMMERCIAL DEVELOPMENT | CONSENT TO SELL FOR RESIDENTIAL DEVELOPMENT,Named development,
1994-1995,23/08/1994,auction,TPTL 136,"AREA 7, TAI PO",R2,residential,15250,950,,high,,,TAI PO TOWN LOT NO. 136,N.A.,N.A.,N.A. | N.A. | N.A.,22.44301893,114.1734063,govt-led,FY rule: pre-Application-List era (List began Apr 1999),,,,,,,,,,,,,,,,,,,,The Paragon,APPROVAL OF DEED OF MUTUAL COVENANT AND MANAGEMENT AGREEMENT | CONSENT TO SELL FOR RESIDENTIAL DEVELOPMENT,Named development,
1994-1995,23/08/1994,auction,KCTL 435,"KWAI FUK RD, KWAI CHUNG",G,institutional_public,3350,220,,high,,,KWAI CHUNG TOWN LOT NO. 435,N.A.,N.A.,N.A. | N.A. | N.A.,22.36010898,114.1200197,govt-led,FY rule: pre-Application-List era (List began Apr 1999),,,,,,,,,,,,,,,,,,,,,,No consent,
1994-1995,20/10/1994,auction,FSSTL 116,FANLING AREA 29B,R3,residential,13430,264,,high,,,FANLING SHEUNG SHUI TOWN LOT NO. 116,N.A.,N.A.,N.A. | N.A. | N.A.,22.49337517,114.1310829,govt-led,FY rule: pre-Application-List era (List began Apr 1999),,,,,,,,,,,,,,,,,,,,Belair Villa,APPROVAL OF DEED OF MUTUAL COVENANT AND MANAGEMENT AGREEMENT,Named development,
1994-1995,20/10/1994,auction,STTL 397,"CHIK FU ST, TAI WAI",R1,residential,280,47,,high,,,SHA TIN TOWN LOT NO. 397,N.A.,N.A.,N.A. | N.A. | N.A.,22.37555213,114.1780007,govt-led,FY rule: pre-Application-List era (List began Apr 1999),,,,,,,,,,,,,,,,,,,,,,No consent,
1994-1995,10/11/1994,,TKOTL 23,"AREA 37A, TSEUNG KWAN O",C/R,commercial_residential_mixed,14300,33.97,,high,,,TSEUNG KWAN O TOWN LOT NO. 23,N.A.,N.A.,N.A. | N.A. | N.A.,22.31444604,114.2638562,govt-led,FY rule: pre-Application-List era (List began Apr 1999),,,,,,,,,,,,,,,,,,,,Nan Fung Plaza | Nan Fung Plaza (Commercial Units) | Nan Fung Plaza (Towers 1-3) | Nan Fung Plaza (Towers 5-6),APPROVAL OF DEED OF MUTUAL COVENANT AND MANAGEMENT AGREEMENT | CONSENT TO SELL FOR COMMERCIAL DEVELOPMENT | CONSENT TO SELL FOR RESIDENTIAL DEVELOPMENT,Named development,
1994-1995,23/11/1994,auction,NKIL 6208,212 LAI CHI KOK RD,R1,residential,84,14,,high,,,,,,,,,govt-led,FY rule: pre-Application-List era (List began Apr 1999),,,,,,,,,,,,,,,,,,,,,,No consent,
1994-1995,23/11/1994,auction,TPTL 139,TAI PO OLD MARKET AREA 2,R1,residential,2367,372,,high,,,TAI PO TOWN LOT NO. 139,N.A.,N.A.,N.A. | N.A. | N.A.,22.4528707,114.164332,govt-led,FY rule: pre-Application-List era (List began Apr 1999),,,,,,,,,,,,,,,,,,,,La Fontaine,APPROVAL OF DEED OF MUTUAL COVENANT AND MANAGEMENT AGREEMENT | APPROVAL OF SUB-DEED OF MUTUAL COVENANT AND MANAGEMENT AGREEMENT | CONSENT TO SELL FOR RESIDENTIAL DEVELOPMENT,Named development,
1994-1995,23/11/1994,auction,SIL 811,351-361 SHAUKEIWAN RD,C,commercial,452,190,,high,,,SHAU KEI WAN INLAND LOT NO. 811,N.A.,N.A.,N.A. | N.A. | N.A.,22.27747203,114.227602,govt-led,FY rule: pre-Application-List era (List began Apr 1999),,,,,,,,,,,,,,,,,,,,Lancashire Centre,APPROVAL OF DEED OF MUTUAL COVENANT AND MANAGEMENT AGREEMENT,Named development,
1994-1995,14/12/1994,auction,KCTL 437,WING HAU ST,OU,special_use_other,6242,170,,high,,,KWAI CHUNG TOWN LOT NO. 437,N.A.,N.A.,N.A. | N.A. | N.A.,22.3596297,114.1181655,govt-led,FY rule: pre-Application-List era (List began Apr 1999),,,,,,,,,,,,,,,,,,,,,,No consent,
1994-1995,25/01/1995,auction,APIL 129,AP LEI CHAU PRAYA RD,I,industrial,16770,230,,high,,,AP LEI CHAU INLAND LOT NO. 129,N.A.,N.A.,N.A. | N.A. | N.A.,22.24010115,114.1595977,govt-led,FY rule: pre-Application-List era (List began Apr 1999),,,,,,,,,,,,,,,,,,,,"Larvotto | Larvotto (Unit 1 on G/F and Commercial Car Parking Spaces Nos. 135, 136, 137 & 138 on G/F)",APPROVAL OF DEED OF MUTUAL COVENANT AND MANAGEMENT AGREEMENT | APPROVAL OF SUB-DEED OF MUTUAL COVENANT | CHEERJOY DEVELOPMENT LIMITED | CONSENT TO SELL FOR COMMERCIAL DEVELOPMENT | CONSENT TO SELL FOR RESIDENTIAL DEVELOPMENT,Named development,-- | 9 June 2010
1994-1995,25/01/1995,auction,STTL 108,KAU TO,R3,residential,6500,171,,high,,,SHA TIN TOWN LOT NO. 108,N.A.,N.A.,N.A. | N.A. | N.A.,22.40814086,114.2046899,govt-led,FY rule: pre-Application-List era (List began Apr 1999),,,,,,,,,,,,,,,,,,,,,,No consent,
1994-1995,17/02/1995,tender,TKOTL 44,"AREA 16, TSEUNG KWAN O",PFS,petrol_or_ev,2640,110.22,,high,,,TSEUNG KWAN O TOWN LOT NO. 44,N.A.,N.A.,N.A. | N.A. | N.A.,22.32180152,114.2548534,govt-led,FY rule: pre-Application-List era (List began Apr 1999),,,,,,,,,,,,,,,,,,,,,,No consent,
1994-1995,22/02/1995,auction,StIL 74,"ADJ. NO.7, STANLEY MAIN ST",R1,residential,211,53.5,,high,,,STANLEY INLAND LOT NO. 74,N.A.,N.A.,N.A. | N.A. | N.A.,22.21738588,114.2128089,govt-led,FY rule: pre-Application-List era (List began Apr 1999),,,,,,,,,,,,,,,,,,,,,,No consent,
1994-1995,22/02/1995,auction,KIL 11064,9 COX'S RD & 1-6 COX'S PATH,R2,residential,4126,1020,,high,,,,,,,,,govt-led,FY rule: pre-Application-List era (List began Apr 1999),,,,,,,,,,,,,,,,,,,,Carmen's Garden,APPROVAL OF DEED OF MUTUAL COVENANT AND MANAGEMENT AGREEMENT | CONSENT TO SELL FOR RESIDENTIAL DEVELOPMENT,Named development,
1994-1995,28/02/1995,tender,CWIL 154,SIU SAI WAN RECLAMATION,PSPS,residential,27530,800.08,,high,,,,,,,,,govt-led,FY rule: pre-Application-List era (List began Apr 1999),,,,,,,,,,,,,,,,,,,,Harmony Garden,APPROVAL OF DEED OF MUTUAL COVENANT | APPROVAL OF MANAGEMENT AGREEMENT | CONSENT TO ASSIGN FOR RESIDENTIAL DEVELOPMENT | CONSENT TO SELL FOR COMMERCIAL DEVELOPMENT | CONSENT TO SELL FOR RESIDENTIAL DEVELOPMENT,Named development,
1994-1995,14/03/1995,auction,NKIL 6217,"FUNG SHING ST, NGAU CHI WAN",R1,residential,13999,1610,,high,,,,,,,,,govt-led,FY rule: pre-Application-List era (List began Apr 1999),,,,,,,,,,,,,,,,,,,,Scenic View,APPROVAL OF DEED OF MUTUAL COVENANT AND MANAGEMENT AGREEMENT | CONSENT TO SELL FOR RESIDENTIAL DEVELOPMENT,Named development,
1994-1995,14/03/1995,auction,STTL 435,"AREA 90, MA ON SHAN",R2,residential,10900,1240,,high,,,SHA TIN TOWN LOT NO. 435,N.A.,N.A.,N.A. | N.A. | N.A.,22.41811515,114.2237193,govt-led,FY rule: pre-Application-List era (List began Apr 1999),,,,,,,,,,,,,,,,,,,,Baycrest,APPROVAL OF DEED OF MUTUAL COVENANT AND MANAGEMENT AGREEMENT | CONSENT TO SELL FOR RESIDENTIAL DEVELOPMENT | GREAT CHEER DEVELOPMENT LIMITED,Named development,8-May-99
1994-1995,14/03/1995,auction,TMTL 391,"AREA 16, TUEN MUN, N.T.",C,commercial,4991,137,,high,,,TUEN MUN TOWN LOT NO. 391,N.A.,N.A.,N.A. | N.A. | N.A.,22.38123785,113.9717747,govt-led,FY rule: pre-Application-List era (List began Apr 1999),,,,,,,,,,,,,,,,,,,,Tuen Mun Central Square,APPROVAL OF DEED OF MUTUAL COVENANT AND MANAGEMENT AGREEMENT | CONSENT TO SELL FOR NON-RESIDENTIAL DEVELOPMENT | SUM LUNG INVESTMENT CO. LTD.,Named development,31-Mar-99
1994-1995,17/03/1995,tender,STTL 432,J/O ON SUM ST/ON PING ST,PFS,petrol_or_ev,1530,110,,high,,,SHA TIN TOWN LOT NO. 432,N.A.,N.A.,N.A. | N.A. | N.A.,22.3926078,114.2083559,govt-led,FY rule: pre-Application-List era (List began Apr 1999),,,,,,,,,,,,,,,,,,,,,,No consent,
1994-1995,27/03/1995,auction,KIL 11075,"CHUNG HAU ST, HOMANTIN",R1,residential,3380,920,,high,,,,,,,,,govt-led,FY rule: pre-Application-List era (List began Apr 1999),,,,,,,,,,,,,,,,,,,,Dragon View,APPROVAL OF DEED OF MUTUAL COVENANT AND MANAGEMENT AGREEMENT | CONSENT TO SELL FOR RESIDENTIAL DEVELOPMENT,Named development,
1994-1995,27/03/1995,auction,TKOTL 49,"AREA 37C, TSEUNG KWAN O",R1,residential,5970,1060,,high,,,TSEUNG KWAN O TOWN LOT NO. 49,N.A.,N.A.,N.A. | N.A. | N.A.,22.31460764,114.2656033,govt-led,FY rule: pre-Application-List era (List began Apr 1999),,,,,,,,,,,,,,,,,,,,Maritime Bay,APPROVAL OF DEED OF MUTUAL COVENANT | CONSENT TO SELL FOR RESIDENTIAL DEVELOPMENT,Named development,
1994-1995,27/03/1995,auction,STTL 428,MA ON SHAN TOWN CENTRE,C/R,commercial_residential_mixed,10306,1320,,high,,,SHA TIN TOWN LOT NO. 428,N.A.,N.A.,N.A. | N.A. | N.A.,22.42685377,114.2327848,govt-led,FY rule: pre-Application-List era (List began Apr 1999),,,,,,,,,,,,,,,,,,,,,,No consent,
1994-1995,27/03/1995,auction,YLTL 467,"TOWN PARK RD, YUEN LONG",R2,residential,2155,70,,high,,,YUEN LONG TOWN LOT NO. 467,N.A.,N.A.,N.A. | N.A. | N.A.,22.43971795,114.0190072,govt-led,FY rule: pre-Application-List era (List began Apr 1999),,,,,,,,,,,,,,,,,,,,Villa Art Deco,APPROVAL OF DEED OF MUTUAL COVENANT AND MANAGEMENT AGREEMENT | CONSENT TO SELL FOR RESIDENTIAL DEVELOPMENT,Named development,
1994-1995,30/03/1995,auction,KIL 11063,KING'S PARK RISE,R2,residential,15644,1330,,high,,,,,,,,,govt-led,FY rule: pre-Application-List era (List began Apr 1999),,,,,,,,,,,,,,,,,,,,King's Park Hill,APPROVAL OF DEED OF MUTUAL COVENANT AND MANAGEMENT AGREEMENT | CONSENT TO SELL FOR RESIDENTIAL DEVELOPMENT | LANE SUCCESS DEVELOPMENT LIMITED,Named development,29-Dec-99
1994-1995,30/03/1995,auction,in DD 213 LOT 323,"SHA HA, SAI KUNG",R3,residential,900,30,,high,,,,,,,,,govt-led,FY rule: pre-Application-List era (List began Apr 1999),,,,,,,,,,,,,,,,,,,,,,No consent,
1994-1995,30/03/1995,auction,YLTL 450,TOWN PARK RD NORTH,R2,residential,16301,465,,high,,,YUEN LONG TOWN LOT NO. 450,N.A.,N.A.,N.A. | N.A. | N.A.,22.44270544,114.0174009,govt-led,FY rule: pre-Application-List era (List began Apr 1999),,,,,,,,,,,,,,,,,,,,Park Royale | Park Royale - Towers 1-3 & 5-11,APPROVAL OF DEED OF MUTUAL COVENANT AND MANAGEMENT AGREEMENT | CONSENT TO SELL FOR RESIDENTIAL DEVELOPMENT,Named development,
1995-1996,28/06/1995,auction,TPTL 117,"AREA 30, TAI PO",R3,residential,26310,500,,high,,,TAI PO TOWN LOT NO. 117,N.A.,N.A.,N.A. | N.A. | N.A.,22.46404086,114.1946644,govt-led,FY rule: pre-Application-List era (List began Apr 1999),,,,,,,,,,,,,,,,,,,,Casa Marina I | Marino Casa,APPROVAL OF DEED OF MUTUAL COVENANT AND MANAGEMENT AGREEMENT | CONSENT TO SELL FOR RESIDENTIAL DEVELOPMENT | DAREN INTERNATIONAL LIMITED,Named development,11-Jun-99
1995-1996,28/06/1995,auction,SIL 825,SHAUKEIWAN MAIN ST EAST,R1,residential,1296,320,,high,,,SHAU KEI WAN INLAND LOT NO. 825,N.A.,N.A.,N.A. | N.A. | N.A.,22.28106758,114.2304426,govt-led,FY rule: pre-Application-List era (List began Apr 1999),,,,,,,,,,,,,,,,,,,,Newton Harbour View Tower 2,APPROVAL OF DEED OF MUTUAL COVENANT AND MANAGEMENT AGREEMENT | APPROVAL OF SUB-DEED OF MUTUAL COVENANT AND MANAGEMENT AGREEMENT | CONSENT TO SELL FOR RESIDENTIAL DEVELOPMENT,Named development,
1995-1996,3/8/1995,tender,IL 8822,CRII - TAMAR C37,C,commercial,3480,3351,,high,,,INLAND LOT NO. 8822,N.A.,N.A.,N.A. | N.A. | N.A.,22.28057719,114.1671517,govt-led,FY rule: pre-Application-List era (List began Apr 1999),,,,,,,,,,,,,,,,,,,,,,No consent,
1995-1996,14/08/1995,tender,TMTL 402,"AREA 30A, TUEN MUN",PFS,petrol_or_ev,810,132.34,,high,,,TUEN MUN TOWN LOT NO. 402,N.A.,N.A.,N.A. | N.A. | N.A.,22.40172577,113.9770223,govt-led,FY rule: pre-Application-List era (List began Apr 1999),,,,,,,,,,,,,,,,,,,,,,No consent,
1995-1996,19/09/1995,tender,TMTL 388,"AREA 16, TUEN MUN, N.T.",G,institutional_public,1305,10.1,,high,,,TUEN MUN TOWN LOT NO. 388,N.A.,N.A.,N.A. | N.A. | N.A.,22.38025281,113.971213,govt-led,FY rule: pre-Application-List era (List began Apr 1999),,,,,,,,,,,,,,,,,,,,,,No consent,
1995-1996,26/09/1995,auction,TPTL 97,"LAI CHI SHAN, AREA 37, TAI PO",R3,residential,15300,280,,high,,,TAI PO TOWN LOT NO. 97,N.A.,N.A.,N.A. | N.A. | N.A.,22.4359027,114.1676558,govt-led,FY rule: pre-Application-List era (List began Apr 1999),,,,,,,,,,,,,,,,,,,,The Paramount,APPROVAL OF DEED OF MUTUAL COVENANT AND MANAGEMENT AGREEMENT | CONSENT TO SELL FOR RESIDENTIAL DEVELOPMENT,Named development,
1995-1996,26/09/1995,auction,KCTL 452,"SHING YIU ST., KWAI CHUNG",I,industrial,6525,88,,high,,,KWAI CHUNG TOWN LOT NO. 452,N.A.,N.A.,N.A. | N.A. | N.A.,22.362592,114.1189604,govt-led,FY rule: pre-Application-List era (List began Apr 1999),,,,,,,,,,,,,,,,,,,,,,No consent,
1995-1996,31/10/1995,tender,TMTL 389,"AREA 16, TUEN MUN, N.T.",G,institutional_public,1838,13.8,,high,,,TUEN MUN TOWN LOT NO. 389,N.A.,N.A.,N.A. | N.A. | N.A.,22.37990528,113.9704509,govt-led,FY rule: pre-Application-List era (List began Apr 1999),,,,,,,,,,,,,,,,,,,,,,No consent,
1995-1996,27/11/1995,auction,RBL 1119,26 MOUNT KELLETT RD,R3,residential,1936,107,,high,,,RURAL BUILDING LOT NO. 1119,N.A.,N.A.,N.A. | N.A. | N.A.,22.26335369,114.1492137,govt-led,FY rule: pre-Application-List era (List began Apr 1999),,,,,,,,,,,,,,,,,,,,,,No consent,
1995-1996,27/11/1995,auction,TWTL 377,WO TIK ST,C/R,commercial_residential_mixed,572,95,,high,,,TSUEN WAN TOWN LOT NO. 377,N.A.,N.A.,N.A. | N.A. | N.A.,22.37005871,114.1147726,govt-led,FY rule: pre-Application-List era (List began Apr 1999),,,,,,,,,,,,,,,,,,,,Kam Fung Court,APPROVAL OF DEED OF MUTUAL COVENANT AND MANAGEMENT AGREEMENT | CONSENT TO SELL FOR RESIDENTIAL DEVELOPMENT | WIDE FAME INVESTMENT LIMITED,Named development,29-Dec-99
1995-1996,4/12/1995,tender,TKOTL 50,"AREA 55, TSEUNG KWAN O",PSPS,residential,29281,1141,,high,,,TSEUNG KWAN O TOWN LOT NO. 50,N.A.,N.A.,N.A. | N.A. | N.A.,22.31044653,114.2618932,govt-led,FY rule: pre-Application-List era (List began Apr 1999),,,,,,,,,,,,,,,,,,,,Beverly Garden,APPROVAL OF DEED OF MUTUAL COVENANT | APPROVAL OF MANAGEMENT AGREEMENT | APPROVAL OF SUB-DEED OF MUTUAL COVENANT | CONSENT TO ASSIGN FOR RESIDENTIAL DEVELOPMENT | CONSENT TO SELL FOR NON-RESIDENTIAL DEVELOPMENT | CONSENT TO SELL FOR RESIDENTIAL DEVELOPMENT,Named development,
1995-1996,13/12/1995,tender,FSSTL 127,"LUEN WO HUI, FANLING",C/R,commercial_residential_mixed,11288,875.8,,high,,,FANLING SHEUNG SHUI TOWN LOT NO. 127,N.A.,N.A.,N.A. | N.A. | N.A.,22.50070195,114.1438799,govt-led,FY rule: pre-Application-List era (List began Apr 1999),,,,,,,,,,,,,,,,,,,,Regentville,APPROVAL OF DEED OF MUTUAL COVENANT AND MANAGEMENT AGREEMENT | CONSENT TO SELL FOR NON-RESIDENTIAL DEVELOPMENT | CONSENT TO SELL FOR RESIDENTIAL DEVELOPMENT | FAIRVIEW MOUNT LIMITED,Named development,12 Aug 1999 | 31 Mar 2001
1995-1996,19/12/1995,auction,IL 8870,GL NEAR 42 STUBBS RD,R2,residential,3045,860,,high,,,INLAND LOT NO. 8870,N.A.,N.A.,N.A. | N.A. | N.A.,22.26554131,114.1836368,govt-led,FY rule: pre-Application-List era (List began Apr 1999),,,,,,,,,,,,,,,,,,,,Summit,APPROVAL OF DEED OF MUTUAL COVENANT AND MANAGEMENT AGREEMENT,Named development,
1995-1996,19/12/1995,auction,IL 8871,44 JARDINE CRESCENT,C/R,commercial_residential_mixed,550,191,,high,,,INLAND LOT NO. 8871,N.A.,N.A.,N.A. | N.A. | N.A.,22.27915988,114.1851919,govt-led,FY rule: pre-Application-List era (List began Apr 1999),,,,,,,,,,,,,,,,,,,,,,No consent,
1995-1996,25/01/1996,tender,KIL 11082,"MONGKOK WEST, WEST KOWLOON RECLAMATION",PSPS,residential,38100,1904,,high,,,,,,,,,govt-led,FY rule: pre-Application-List era (List began Apr 1999),,,,,,,,,,,,,,,,,,,,Charming Garden,APPROVAL OF DEED OF MUTUAL COVENANT AND MANAGEMENT AGREEMENT | APPROVAL OF SUB-DEED OF MUTUAL COVENANT AND MANAGEMENT AGREEMENT | CONSENT TO ASSIGN FOR RESIDENTIAL DEVELOPMENT | CONSENT TO SELL FOR COMMERCIAL DEVELOPMENT | CONSENT TO SELL FOR RESIDENTIAL DEVELOPMENT,Named development,
1995-1996,5/2/1996,tender,FSSTL 185,"AREA 47A, FANLING, NT",C/R,commercial_residential_mixed,8000,752.74,,high,,,FANLING SHEUNG SHUI TOWN LOT NO. 185,N.A.,N.A.,N.A. | N.A. | N.A.,22.48735796,114.1435259,govt-led,FY rule: pre-Application-List era (List began Apr 1999),,,,,,,,,,,,,,,,,,,,,,No consent,
1995-1996,5/2/1996,tender,FSSTL 186,"AREA 47A, FANLING, NT",C/R,commercial_residential_mixed,21160,2186.98,,high,,,FANLING SHEUNG SHUI TOWN LOT NO. 186,N.A.,N.A.,N.A. | N.A. | N.A.,22.48709119,114.1443529,govt-led,FY rule: pre-Application-List era (List began Apr 1999),,,,,,,,,,,,,,,,,,,,,,No consent,
1995-1996,5/2/1996,tender,STTL 446,"AREA 108, MA ON SHAN",R2,residential,25825,2718,,high,,,SHA TIN TOWN LOT NO. 446,N.A.,N.A.,N.A. | N.A. | N.A.,22.42697608,114.2436154,govt-led,FY rule: pre-Application-List era (List began Apr 1999),,,,,,,,,,,,,,,,,,,,Monte Vista,WONDER PACIFIC INVESTMENT LIMITED,Named development,15-Mar-99
1995-1996,1/3/1996,tender,KCTL 455,KWAI FUK RD,OU,special_use_other,16960,361,,high,,,KWAI CHUNG TOWN LOT NO. 455,N.A.,N.A.,N.A. | N.A. | N.A.,22.36338742,114.1210378,govt-led,FY rule: pre-Application-List era (List began Apr 1999),,,,,,,,,,,,,,,,,,,,,,No consent,
1995-1996,18/03/1996,auction,KIL 11084,CDA SITE IN HUNG HOM BAY RECLAMATION,C/R,commercial_residential_mixed,15073,4725,,high,,,,,,,,,govt-led,FY rule: pre-Application-List era (List began Apr 1999),,,,,,,,,,,,,,,,,,,,Royal Peninsula,APPROVAL OF DEED OF MUTUAL COVENANT AND MANAGEMENT AGREEMENT | CONSENT TO SELL FOR RESIDENTIAL DEVELOPMENT | TOPCYCLE DEVELOPMENT LIMITED,Named development,30-Sep-99
1995-1996,18/03/1996,auction,TPTL 141,TAI PO OLD MARKET,R1,residential,466,70,,high,,,TAI PO TOWN LOT NO. 141,N.A.,N.A.,N.A. | N.A. | N.A.,22.45414406,114.1651674,govt-led,FY rule: pre-Application-List era (List began Apr 1999),,,,,,,,,,,,,,,,,,,,Fuller Gardens (Phase II) - Cinnamon Court,APPROVAL OF DEED OF MUTUAL COVENANT AND MANAGEMENT AGREEMENT | CONSENT TO SELL FOR RESIDENTIAL DEVELOPMENT,Named development,
1995-1996,18/03/1996,tender,TMTL 397,"AREA 16, TUEN MUN, N.T.",G,institutional_public,4201,38.2,,high,,,TUEN MUN TOWN LOT NO. 397,N.A.,N.A.,N.A. | N.A. | N.A.,22.38095027,113.9728821,govt-led,FY rule: pre-Application-List era (List began Apr 1999),,,,,,,,,,,,,,,,,,,,UTi Logistics Centre,CONSENT TO SELL FOR INDUSTRIAL DEVELOPMENT | GLORY KINGDOM LIMITED,Named development,Occupation Permit issued on 31 Mar 2006
1995-1996,18/03/1996,auction,CWIL 156,"HONG MAN ST, CHAI WAN",C/R,commercial_residential_mixed,1591,440,,high,,,,,,,,,govt-led,FY rule: pre-Application-List era (List began Apr 1999),,,,,,,,,,,,,,,,,,,,Bayview Park,APPROVAL OF DEED OF MUTUAL COVENANT AND MANAGEMENT AGREEMENT | CONSENT TO SELL FOR RESIDENTIAL DEVELOPMENT,Named development,
1995-1996,18/03/1996,auction,IL 8828,WYNDHAM ST/ARBUTHNOT RD,C,commercial,1585,765,,high,,,INLAND LOT NO. 8828,N.A.,N.A.,N.A. | N.A. | N.A.,22.28057597,114.1546635,govt-led,FY rule: pre-Application-List era (List began Apr 1999),,,,,,,,,,,,,,,,,,,,The Centrium | The Centrium (16/F),APPROVAL OF DEED OF MUTUAL COVENANT AND MANAGEMENT AGREEMENT | APPROVAL OF SUB-DEED OF MUTUAL COVENANT | CONSENT TO SELL FOR COMMERCIAL DEVELOPMENT | FIRM WISE INVESTMENT LIMITED,Named development,30-Sep-01
1995-1996,22/03/1996,tender,TMTL 395,"LUNG MUN RD, TUEN MUN",PSPS,residential,38300,331,,high,,,TUEN MUN TOWN LOT NO. 395,N.A.,N.A.,N.A. | N.A. | N.A.,22.38504221,113.96671,govt-led,FY rule: pre-Application-List era (List began Apr 1999),,,,,,,,,,,,,,,,,,,,"Lung Mun Oasis | Lung Mun Oasis (Kindergarten) | Lung Mun Oasis (Phase I) | Lung Mun Oasis (Phase I) - Blocks 1-4 & 8-11 | Lung Mun Oasis (Phase II) | Lung Mun Oasis (Phase II) - Blocks 5-7 & 12-16 | Lung Mun Oasis (Phases I & II) | Lung Mun Oasis (Supermarket, Wet Market & Shops)",APPROVAL OF DEED OF MUTUAL COVENANT AND MANAGEMENT AGREEMENT | APPROVAL OF SUB-DEED OF MUTUAL COVENANT AND MANAGEMENT AGREEMENT | APPROVAL OF SUB-SUB-DEED OF MUTUAL COVENANT | CONSENT TO ASSIGN FOR NON-RESIDENTIAL DEVELOPMENT | CONSENT TO ASSIGN FOR RESIDENTIAL DEVELOPMENT | CONSENT TO SELL FOR NON-RESIDENTIAL DEVELOPMENT | CONSENT TO SELL FOR RESIDENTIAL DEVELOPMENT,Named development,
1995-1996,29/03/1996,tender,TMTL 393,"AREA 38, LUNG MUN RD",OU,special_use_other,650242,1141.11,,high,,,TUEN MUN TOWN LOT NO. 393,N.A.,N.A.,N.A. | N.A. | N.A.,22.36416379,113.9405561,govt-led,FY rule: pre-Application-List era (List began Apr 1999),,,,,,,,,,,,,,,,,,,,,,No consent,
1996-1997,14/08/1996,auction,SOIL 96,SHEK O HEADLAND,R3,residential,276,17,,high,,,SHEK O INLAND LOT NO. 96,N.A.,N.A.,N.A. | N.A. | N.A.,22.22921941,114.2548894,govt-led,FY rule: pre-Application-List era (List began Apr 1999),,,,,,,,,,,,,,,,,,,,,,No consent,
1996-1997,14/08/1996,auction,TPTL 118,AREA 30 (SITE 1),R3,residential,21200,535,,high,,,TAI PO TOWN LOT NO. 118,N.A.,N.A.,N.A. | N.A. | N.A.,22.46624449,114.1926826,govt-led,FY rule: pre-Application-List era (List began Apr 1999),,,,,,,,,,,,,,,,,,,,Casa Marina II,APPROVAL OF DEED OF MUTUAL COVENANT AND MANAGEMENT AGREEMENT | CONSENT TO SELL FOR RESIDENTIAL DEVELOPMENT | HINTMAX DEVELOPMENT LIMITED,Named development,27-Oct-99
1996-1997,19/08/1996,tender,TMTL 390,"AREA 16, TUEN MUN, N.T.",G,institutional_public,2128,17.2,,high,,,TUEN MUN TOWN LOT NO. 390,N.A.,N.A.,N.A. | N.A. | N.A.,22.38146196,113.9739098,govt-led,FY rule: pre-Application-List era (List began Apr 1999),,,,,,,,,,,,,,,,,,,,,,No consent,
1996-1997,18/10/1996,tender,KCTL 470,CONTAINER PORT RD,PFS,petrol_or_ev,1575,165,,high,,,KWAI CHUNG TOWN LOT NO. 470,N.A.,N.A.,N.A. | N.A. | N.A.,22.35446136,114.1256124,govt-led,FY rule: pre-Application-List era (List began Apr 1999),,,,,,,,,,,,,,,,,,,,,,No consent,
1996-1997,22/10/1996,tender,TMTL 398,"AREA 16, TUEN MUN, N.T.",G,institutional_public,2919,26.91,,high,,,TUEN MUN TOWN LOT NO. 398,N.A.,N.A.,N.A. | N.A. | N.A.,22.38054265,113.9718923,govt-led,FY rule: pre-Application-List era (List began Apr 1999),,,,,,,,,,,,,,,,,,,,,,No consent,
1996-1997,29/10/1996,,TWTL 376,SHIU WO ST,C/R,commercial_residential_mixed,1020,4.42,,high,,,TSUEN WAN TOWN LOT NO. 376,N.A.,N.A.,N.A. | N.A. | N.A.,22.37230834,114.1175194,govt-led,FY rule: pre-Application-List era (List began Apr 1999),,,,,,,,,,,,,,,,,,,,Brighton Place | Brighton Place (Shops & Car Parking Spaces),APPROVAL OF DEED OF MUTUAL COVENANT AND MANAGEMENT AGREEMENT | CONSENT TO SELL FOR COMMERCIAL DEVELOPMENT | CONSENT TO SELL FOR RESIDENTIAL DEVELOPMENT | KEE YET COMPANY LIMITED,Named development,10 Feb 1999 | 21 Feb 2000
1996-1997,13/11/1996,auction,"LOT 729 in DD MUI WO, LANTAU","4 MUI WO, LANTAU",C,commercial,720,10,,high,,,,,,,,,govt-led,FY rule: pre-Application-List era (List began Apr 1999),,,,,,,,,,,,,,,,,,,,,,No consent,
1996-1997,13/11/1996,auction,YLTL 491,J/O MA TIN RD/TAI YUK RD,C/R,commercial_residential_mixed,4206,370,,high,,,YUEN LONG TOWN LOT NO. 491,N.A.,N.A.,N.A. | N.A. | N.A.,22.44067773,114.0216484,govt-led,FY rule: pre-Application-List era (List began Apr 1999),,,,,,,,,,,,,,,,,,,,Springdale Villas,APPROVAL OF DEED OF MUTUAL COVENANT AND MANAGEMENT AGREEMENT | CONSENT TO SELL FOR RESIDENTIAL DEVELOPMENT | DRAGON VIEW (HK) LIMITED,Named development,17-Jun-99
1996-1997,5/12/1996,tender,TMTL 405,"LUNG MUN RD., TUEN MUN",PSPS,residential,36941,380,,high,,,TUEN MUN TOWN LOT NO. 405,N.A.,N.A.,N.A. | N.A. | N.A.,22.38328905,113.9657513,govt-led,FY rule: pre-Application-List era (List began Apr 1999),,,,,,,,,,,,,,,,,,,,Glorious Garden | Glorious Garden (Blocks 1-12) | Glorious Garden (Phase I) - Non-residential units & residential units in Blocks 1-5 & 11-12 & car parking spaces | Glorious Garden (Shops),"APPROVAL OF DEED OF MUTUAL COVENANT | APPROVAL OF MANAGEMENT AGREEMENT | APPROVAL OF SUB-DEED OF MUTUAL COVENANT | CONSENT TO ASSIGN FOR NON-RESIDENTIAL UNITS, RESIDENTIAL UNITS AND CAR PARKING SPACES | CONSENT TO ASSIGN FOR RESIDENTIAL DEVELOPMENT | CONSENT TO SELL FOR NON-RESIDENTIAL DEVELOPMENT | CONSENT TO SELL FOR RESIDENTIAL DEVELOPMENT",Named development,N.A.
1996-1997,11/12/1996,auction,NKIL 6235,TSEUK LUK ST,C/R,commercial_residential_mixed,222,61,,high,,,,,,,,,govt-led,FY rule: pre-Application-List era (List began Apr 1999),,,,,,,,,,,,,,,,,,,,Wealth Court,APPROVAL OF DEED OF MUTUAL COVENANT AND MANAGEMENT AGREEMENT,Named development,
1996-1997,11/12/1996,auction,IL 8874,152 ELECTRIC RD,C,commercial,1223,760,,high,,,INLAND LOT NO. 8874,N.A.,N.A.,N.A. | N.A. | N.A.,22.28643768,114.1917307,govt-led,FY rule: pre-Application-List era (List began Apr 1999),,,,,,,,,,,,,,,,,,,,e. Point,APPROVAL OF DEED OF MUTUAL COVENANT AND MANAGEMENT AGREEMENT | BEST ORIGIN LIMITED | CONSENT TO SELL FOR COMMERCIAL DEVELOPMENT,Named development,31-Dec-00
1996-1997,9/1/1997,tender,SIL 826,A KUNG NGAM,IG,industrial,2311,142.8,,high,,,SHAU KEI WAN INLAND LOT NO. 826,N.A.,N.A.,N.A. | N.A. | N.A.,22.28250066,114.2320092,govt-led,FY rule: pre-Application-List era (List began Apr 1999),,,,,,,,,,,,,,,,,,,,,,No consent,
1996-1997,15/01/1997,auction,RBL 1133,SOUTH BAY RD,R3,residential,2008,230,,high,,,RURAL BUILDING LOT NO. 1133,N.A.,N.A.,N.A. | N.A. | N.A.,22.23344495,114.1988934,govt-led,FY rule: pre-Application-List era (List began Apr 1999),,,,,,,,,,,,,,,,,,,,,,No consent,
1996-1997,15/01/1997,auction,TMTL 355,18 1/2 MS CASTLE PEAK RD,R3,residential,5080,258,,high,,,TUEN MUN TOWN LOT NO. 355,N.A.,N.A.,N.A. | N.A. | N.A.,22.37420644,113.9894276,govt-led,FY rule: pre-Application-List era (List began Apr 1999),,,,,,,,,,,,,,,,,,,,Palm Beach,APPROVAL OF DEED OF MUTUAL COVENANT AND MANAGEMENT AGREEMENT,Named development,
1996-1997,21/01/1997,tender,LOT 1000 in 40,DD SHA TAU KOK,R2,residential,1167,26.8,,high,GREENSIDE PARADISE,DD SHA TAU KOK,,,,,,,govt-led,FY rule: pre-Application-List era (List began Apr 1999),,,,,,,,,,,,,,,,,,,,,,No consent,
1996-1997,22/02/1997,tender,NKIL 6215,CHEUNG YIP ST/LAM CHAK ST,IG,industrial,6541,233.6,,high,,,,,,,,,govt-led,FY rule: pre-Application-List era (List began Apr 1999),,,,,,,,,,,,,,,,,,,,,,No consent,
1996-1997,11/3/1997,tender,STTL 347,ON LAI ST/ON PING ST,C,commercial,6500,333,,high,,,SHA TIN TOWN LOT NO. 347,N.A.,N.A.,N.A. | N.A. | N.A.,22.39092838,114.2066092,govt-led,FY rule: pre-Application-List era (List began Apr 1999),,,,,,,,,,,,,,,,,,,,,,No consent,
1996-1997,18/03/1997,tender,RBL 1135,POK FU LAM RD,PFS,petrol_or_ev,811,125.3,,high,,,RURAL BUILDING LOT NO. 1135,N.A.,N.A.,N.A. | N.A. | N.A.,22.27500288,114.130042,govt-led,FY rule: pre-Application-List era (List began Apr 1999),,,,,,,,,,,,,,,,,,,,,,No consent,
1996-1997,18/03/1997,tender,RBL 1136,SHOUSON HILL RD,C,commercial,1242,86,,high,,,RURAL BUILDING LOT NO. 1136,N.A.,N.A.,N.A. | N.A. | N.A.,22.24910559,114.1812204,govt-led,FY rule: pre-Application-List era (List began Apr 1999),,,,,,,,,,,,,,,,,,,,,,No consent,
1996-1997,22/03/1997,tender,AIL 436,ABERDEEN PRAYA RD,PSPS,residential,4637,165,,high,,,ABERDEEN INLAND LOT NO. 436,N.A.,N.A.,N.A. | N.A. | N.A.,22.24725342,114.1593349,govt-led,FY rule: pre-Application-List era (List began Apr 1999),,,,,,,,,,,,,,,,,,,,Ocean Court,APPROVAL OF DEED OF MUTUAL COVENANT | APPROVAL OF MANAGEMENT AGREEMENT | APPROVAL OF SUB-DEED OF MUTUAL COVENANT AND MANAGEMENT AGREEMENT | CONSENT TO ASSIGN FOR RESIDENTIAL DEVELOPMENT | CONSENT TO SELL FOR COMMERCIAL DEVELOPMENT | CONSENT TO SELL FOR RESIDENTIAL DEVELOPMENT | MODERN MIND COMPANY LIMITED,Named development,23 Dec 1999 | 24 Mar 1999 | N.A.
1996-1997,25/03/1997,auction,KIL 11091,"CHUNG HAU ST, HOMANTIN",R1,residential,2627,1400,,high,,,,,,,,,govt-led,FY rule: pre-Application-List era (List began Apr 1999),,,,,,,,,,,,,,,,,,,,Ellery Terrace,APPROVAL OF DEED OF MUTUAL COVENANT AND MANAGEMENT AGREEMENT | CONSENT TO SELL FOR RESIDENTIAL DEVELOPMENT | MAXJET COMPANY LIMITED,Named development,7-May-99
1996-1997,25/03/1997,auction,CWIL 152,SIU SAI WAN RECLAMATION,R1,residential,25592,11820,,high,,,CHAI WAN INLAND LOT NO. 152,N.A.,N.A.,N.A. | N.A. | N.A.,22.26631025,114.2508641,govt-led,FY rule: pre-Application-List era (List began Apr 1999),,,,,,,,,,,,,,,,,,,,Island Resort,APPROVAL OF DEED OF MUTUAL COVENANT AND MANAGEMENT AGREEMENT | CONSENT TO SELL FOR RESIDENTIAL DEVELOPMENT | SILVER LINK INVESTMENT LIMITED,Named development,28-Dec-99
1996-1997,26/03/1997,tender,NKIL 6233,HAMMER HILL RD,PSPS,residential,25702,810,,high,,,,,,,,,govt-led,FY rule: pre-Application-List era (List began Apr 1999),,,,,,,,,,,,,,,,,,,,Grand View Garden | Grand View Garden (Towers 1 - 6),APPROVAL OF DEED OF MUTUAL COVENANT AND MANAGEMENT AGREEMENT | APPROVAL OF SUB-DEED OF MUTUAL COVENANT AND MANAGEMENT AGREEMENT | CONSENT TO ASSIGN FOR RESIDENTIAL DEVELOPMENT | CONSENT TO SELL FOR COMMERCIAL DEVELOPMENT | CONSENT TO SELL FOR RESIDENTIAL DEVELOPMENT | GRAND VIEW PROPERTIES LIMITED,Named development,8 Feb 2000 | N.A.
1997-1998,3/6/1997,auction,RBL 1138,PENDRAGON 150 WONG MA KOK,R3,residential,53126,5500,,high,REGALIA BAY,88 WONG MA KOK ROAD,RURAL BUILDING LOT NO. 1138,N.A.,Chest Gain Development Limited,N.A. | N.A. | N.A.,22.20749728,114.2126803,govt-led,FY rule: pre-Application-List era (List began Apr 1999),,,,,,,,,,,,,,,,,,,,Regalia Bay | Regalia Bay (Phase 1) | Regalia Bay (Phase II),APPROVAL OF DEED OF MUTUAL COVENANT AND MANAGEMENT AGREEMENT | APPROVAL OF SUB-DEED OF MUTUAL COVENANT AND MANAGEMENT AGREEMENT | CHEST GAIN DEVELOPMENT LIMITED | CONSENT TO ASSIGN FOR RESIDENTIAL DEVELOPMENT | CONSENT TO SELL FOR RESIDENTIAL DEVELOPMENT,Named development,1 Sep 2003 | N.A.
1997-1998,3/6/1997,auction,KIL 11055,"WAN HOI ST, HUNG HOM",R1,residential,7402,6060,,high,,,,,,,,,govt-led,FY rule: pre-Application-List era (List began Apr 1999),,,,,,,,,,,,,,,,,,,,Harbourfront Landmark,APPROVAL OF DEED OF MUTUAL COVENANT AND MANAGEMENT AGREEMENT | APPROVAL OF SUB-DEED OF MUTUAL COVENANT AND MANAGEMENT AGREEMENT | CONSENT TO SELL FOR COMMERCIAL DEVELOPMENT | CONSENT TO SELL FOR RESIDENTIAL DEVELOPMENT | MARKETON INVESTMENT LIMITED,Named development,31 Dec 2001 | 5 Sep 2001
1997-1998,3/6/1997,auction,LOT 244 in DD 331,"CHEUNG FU ST, CHEUNG SHA",R4,residential,2240,40,,high,,,LOT NO. 244 IN DEMARCATION DISTRICT NO. 331,N.A.,Asia Chance Investment Limited,N.A. | N.A. | N.A.,22.23655096,113.9489971,govt-led,FY rule: pre-Application-List era (List began Apr 1999),,,,,,,,,,,,,,,,,,,,,,No consent,
1997-1998,10/6/1997,tender,YLTL 461,TUNG TAU INDUSTRIAL AREA,I,industrial,3180,91,,high,,,YUEN LONG TOWN LOT NO. 461,N.A.,N.A.,N.A. | N.A. | N.A.,22.45011124,114.0277389,govt-led,FY rule: pre-Application-List era (List began Apr 1999),,,,,,,,,,,,,,,,,,,,After The Rain | After the Rain,APPROVAL OF DEED OF MUTUAL COVENANT AND MANAGEMENT AGREEMENT | APPROVAL OF SUB-DEED OF MUTUAL COVENANT | CONSENT TO SELL FOR RESIDENTIAL DEVELOPMENT | SINCERE GOLD PROPERTIES LIMITED,Named development,13-Feb-23
1997-1998,27/08/1997,auction,RBL 1132,129 REPULSE BAY RD,R3,residential,10570,5550,,high,,,RURAL BUILDING LOT NO. 1132,N.A.,Gain Regent Development Limited,N.A. | N.A. | N.A.,22.23561311,114.2001706,govt-led,FY rule: pre-Application-List era (List began Apr 1999),,,,,,,,,,,,,,,,,,,,129 Repulse Bay Road,APPROVAL OF DEED OF MUTUAL COVENANT AND MANAGEMENT AGREEMENT,Named development,
1997-1998,27/08/1997,auction,LOT 868 in DD 1 LAMMA,"NGA KAU WAN, LAMMA ISLAND",R3,residential,3920,64,,high,,,"LOT NO. 868 IN DEMARCATION DISTRICT NO. 1, LAMMA ISLAND",N.A.,T & L Securities Limited,N.A. | N.A. | N.A.,22.22974038,114.1104278,govt-led,FY rule: pre-Application-List era (List began Apr 1999),,,,,,,,,,,,,,,,,,,,,,No consent,
1997-1998,27/08/1997,auction,STTL 217,"MEI WO CIRCUIT, AREA 41A, SHA TIN",R4,residential,1307,56,,high,,,SHA TIN TOWN LOT NO. 217,N.A.,Wealth Nice Investment Limited,N.A. | N.A. | N.A.,22.39390181,114.1875081,govt-led,FY rule: pre-Application-List era (List began Apr 1999),,,,,,,,,,,,,,,,,,,,,,No consent,
1997-1998,15/09/1997,auction,APIL 130,HUNG SHING ST/WAI FUNG ST,C/R,commercial_residential_mixed,400,105,,high,,,AP LEI CHAU INLAND LOT NO. 130,N.A.,Qualifair Company Limited,N.A. | N.A. | N.A.,22.24392979,114.156396,govt-led,FY rule: pre-Application-List era (List began Apr 1999),,,,,,,,,,,,,,,,,,,,Kingston Mansion,APPROVAL OF DEED OF MUTUAL COVENANT AND MANAGEMENT AGREEMENT,Named development,
1997-1998,15/09/1997,auction,LOT 13 in DD 231,CHUK KOK,R4,residential,1570,51,,high,,,LOT NO. 13 IN DEMARCATION DISTRICT NO. 231,N.A.,Rillex Investment Limited,N.A. | N.A. | N.A.,22.34635349,114.2592065,govt-led,FY rule: pre-Application-List era (List began Apr 1999),,,,,,,,,,,,,,,,,,,,Emerald Garden,APPROVAL OF DEED OF MUTUAL COVENANT AND MANAGEMENT AGREEMENT,Named development,
1997-1998,14/10/1997,auction,TPTL 161,SHUEN WAN,R3,residential,91265,5600,,high,THE BEVERLY HILLS,23 SAM MUN TSAI ROAD,TAI PO TOWN LOT NO. 161,N.A.,Wealth Team Development Limited,N.A. | N.A. | N.A.,22.45881947,114.2067694,govt-led,FY rule: pre-Application-List era (List began Apr 1999),,,,,,,,,,,,,,,,,,,,"The Beverly Hills (Phases 1 & 2) | The Beverly Hills, Phase 1 and Phase 2",APPROVAL OF DEED OF MUTUAL COVENANT AND MANAGEMENT AGREEMENT | APPROVAL OF SUB-DEED OF MUTUAL COVENANT AND MANAGEMENT AGREEMENT | CONSENT TO SELL FOR RESIDENTIAL DEVELOPMENT | WEALTH TEAM DEVELOPMENT LIMITED,Named development,5-Nov-02
1997-1998,14/10/1997,auction,TMTL 407,"AREA 16, TUEN MUN, N.T.",R1,residential,16587,2900,,high,,,TUEN MUN TOWN LOT NO. 407,N.A.,Macfull Limited,N.A. | N.A. | N.A.,22.38236637,113.9715498,govt-led,FY rule: pre-Application-List era (List began Apr 1999),,,,,,,,,,,,,,,,,,,,Nerine Cove,APPROVAL OF DEED OF MUTUAL COVENANT AND MANAGEMENT AGREEMENT | CONSENT TO SELL FOR RESIDENTIAL DEVELOPMENT | MACFULL LIMITED,Named development,24-May-99
1997-1998,10/11/1997,tender,AIL 435,SHUM WAN RD (SOUTH),PSPS,residential,15855,390,,high,,,ABERDEEN INLAND LOT NO. 435,N.A.,N.A.,N.A. | N.A. | N.A.,22.24285601,114.1652432,govt-led,FY rule: pre-Application-List era (List began Apr 1999),,,,,,,,,,,,,,,,,,,,Broadview Court,APPROVAL OF DEED OF MUTUAL COVENANT | APPROVAL OF MANAGEMENT AGREEMENT | CENTURY METRO DEVELOPMENT LIMITED | CONSENT TO ASSIGN FOR RESIDENTIAL DEVELOPMENT | CONSENT TO SELL FOR COMMERCIAL DEVELOPMENT | CONSENT TO SELL FOR RESIDENTIAL DEVELOPMENT,Named development,20 Apr 2000 | 28 Apr 2002 | 29 Jul 2000 | N.A.
1997-1998,19/11/1997,auction,RBL 1139,"4 CAPE DRIVE, CHUNG HOM KOK",R3,residential,3189,221,,high,NO. 2 CAPE DRIVE,2 CAPE DRIVE,RURAL BUILDING LOT NO. 1139,N.A.,Fairio Limited,N.A. | N.A. | N.A.,22.21714344,114.2058547,govt-led,FY rule: pre-Application-List era (List began Apr 1999),,,,,,,,,,,,,,,,,,,,No. 2 Cape Drive | The Morning Side,APPROVAL OF DEED OF MUTUAL COVENANT AND MANAGEMENT AGREEMENT | CONSENT TO SELL FOR RESIDENTIAL DEVELOPMENT | MAXJET COMPANY LIMITED,Named development,28-Oct-13
1997-1998,19/11/1997,auction,HHIL 550,"BULKELEY ST, HUNG HOM",R1,residential,693,276,,high,,,HUNG HOM INLAND LOT NO. 550,N.A.,Yu Hing Property Development Limited,N.A. | N.A. | N.A.,22.30775947,114.1845317,govt-led,FY rule: pre-Application-List era (List began Apr 1999),,,,,,,,,,,,,,,,,,,,Grand Blossom House,APPROVAL OF DEED OF MUTUAL COVENANT AND MANAGEMENT AGREEMENT,Named development,
1997-1998,1/12/1997,tender,YLTL 497,TUNG TAU INDUSTRIAL AREA,I,industrial,2435,15.1,,high,,,YUEN LONG TOWN LOT NO. 497,N.A.,N.A.,N.A. | N.A. | N.A.,22.45204507,114.029165,govt-led,FY rule: pre-Application-List era (List began Apr 1999),,,,,,,,,,,,,,,,,,,,,,No consent,
1997-1998,11/12/1997,auction,TMTL 416,"AREA 10, TUEN MUN",R1,residential,2293,285,,high,,,TUEN MUN TOWN LOT NO. 416,N.A.,Winfield Investment Limited,N.A. | N.A. | N.A.,22.39959752,113.9764156,govt-led,FY rule: pre-Application-List era (List began Apr 1999),,,,,,,,,,,,,,,,,,,,Parkview Court,APPROVAL OF DEED OF MUTUAL COVENANT AND MANAGEMENT AGREEMENT | CONSENT TO SELL FOR RESIDENTIAL DEVELOPMENT | WINFIELD INVESTMENTS LIMITED,Named development,17-Jun-99
1997-1998,11/12/1997,auction,LOT 2058 in DD 121,"SHA TSENG RD, TONG YAN SAN TSUEN",R3,residential,1950,58,,high,,,LOT NO. 2058 IN DEMARCATION DISTRICT NO. 121,N.A.,Kisland Investment Limited,N.A. | N.A. | N.A.,22.43462732,114.0125046,govt-led,FY rule: pre-Application-List era (List began Apr 1999),,,,,,,,,,,,,,,,,,,,Kisland Villa II,APPROVAL OF DEED OF MUTUAL COVENANT AND MANAGEMENT AGREEMENT,Named development,
1997-1998,13/01/1998,auction,TMTL 409,"TSING SIN ST, AREA 37B",R1,residential,3875,250,,high,,,TUEN MUN TOWN LOT NO. 409,N.A.,Brightwing Development Limited,N.A. | N.A. | N.A.,22.38529443,113.9805859,govt-led,FY rule: pre-Application-List era (List began Apr 1999),,,,,,,,,,,,,,,,,,,,JC Place,APPROVAL OF DEED OF MUTUAL COVENANT AND MANAGEMENT AGREEMENT | BRIGHTWING DEVELOPMENT LIMITED | CONSENT TO SELL FOR RESIDENTIAL DEVELOPMENT,Named development,24-Mar-00
1997-1998,13/01/1998,auction,LOT 1736 in DD 122,PING SHAN LANE,R3,residential,2040,33,,high,RAINBOW LODGE,9 PING SHAN LANE,LOT NO. 1736 IN DEMARCATION DISTRICT NO. 122,N.A.,Lead Fortune Development Limited,N.A. | N.A. | N.A.,22.44265574,114.0128546,govt-led,FY rule: pre-Application-List era (List began Apr 1999),,,,,,,,,,,,,,,,,,,,Rainbow Lodge,APPROVAL OF DEED OF MUTUAL COVENANT AND MANAGEMENT AGREEMENT,Named development,
1997-1998,6/2/1998,tender,NKIL 5877,"WANG CHIU RD, KOWLOON BAY",IO,industrial,4288,112.1,,high,,,,,,,,,govt-led,FY rule: pre-Application-List era (List began Apr 1999),,,,,,,,,,,,,,,,,,,,Enterprise Square Three,CONSENT TO SELL FOR COMMERCIAL DEVELOPMENT | PRISMATIC LIMITED,Named development,30-May-04
1997-1998,12/2/1998,auction,STTL 318,SUI WO RD,R4,residential,4133,90,,high,,,SHA TIN TOWN LOT NO. 318,N.A.,The Light Corporation Limited,N.A. | N.A. | N.A.,22.39378432,114.1887996,govt-led,FY rule: pre-Application-List era (List began Apr 1999),,,,,,,,,,,,,,,,,,,,Votre Palais,THE LIGHT CORPORATION LIMITED,Named development,27-May-02
1997-1998,12/2/1998,auction,STTL 468,CHIK FU ST,R1,residential,88,11.6,,high,,,SHA TIN TOWN LOT NO. 468,N.A.,New Foundation Development Limited,N.A. | N.A. | N.A.,22.37470326,114.1783114,govt-led,FY rule: pre-Application-List era (List began Apr 1999),,,,,,,,,,,,,,,,,,,,,,No consent,
1997-1998,16/02/1998,tender,KCTL 479,STONECUTTERS ISLAND,OU,special_use_other,33391,130,,high,,,KWAI CHUNG TOWN LOT NO. 479,N.A.,N.A.,N.A. | N.A. | N.A.,22.31874286,114.129063,govt-led,FY rule: pre-Application-List era (List began Apr 1999),,,,,,,,,,,,,,,,,,,,,,No consent,
1997-1998,16/02/1998,tender,KCTL 481,STONECUTTERS ISLAND,OU,special_use_other,33391,86.26,,high,,,KWAI CHUNG TOWN LOT NO. 481,N.A.,N.A.,N.A. | N.A. | N.A.,22.31877032,114.1303539,govt-led,FY rule: pre-Application-List era (List began Apr 1999),,,,,,,,,,,,,,,,,,,,,,No consent,
1997-1998,10/3/1998,tender,STTL 461,"AREA 100, MA ON SHAN",HTL,hotel,8000,120.39,,high,,,SHA TIN TOWN LOT NO. 461,N.A.,N.A.,N.A. | N.A. | N.A.,22.42645819,114.227452,govt-led,FY rule: pre-Application-List era (List began Apr 1999),,,,,,,,,,,,,,,,,,,,,,No consent,
1997-1998,13/03/1998,tender,KIL 11086,J/O CANTON RD/AUSTIN RD,C/R,commercial_residential_mixed,10486,2893,,high,,,,,,,,,govt-led,FY rule: pre-Application-List era (List began Apr 1999),,,,,,,,,,,,,,,,,,,,"The Victoria Towers | The Victoria Towers (Towers 1, 2 & 3) | Victoria Towers (Towers 1, 2 & 3)",APPROVAL OF DEED OF MUTUAL COVENANT AND MANAGEMENT AGREEMENT | CONSENT TO SELL FOR NON-RESIDENTIAL DEVELOPMENT | CONSENT TO SELL FOR RESIDENTIAL DEVELOPMENT | KONORUS INVESTMENT LIMITED,Named development,18 Oct 2001 | 30 Sep 2002
1997-1998,24/03/1998,auction,YLTL 451,"MA TIN RD,YUEN LONG",R2,residential,6796,290,,high,,,YUEN LONG TOWN LOT NO. 451,N.A.,Limbo Enterprises Limited,N.A. | N.A. | N.A.,22.43997631,114.0202096,govt-led,FY rule: pre-Application-List era (List began Apr 1999),,,,,,,,,,,,,,,,,,,,Greenery Place,APPROVAL OF DEED OF MUTUAL COVENANT AND MANAGEMENT AGREEMENT | CONSENT TO SELL FOR RESIDENTIAL DEVELOPMENT | LIMBO ENTERPRISES LIMITED,Named development,11-Dec-00
1997-1998,24/03/1998,auction,RBL 1145,6-14 MOUNT AUSTIN RD,R3,residential,13328,920,,high,,,RURAL BUILDING LOT NO. 1145,N.A.,Jadespring Limited,N.A. | N.A. | N.A.,22.27223968,114.148261,govt-led,FY rule: pre-Application-List era (List began Apr 1999),,,,,,,,,,,,,,,,,,,,The Mount Austin,APPROVAL OF DEED OF MUTUAL COVENANT AND MANAGEMENT AGREEMENT | CONSENT TO SELL FOR RESIDENTIAL DEVELOPMENT | JADESPRING LIMITED,Named development,22-Aug-02
1997-1998,26/03/1998,tender,TMTL 425,J/O HO TIN ST/KIN FAT ST.,I,industrial,3414,51.22,,high,,,TUEN MUN TOWN LOT NO. 425,N.A.,N.A.,N.A. | N.A. | N.A.,22.3986262,113.9683794,govt-led,FY rule: pre-Application-List era (List began Apr 1999),,,,,,,,,,,,,,,,,,,,,,No consent,
1998-1999,7/4/1998,tender,YLTL 443,"HI YIP ST, TUNG TAU",MCP,transport_parking,3106,28.88,,high,,,YUEN LONG TOWN LOT NO. 443,N.A.,N.A.,N.A. | N.A. | N.A.,22.44882028,114.028158,govt-led,FY rule: pre-Application-List era (List began Apr 1999),,,,,,,,,,,,,,,,,,,,,,No consent,
1998-1999,17/04/1998,tender,IL 8882,"LEIGHTON HILL, HONG KONG",R2,residential,43143,3612,,high,THE LEIGHTON HILL,2B BROADWOOD ROAD,INLAND LOT NO. 8882,6,Harsco Limited (Sun Hung Kai Properties Limited),(1) Capital Win Development Limited (Great Eagle/Nan Fung/HK Resort/Hysan/Dickson Concepts);<br/>(2) Cosmos Rich Development Limited (Henderson/New World/Hang Lung);<br/>(3) Match Power Investment Limited (Cheung Kong);<br/>(4) Silver Mate Investment Limited (Sino); and<br/>(5) Soton Company Limited (Kerry). | N.A. | N.A.,22.27590424,114.1838394,govt-led,FY rule: pre-Application-List era (List began Apr 1999),,,,,,,,,,,,,,,,,,,,The Leighton Hill,APPROVAL OF DEED OF MUTUAL COVENANT AND MANAGEMENT AGREEMENT | CONSENT TO ASSIGN FOR RESIDENTIAL DEVELOPMENT | CONSENT TO SELL FOR RESIDENTIAL DEVELOPMENT | HARSCO LIMITED,Named development,28 Oct 2000 | N.A.
1998-1999,22/04/1998,auction,FSSTL 183,"SHEK WU HUI, SHEUNG SHUI",C/R,commercial_residential_mixed,3068,330,,high,,,FANLING SHEUNG SHUI TOWN LOT NO. 183,N.A.,Hugetop Holdings Limited Company,N.A. | N.A. | N.A.,22.50486114,114.1287369,govt-led,FY rule: pre-Application-List era (List began Apr 1999),,,,,,,,,,,,,,,,,,,,Royal Jubilee,APPROVAL OF DEED OF MUTUAL COVENANT AND MANAGEMENT AGREEMENT | CONSENT TO SELL FOR NON-RESIDENTIAL DEVELOPMENT | CONSENT TO SELL FOR RESIDENTIAL DEVELOPMENT | HUGETOP HOLDINGS LIMITED,Named development,24 Sep 1999 | 31 Dec 2000
1998-1999,22/04/1998,auction,KIL 11108,1 PEKING RD,C,commercial,2200,1240,,high,,,,,,,,,govt-led,FY rule: pre-Application-List era (List began Apr 1999),,,,,,,,,,,,,,,,,,,,,,No consent,
1998-1999,24/04/1998,tender,NKIL 6268,WANG YUEN ST/WANG TAI RD,C,commercial,5306,361,,high,,,,,,,,,govt-led,FY rule: pre-Application-List era (List began Apr 1999),,,,,,,,,,,,,,,,,,,,One Kowloon,CONSENT TO ASSIGN FOR COMMERCIAL DEVELOPMENT | CONSENT TO SELL FOR COMMERCIAL DEVELOPMENT | RANK PROFIT INDUSTRIES LIMITED,Named development,0 | 31 Mar 2008
1998-1999,15/05/1998,tender,LOT 1140 in DD 215,CHIU TONG RD/FUI YIU LANE,MCP,transport_parking,3163,39.5,,high,,,LOT NO. 1140 IN DEMARCATION DISTRICT NO. 215,7,Global Star Estate Limited (Kilberg Development Limited),(1) City Zone Properties Limited (Lai Sun Development Company Limited);<br/>(2) Impromptu Limited (Hutchison Whampoa Properties Limited);<br/>(3) Kin Hing Concrete Company Limited;<br/>(4) Landyork Investment Limited (Nan Fung Textiles Consolidated Limited);<br/>(5) Sino Apex Holdings Limited; and<br/>(6) South Land Enterprises Limited (Tai Cheung Holdings Limited). | N.A. | N.A.,22.38024918,114.2684317,govt-led,FY rule: pre-Application-List era (List began Apr 1999),,,,,,,,,,,,,,,,,,,,,,No consent,
1998-1999,22/05/1998,tender,SIL 843,ALDRICH BAY RECLAMATION,R1,residential,7056,1677,,high,,,SHAU KEI WAN INLAND LOT NO. 843,7,Uttoxeter Limited (Swire Properties Limited/Sun Hung Kai Properties Limited/ Island Communication Enterprises Limited),(1) Freder Co. Limited (Kerry Properties Ltd./HKR International Ltd./Hysan Development Co. Ltd);<br/>(2) High Gain Holdings Limited (The Hong Kong Parkview Group Ltd.);<br/>(3) Modern Trend Development Limited (New World Development Co. Ltd./Hang Lung Development Co. Ltd.);<br/>(4) Power Key International Limited (Nan Fung Textiles Consolidated Ltd./Great Eagle Holdings Ltd.);<br/>(5) Union Winner Enterprises Limited (Henderson Land Development Co. Ltd.); and<br/>(6) Wealthy Top Holdings Limited (Cheung Kong Holdings Ltd.). | N.A. | N.A.,22.28360472,114.2246738,govt-led,FY rule: pre-Application-List era (List began Apr 1999),,,,,,,,,,,,,,,,,,,,Les Saisons,APPROVAL OF DEED OF MUTUAL COVENANT AND MANAGEMENT AGREEMENT | CONSENT TO SELL FOR RESIDENTIAL DEVELOPMENT | UTTOXETER LIMITED,Named development,29-Jul-00
1998-1999,29/05/1998,tender,NKIL 5927,SHEUNG YEE RD,IO,industrial,12594,238.8,,high,,,,,,,,,govt-led,FY rule: pre-Application-List era (List began Apr 1999),,,,,,,,,,,,,,,,,,,,,,No consent,
1998-1999,19/06/1998,tender,NKIL 6204,LAM LOK ST/SHEUNG YUET RD,IO,industrial,1889,46.8,,high,,,,,,,,,govt-led,FY rule: pre-Application-List era (List began Apr 1999),,,,,,,,,,,,,,,,,,,,Enterprise Square Two,CONSENT TO SELL FOR INDUSTRIAL DEVELOPMENT | INTERSEED COMPANY LIMITED,Named development,30-Sep-01
1998-1999,3/7/1998,tender,NKIL 6270,"CHOI HUNG RD, SAN PO KONG",PSPS,residential,35129,825,,high,,,,,,,,,govt-led,FY rule: pre-Application-List era (List began Apr 1999),,,,,,,,,,,,,,,,,,,,Rhythm Garden,APPROVAL OF DEED OF MUTUAL COVENANT AND MANAGEMENT AGREEMENT | CITY TEAM DEVELOPMENT LIMITED | CONSENT TO ASSIGN FOR RESIDENTIAL DEVELOPMENT | CONSENT TO SELL FOR COMMERCIAL DEVELOPMENT | CONSENT TO SELL FOR RESIDENTIAL DEVELOPMENT,Named development,22 Nov 1999 | 25 Jan 2001 | N.A.
1998-1999,10/7/1998,tender,TKOTL 62,"AREA 65A, TSEUNG KWAN O",PSPS,residential,25101,509.29,,high,,,TSEUNG KWAN O TOWN LOT NO. 62,N.A.,N.A.,N.A. | N.A. | N.A.,22.30660833,114.2622694,govt-led,FY rule: pre-Application-List era (List began Apr 1999),,,,,,,,,,,,,,,,,,,,Bauhinia Garden,APPROVAL OF DEED OF MUTUAL COVENANT AND MANAGEMENT AGREEMENT | CONSENT TO ASSIGN FOR RESIDENTIAL DEVELOPMENT | CONSENT TO SELL FOR NON-RESIDENTIAL DEVELOPMENT | CONSENT TO SELL FOR RESIDENTIAL DEVELOPMENT | JADE CITY INTERNATIONAL LIMITED,Named development,25 Apr 2001 | 7 Oct 1999 | N.A.
1998-1999,15/07/1998,tender,SIL 839,ALDRICH BAY RECLAMATION,PSPS,residential,23414,1099,,high,,,SHAU KEI WAN INLAND LOT NO. 839,N.A.,N.A.,N.A. | N.A. | N.A.,22.28094845,114.2287871,govt-led,FY rule: pre-Application-List era (List began Apr 1999),,,,,,,,,,,,,,,,,,,,"Aldrich Garden | Aldrich Garden (60 Shops, 595 Car Parking Spaces & 1 Kindergarten)",APPROVAL OF DEED OF MUTUAL COVENANT AND MANAGEMENT AGREEMENT | CONSENT TO ASSIGN FOR RESIDENTIAL DEVELOPMENT | CONSENT TO SELL FOR OTHER DEVELOPMENT | CONSENT TO SELL FOR RESIDENTIAL DEVELOPMENT | GOLDEN FORUM LIMITED,Named development,12 Feb 2001 | 14 Dec 1999 | N.A.
1998-1999,12/8/1998,tender,TKOTL 67,"AREA 106, TSEUNG KWAN O",OU,special_use_other,29800,78,,high,,,TSEUNG KWAN O TOWN LOT NO. 67,2,Hong Kong Movie City Company Limited,N.A. | N.A. | N.A.,22.3002639,114.2727103,govt-led,FY rule: pre-Application-List era (List began Apr 1999),,,,,,,,,,,,,,,,,,,,,,No consent,
1999-2000,20/04/1999,auction,IL8921,35 & 37 CLOUD VIEW RD,R2,residential,2494,590,,high,,,INLAND LOT NO. 8921,N.A.,Sino Land Co. Ltd.,N.A. | N.A. | N.A.,22.28615723,114.1964175,govt-led,"scheduled 1999/2000 programme, LegCo paper 30Mar1999 Annex B (raw/sale_regime/programmes/legco_lsp_9900.pdf)",,,,,,,,,,,,,,,,,,,,Sky Horizon,APPROVAL OF DEED OF MUTUAL COVENANT AND MANAGEMENT AGREEMENT | CONSENT TO SELL FOR RESIDENTIAL DEVELOPMENT | REGENT PROFIT INVESTMENT LIMITED,Named development,18-Aug-01
1999-2000,20/04/1999,auction,NKIL 6276,83 BROADCAST DRIVE,R2,residential,4272,515,,high,,,NEW KOWLOON INLAND LOT NO. 6276,N.A.,K.Wah Property Holdings Ltd.,N.A. | N.A. | N.A.,22.34196738,114.1835629,govt-led,"scheduled 1999/2000 programme, LegCo paper 30Mar1999 Annex B (raw/sale_regime/programmes/legco_lsp_9900.pdf)",,,,,,,,,,,,,,,,,,,,The Palace,APPROVAL OF DEED OF MUTUAL COVENANT AND MANAGEMENT AGREEMENT | CONSENT TO SELL FOR RESIDENTIAL DEVELOPMENT | NETRICH LIMITED,Named development,14-Dec-01
1999-2000,20/04/1999,auction,TMTL 419,"AREA 58, SIU LAM, TUEN MUN",R3,residential,19318,385,,high,,,TUEN MUN TOWN LOT NO. 419,N.A.,Nan Fung Finance Ltd.,N.A. | N.A. | N.A.,22.36370504,113.9983642,NA,,,,,,,,,,,,,,,,,,,,,Aqua Blue,APPROVAL OF DEED OF MUTUAL COVENANT AND MANAGEMENT AGREEMENT | CONSENT TO SELL FOR RESIDENTIAL DEVELOPMENT | GARION INVESTMENT LIMITED,Named development,12-Jul-02
1999-2000,10/6/1999,tender,FSSTL 195,"AREA 19, CR FANLING",& GIC,institutional_public,12212,248,,high,,,FANLING SHEUNG SHUI TOWN LOT NO. 195,6,Apex Speed Ltd. (Sino Land Co. Ltd.),(1) Fordnice Development Ltd. (Henderson Land Development Co. Ltd.);<br/>(2) Golden Promise Development Ltd. (Hon Kwok Land Investment Co. Ltd.);<br/>(3) Hung Luen Fat Ltd. (Hutchison Whampoa Ltd.);<br/>(4) Million Prospect Investment Ltd. (China Resources Enterprise Ltd.); and<br/>(5) Newise Property Ltd. (Shun Cheong Holdings Ltd.). | N.A. | N.A.,22.49991648,114.1447742,govt-led,"scheduled 1999/2000 programme, LegCo paper 30Mar1999 Annex B (raw/sale_regime/programmes/legco_lsp_9900.pdf)",,,,,,,,,,,,,,,,,,,,Grand Regentville,APEX SPEED LIMITED | APPROVAL OF DEED OF MUTUAL COVENANT AND MANAGEMENT AGREEMENT | CONSENT TO SELL FOR RESIDENTIAL DEVELOPMENT,Named development,26-Sep-01
1999-2000,17/06/1999,tender,NKIL 6277,"BEACON HILL ROAD, KOWLOON TONG",R3,residential,41578,3240,,high,,,NEW KOWLOON INLAND LOT NO. 6277,9,Match Power Investment Limited (Cheung Kong (Holdings) Ltd.),(1) Best Treasure Enterprises Ltd. (Nam Fung Textiles Ltd.);<br/>(2) Cititop Ltd. (Amoy Properties Ltd.);<br/>(3) Million Regal Development Ltd. (Henderson Land Development Co. Ltd.);<br/>(4) Modern Hong Kong Ltd. (Swire Properties Ltd./Island Communication Enterprises Ltd.);<br/>(5) Perfect Sun Properties Ltd. (Sino Land Co. Ltd.);<br/>(6) Praise Investments Ltd. (Citic Pacific Ltd.);<br/>(7) Silver Victory Ltd. (Sun Hung Kai Properties Ltd.); and<br/>(8) Silverland Ltd. (New World Development Co. Ltd.). | N.A. | N.A.,22.341814,114.1756415,NA,,,,,,,,,,,,,,,,,,,,,One Beacon Hill,APPROVAL OF DEED OF MUTUAL COVENANT AND MANAGEMENT AGREEMENT | CONSENT TO SELL FOR RESIDENTIAL DEVELOPMENT | MATCH POWER INVESTMENT LTD,Named development,30-Aug-02
1999-2000,29/06/1999,auction,RBL 1146,"NOS. 1-3 HOMESTEAD ROAD,THE PEAK",R3,residential,2369,265,,high,,,RURAL BUILDING LOT NO. 1146,N.A.,Profit Leader Investment Limited,N.A. | N.A. | N.A.,22.26643616,114.1518437,govt-led,"scheduled 1999/2000 programme, LegCo paper 30Mar1999 Annex B (raw/sale_regime/programmes/legco_lsp_9900.pdf)",,,,,,,,,,,,,,,,,,,,Hillsborough Court,APPROVAL OF DEED OF MUTUAL COVENANT AND MANAGEMENT AGREEMENT | CONSENT TO SELL FOR RESIDENTIAL DEVELOPMENT | PROFIT LEADER INVESTMENT LIMITED,Named development,19-May-03
1999-2000,29/06/1999,auction,KCTL 480,"KWAI LUEN ROAD, KWAI CHUNG",R1,residential,3746,470,,high,,,KWAI CHUNG TOWN LOT NO. 480,N.A.,Sunrise Investment Limited,N.A. | N.A. | N.A.,22.36155507,114.1235726,govt-led,"scheduled 1999/2000 programme, LegCo paper 30Mar1999 Annex B (raw/sale_regime/programmes/legco_lsp_9900.pdf)",,,,,,,,,,,,,,,,,,,,Horizon Place,APPROVAL OF DEED OF MUTUAL COVENANT AND MANAGEMENT AGREEMENT | CONSENT TO SELL FOR RESIDENTIAL DEVELOPMENT | SUNRISE INVESTMENT LIMITED,Named development,18-Jun-01
1999-2000,29/06/1999,auction,TPTL 167,"AREA 12, TAI PO",R3,residential,2611,44,,high,,,TAI PO TOWN LOT NO. 167,N.A.,Glory Fortune Development Limited,N.A. | N.A. | N.A.,22.43465588,114.1936698,NA,,,,,,,,,,,,,,,,,,,,,,,No consent,
1999-2000,4/8/1999,auction,RBL 1147,"No. 99 PEAK ROAD/NO.4 GOUGH HILL PATH, THE PEAK",R3,residential,2463,134,,high,"99, 101, AND 103 PEAK ROAD","99, 101, 103 PEAK ROAD",RURAL BUILDING LOT NO. 1147,N.A.,Hanvon Development Ltd.,N.A. | N.A. | N.A.,22.26565701,114.1523858,govt-led,"scheduled 1999/2000 programme, LegCo paper 30Mar1999 Annex B (raw/sale_regime/programmes/legco_lsp_9900.pdf)",,,,,,,,,,,,,,,,,,,,"Nos. 99, 101 & 103 Peak Road",APPROVAL OF DEED OF MUTUAL COVENANT AND MANAGEMENT AGREEMENT,Named development,
1999-2000,4/8/1999,auction,TMTL 371,"CASTLE PEAK ROAD, AREA 58, SIU LAM, TUEN MUN",R3,residential,16469,330,,high,,,TUEN MUN TOWN LOT NO. 371,N.A.,Winner Max Enterprises Ltd.,N.A. | N.A. | N.A.,22.36568417,113.9996822,NA,,,,,,,,,,,,,,,,,,,,,The Hillgrove,APPROVAL OF DEED OF MUTUAL COVENANT AND MANAGEMENT AGREEMENT | CONSENT TO SELL FOR RESIDENTIAL DEVELOPMENT | WINNER MAX ENTERPRISES LIMITED,Named development,22-Nov-01
1999-2000,4/8/1999,auction,TMTL 408,"HANG KWAI STREET, AREA 16, TUEN MUN",R1,residential,4765,320,,high,,,TUEN MUN TOWN LOT NO. 408,N.A.,Full Wealth Ltd.,N.A. | N.A. | N.A.,22.38223205,113.9724433,govt-led,"scheduled 1999/2000 programme, LegCo paper 30Mar1999 Annex B (raw/sale_regime/programmes/legco_lsp_9900.pdf)",,,,,,,,,,,,,,,,,,,,The Seacrest,APPROVAL OF DEED OF MUTUAL COVENANT AND MANAGEMENT AGREEMENT | CONSENT TO SELL FOR RESIDENTIAL DEVELOPMENT | FULL WEALTH LIMITED,Named development,26-Feb-01
1999-2000,4/8/1999,auction,LOT 1847 IN DD CHEUNG CHAU,"SAI WAN, CHEUNG CHAU",R4,residential,2130,4.5,,high,,,LOT NO. 1847 IN DEMARCATION DISTRICT CHEUNG CHAU,N.A.,Glory Treasure Properties Ltd.,N.A. | N.A. | N.A.,22.20081658,114.0214091,NA,,,,,,,,,,,,,,,,,,,,,,,No consent,
1999-2000,24/09/1999,tender,KIL 11076,"HUNG HOM BAY RECLAMATION AREA, KOWLOON",PSPS,residential,27818,583,,high,,,KOWLOON INLAND LOT NO. 11076,5,First Star Development Limited (Wai Kee Holdings Limited),(1) City Force Development Limited (New World Development Co. Limited);<br/>(2) Florentinia Limited (Paul Y. - ITC Construction Holdings Limited);<br/>(3) Great Express Limited (Chevalier International Holdings Ltd.); and<br/>(4) Kinford Enterprises Limited (Shui On Construction and Materials Limited). | N.A. | N.A.,22.30298217,114.1865889,govt-led,"scheduled 1999/2000 programme, LegCo paper 30Mar1999 Annex B (raw/sale_regime/programmes/legco_lsp_9900.pdf)",,,,,,,,,,,,,,,,,,,,Harbour Place | Harbour Place (Shops & Kindergarten) | Hunghom Peninsula,APPROVAL OF DEED OF MUTUAL COVENANT | APPROVAL OF DEED OF MUTUAL COVENANT AND MANAGEMENT AGREEMENT | APPROVAL OF MANAGEMENT AGREEMENT | APPROVAL OF SUB-DEED OF MUTUAL COVENANT AND MANAGEMENT AGREEMENT | CONSENT TO SELL FOR COMMERCIAL DEVELOPMENT | CONSENT TO SELL FOR RESIDENTIAL DEVELOPMENT | FIRST STAR DEVELOPMENT LIMITED,Named development,19 Dec 2007 | 20 Nov 2002 | 21 Aug 2002
1999-2000,14/10/1999,auction,TSWTL 27,"TIN SHUI WAI, YUEN LONG",R1,residential,14901,555,,high,,,TIN SHUI WAI TOWN LOT NO. 27,N.A.,Wisdom Choice Investment Ltd.,N.A. | N.A. | N.A.,22.4660083,114.0041117,govt-led,"scheduled 1999/2000 programme, LegCo paper 30Mar1999 Annex B (raw/sale_regime/programmes/legco_lsp_9900.pdf)",,,,,,,,,,,,,,,,,,,,Vianni Cove,APPROVAL OF DEED OF MUTUAL COVENANT AND MANAGEMENT AGREEMENT | CONSENT TO SELL FOR RESIDENTIAL DEVELOPMENT | WISDOM CHOICE INVESTMENT LIMITED,Named development,26-Nov-02
1999-2000,14/10/1999,auction,RBL 1142,ADJOINING NO. 14 SOUTH BAY ROAD,R3,residential,2267,151,,high,,,RURAL BUILDING LOT NO. 1142,N.A.,Fu Hop Investment Ltd.,N.A. | N.A. | N.A.,22.23262322,114.1984374,govt-led,"scheduled 1999/2000 programme, LegCo paper 30Mar1999 Annex B (raw/sale_regime/programmes/legco_lsp_9900.pdf)",,,,,,,,,,,,,,,,,,,,The Nautilus,APPROVAL OF DEED OF MUTUAL COVENANT AND MANAGEMENT AGREEMENT,Named development,
1999-2000,13/12/1999,auction,KIL 11107,"HOI FAN ROAD, WEST KOWLOON RECLAMATION",R1,residential,6943,1340,,high,,,KOWLOON INLAND LOT NO. 11107,N.A.,Global Coin Ltd.,N.A. | N.A. | N.A.,22.32078035,114.1553075,govt-led,"scheduled 1999/2000 programme, LegCo paper 30Mar1999 Annex B (raw/sale_regime/programmes/legco_lsp_9900.pdf)",,,,,,,,,,,,,,,,,,,,Hampton Place,APPROVAL OF DEED OF MUTUAL COVENANT AND MANAGEMENT AGREEMENT | CONSENT TO SELL FOR RESIDENTIAL DEVELOPMENT | GLOBAL COIN LIMITED,Named development,2-Aug-02
1999-2000,13/12/1999,auction,TPTL 165,"PO AREA 38,TAI",R3,residential,14985,152,,high,,,TAI PO TOWN LOT NO. 165,N.A.,Circle World Ltd.,N.A. | N.A. | N.A.,22.43462947,114.1690061,NA,,,,,,,,,,,,,,,,,,,,,J C Castle,APPROVAL OF DEED OF MUTUAL COVENANT AND MANAGEMENT AGREEMENT,Named development,
1999-2000,14/12/1999,tender,NKIL 6267,KING TUNG STREET NGAU CHI WAN,PSPS,residential,21560,238.8,,high,,,NEW KOWLOON INLAND LOT NO. 6267,7,Advance Planner Limited (New World Development Company Limited),(1) Citirich Investment Limited (Wai Kee Holdings Limited);<br/>(2) Citysky Limited (Leighton Asia (Holdings) Limited);<br/>(3) Luckfaith Far East Limited (Kin Wing Chinney Holdings Limited and Shun Cheong Holdings Limited);<br/>(4) Skylink Enterprises Limited (Paul Y. - ITC Construction Holdings Limited);<br/>(5) Tiger Land Development Limited (Chun Wo Holdings Limited and Hong Kong Construction (Holdings) Limited); and<br/>(6) Winpac Limited (Shui On Construction and Materials Limited). | N.A. | N.A.,22.34044676,114.2111222,govt-led,"scheduled 1999/2000 programme, LegCo paper 30Mar1999 Annex B (raw/sale_regime/programmes/legco_lsp_9900.pdf)",,,,,,,,,,,,,,,,,,,,Kingsford Terrace,ADVANCE PLANNER LIMITED | APPROVAL OF DEED OF MUTUAL COVENANT AND MANAGEMENT AGREEMENT | APPROVAL OF DEED POLL (SUB-ALLOCATION OF UNDIVIDED AND MANAGEMENT SHARES) | APPROVAL OF SUB-DEED OF MUTUAL COVENANT AND MANAGEMENT AGREEMENT | APPROVAL OF SUB-SUB-DEED OF MUTUAL COVENANT | CONSENT TO ASSIGN FOR RESIDENTIAL DEVELOPMENT | CONSENT TO SELL FOR COMMERCIAL DEVELOPMENT | CONSENT TO SELL FOR RESIDENTIAL DEVELOPMENT,Named development,10 Aug 2003 | 10 Oct 2002 | N.A.
1999-2000,18/01/2000,tender,RBL 1158,"Chung Hom Kok, Hong Kong",External Telecommunications Stations,telecom,2578,8,,high,,,RURAL BUILDING LOT NO. 1158,N.A.,SmarTone,N.A. | N.A. | N.A.,22.21328746,114.2051071,NA,,,,,,,,,,,,,,,,,,,,,,,No consent,
1999-2000,29/02/2000,auction,RBL 1148,"SEVERN ROAD, HONG KONG",R3,residential,13570,490,,high,,,RURAL BUILDING LOT NO. 1148,N.A.,Time Plus Ltd.,N.A. | N.A. | N.A.,22.26954105,114.1589247,govt-led,"scheduled 1999/2000 programme, LegCo paper 30Mar1999 Annex B (raw/sale_regime/programmes/legco_lsp_9900.pdf)",,,,,,,,,,,,,,,,,,,,Severn 8,APPROVAL OF DEED OF MUTUAL COVENANT AND MANAGEMENT AGREEMENT,Named development,
1999-2000,29/02/2000,auction,SIL 845,"YIU HING ROAD, SHAUKEIWAN, HONG KONG",R1,residential,880.8,170,,high,,,SHAU KEI WAN INLAND LOT NO. 845,N.A.,Mega Royal Ltd.,N.A. | N.A. | N.A.,22.28158299,114.220685,govt-led,"scheduled 1999/2000 programme, LegCo paper 30Mar1999 Annex B (raw/sale_regime/programmes/legco_lsp_9900.pdf)",,,,,,,,,,,,,,,,,,,,No. 88 Yiu Hing Road | The Oakridge,APPROVAL OF DEED OF MUTUAL COVENANT AND MANAGEMENT AGREEMENT | CONSENT TO SELL FOR RESIDENTIAL DEVELOPMENT | MEGA ROYAL LIMITED,Named development,14-Jan-02
1999-2000,29/02/2000,auction,Lot 736 in D.D. 332,"CHEUNG SHA, LANTAU ISLAND",R4,residential,3380,17.2,,high,,,LOT 736 IN DEMARCATION DISTRICT NO. 332,N.A.,Billion Gain Ltd.,N.A. | N.A. | N.A.,22.2355332,113.9612917,NA,,,,,,,,,,,,,,,,,,,,,,,No consent,
1999-2000,10/3/2000,tender,TSWTL 28,"AREA 111 TIN SHUI WAI,YUEN LONG",PSPS,residential,43705,404,,high,,,TIN SHUI WAI TOWN LOT NO. 28,8,Rich Score Development Ltd. ( Chun Wo Holdings Ltd.),(1) Billion Century Ltd. (Shui On Construction and Materials Ltd.);<br/>(2) City Force Development Ltd. (New World Services Ltd.);<br/>(3) Citysky Ltd. (Leighton Asia (HK) Holdings Ltd.);<br/>(4) Florentinia Ltd. (Paul Y. - ITC Construction Holdings Ltd.);<br/>(5) Gold Shine Ltd.;<br/>(6) Luckfaith Far East Ltd. (Kin Wing Chinney Holdings Ltd. and Shun Cheong Holdings Ltd.); and<br/>(7) Wealth Grand Ltd. (Chevalier International Holdings Ltd.). | N.A. | N.A.,22.46897643,114.0014458,govt-led,"scheduled 1999/2000 programme, LegCo paper 30Mar1999 Annex B (raw/sale_regime/programmes/legco_lsp_9900.pdf)",,,,,,,,,,,,,,,,,,,,Grandeur Terrace | Grandeur Terrace (Blocks 1 â€“ 6) | Grandeur Terrace (Shops),APPROVAL OF DEED OF MUTUAL COVENANT AND MANAGEMENT AGREEMENT | APPROVAL OF SUB-DEED OF MUTUAL COVENANT | CONSENT TO ASSIGN FOR RESIDENTIAL DEVELOPMENT | CONSENT TO SELL FOR COMMERCIAL DEVELOPMENT | CONSENT TO SELL FOR RESIDENTIAL DEVELOPMENT | RICH SCORE DEVELOPMENT LIMITED,Named development,12 Dec 2001 | 12 May 2003 | N.A.
1999-2000,28/03/2000,tender,AplIL 128,"AP LEI CHAU Mixed DRIVE, ABERDEEN",Development,commercial_residential_mixed,9301,739.9,,high,,,AP LEI CHAU INLAND LOT NO. 128,14,Annadale Development Limited (Sun Hung Kai Properties Limited),"(1) Able Mark Enterprises Ltd. (Cheung Kong (Holdings) Ltd.);<br/>(2) AP Properties Ltd. (Amoy Properties Ltd.);<br/>(3) Asia Leader Development Ltd. (Wai Kee Holdings Ltd.);<br/>(4) Best Treasure Enterprises Ltd. (Nan Fung Textiles Consolidated Ltd.);<br/>(5) Excellent Sky Ltd. (New World Development Co., Ltd.);<br/>(6) Fair Mind Ltd. (K. Wah International Holdings Ltd.);<br/>(7) Gain Regent Co. Ltd. (China Overseas Land & Investment Ltd.);<br/>(8) Gold Epoch Investment Ltd. (Great Eagle Holdings Ltd.);<br/>(9) Perfect Sun Properties Ltd. (Sino Land Co. Ltd.);<br/>(10) Pollywin Development Ltd. (Asia Standard International Group Ltd.);<br/>(11) Sino Eagle Ltd. (Shui On Construction and Materials Ltd.);<br/>(12) Victoria City Ltd. (Swire Properties Ltd.); and<br/>(13) Yieldway International Ltd. (Henderson Land Development Co. Ltd.). | N.A. | N.A.",22.24387589,114.1588115,govt-led,"scheduled 1999/2000 programme, LegCo paper 30Mar1999 Annex B (raw/sale_regime/programmes/legco_lsp_9900.pdf)",,,,,,,,,,,,,,,,,,,,Sham Wan Towers | Sham Wan Towers (Block 3) | Sham Wan Towers (Blocks 1 & 2),ANNADALE DEVELOPMENT LIMITED | APPROVAL OF DEED OF MUTUAL COVENANT AND MANAGEMENT AGREEMENT | CONSENT TO SELL FOR RESIDENTIAL DEVELOPMENT,Named development,5-Sep-03
2000-2001,25/04/2000,auction,NKIL 6275,"JUNCTION OF HING WAH STREET WEST & SHAM SHING ROAD, WEST KOWLOON RECLAMATION",R1,residential,16064,1900,,high,,,NEW KOWLOON INLAND LOT NO. 6275,N.A.,Dragon Beauty International Limited,N.A. | N.A. | N.A.,22.33460535,114.1497918,NA,,,,,,,,,,,,,,,,,,,,,"Pending - (Phase I, Towers 2, 3 & 5) | The Pacifica | The Pacifica (Phase I) | The Pacifica (Phase I) - Towers 2, 3 & 5 | The Pacifica (Phase I, Towers 2, 3 and 5) | The Pacifica (Phase II) - Towers 1, 6 & 7 | The Pacifica (Phase II, Towers 1, 6 and 7)",APPROVAL OF DEED OF MUTUAL COVENANT AND MANAGEMENT AGREEMENT | CONSENT TO ASSIGN FOR RESIDENTIAL DEVELOPMENT | CONSENT TO SELL FOR COMMERCIAL DEVELOPMENT | CONSENT TO SELL FOR RESIDENTIAL DEVELOPMENT | DRAGON BEAUTY INTERNATIONAL LIMITED,Named development,2 Feb 2004 | 24 Jul 2003 | 31 Jan 2005 | N.A.
2000-2001,25/04/2000,auction,RBL 1143,"ADJOINING NOS. 16-18 SOUTH BAY ROAD, REPULSE BAY",R3,residential,1925.2,130,,high,,,RURAL BUILDING LOT NO. 1143,N.A.,Higo Force Company Limited,N.A. | N.A. | N.A.,22.23196399,114.1983209,NA,,,,,,,,,,,,,,,,,,,,,,,No consent,
2000-2001,29/04/2000,tender,KCTL 484,"KWAI SHING CIRCUIT, KWAI CHUNG",PSPS,residential,9100,106.8,,high,,,KWAI CHUNG TOWN LOT NO. 484,N.A.,Supertime Holdings Limited,N.A. | N.A. | N.A.,22.36480577,114.1226684,govt-led,"scheduled in 1999/2000 tender programme (LegCo 30Mar1999 Annex B, raw/sale_regime/programmes/legco_lsp_9900.pdf), awarded Apr 2000",,,,,,,,,,,,,,,,,,,,High Prosperity Terrace,APPROVAL OF DEED OF MUTUAL COVENANT AND MANAGEMENT AGREEMENT | CONSENT TO SELL FOR COMMERCIAL DEVELOPMENT | CONSENT TO SELL FOR RESIDENTIAL DEVELOPMENT | SUPERTIME HOLDINGS LIMITED,Named development,21 Dec 2002 | 25 Mar 2003
2000-2001,12/6/2000,auction,KIL 11122,"JUNCTION OF CARMEL VILLAGE STREET AND HAU MAN STREET, KOWLOON",R1,residential,1420.6,251,,high,CARMEL-ON-THE-HILL,9 CARMEL VILLAGE STREET,KOWLOON INLAND LOT NO. 11122,N.A.,Cititop Ltd.,N.A. | N.A. | N.A.,22.31384626,114.1793105,NA,,,,,,,,,,,,,,,,,,,,,Carmel-on-the-Hill,APPROVAL OF DEED OF MUTUAL COVENANT AND MANAGEMENT AGREEMENT | CITITOP LIMITED | CONSENT TO SELL FOR RESIDENTIAL DEVELOPMENT,Named development,23-Apr-03
2000-2001,12/6/2000,auction,LOT 943 in D.D. 94,"BEAS STABLE, SHEUNG SHUI, NEW TERRITORIES",R4,residential,22973,93,,high,ST ANDREWS PLACE,"BEAS STABLE, SHEUNG SHUI, NEW TERRITORIES",LOT NO. 943 IN DEMARCATION DISTRICT NO. 94,N.A.,Union Development Ltd.,N.A. | N.A. | N.A.,22.49463226,114.1104898,NA,,,,,,,,,,,,,,,,,,,,,St Andrews Place,APPROVAL OF DEED OF MUTUAL COVENANT AND MANAGEMENT AGREEMENT | CONSENT TO SELL FOR RESIDENTIAL DEVELOPMENT,Named development,
2000-2001,16/06/2000,tender,KIL 11118,"JUNCTION OF PRINCESS MARGARET ROAD AND WYLIE ROAD, KOWLOON",R2,residential,36006,2508,,high,,,KOWLOON INLAND LOT NO. 11118,8,"Grace Sign Ltd (New World Development Co. Ltd, Sino Land<br/>Co. Ltd, Realty Development Corporation Ltd, BEX Ltd and Chinese Estates Holdings Ltd)",(1) AP Joy Ltd (Amoy Properties Ltd);<br/>(2) Brain Power Investments Ltd (Sun Hung Kai Properties Ltd);<br/>(3) Golden Famous International Ltd (Cheung Kong (Holdings) Ltd);<br/>(4) Happy Chord Ltd (The Hong Kong Parkview Group Ltd and Pidemco Land Ltd);<br/>(5) Power Key International Ltd (Nan Fung Textiles Consolidated Ltd);<br/>(6) Prosperous Harbour Ltd (Swire Properties Ltd and Island<br/>Communication Enterprises Ltd); and<br/>(7) Sunnex Development Ltd (Henderson Land Development Co. Ltd). | N.A. | N.A.,22.3103695,114.1769229,NA,,,,,,,,,,,,,,,,,,,,,"Parc Palais | Parc Palais (Phase I) - Blocks 1, 2 & 3 | Parc Palais (Phase II) - Blocks 5, 6, 7, 8 & 9 | Pending - Phase I (Blocks 1, 2 & 3) | Pending - Phase II (Blocks 5, 6, 7, 8 & 9)",APPROVAL OF DEED OF MUTUAL COVENANT AND MANAGEMENT AGREEMENT | CONSENT TO SELL FOR RESIDENTIAL DEVELOPMENT | GRACE SIGN LTD,Named development,19 Mar 2003 | 29 May 2003
2000-2001,19/06/2000,tender,NKIL 6338,"HING WAH STREET WEST, WEST KOWLOON RECLAMATION, KOWLOON",Mixed Development,commercial_residential_mixed,14900,850,,high,,,NEW KOWLOON INLAND LOT NO. 6338,8,AP Properties Ltd (Hyundai Engineering & Construction Co. Ltd and Amoy Properties Ltd),(1) Best Treasure Enterprises Limited (Nan Fung Textiles Consolidated Ltd);<br/>(2) Excellent Sky Limited (New World Development Co. Ltd);<br/>(3) Globaland Development Limited (Sino Land Co. Ltd);<br/>(4) Pro Vision Enterprises Limited (Sun Hung Kai Properties Ltd);<br/>(5) Rich Development Limited (Shui On Construction and Materials Ltd);<br/>(6) Sunning Well Investment Limited (Cheung Kong (Holdings) Ltd); and<br/>(7) Yieldway International Limited (Henderson Land Development Co. Ltd). | N.A. | N.A.,22.3327087,114.1484623,NA,,,,,,,,,,,,,,,,,,,,,AquaMarine,AP PROPERTIES LIMITED | APPROVAL OF DEED OF MUTUAL COVENANT AND MANAGEMENT AGREEMENT | CONSENT TO SELL FOR RESIDENTIAL DEVELOPMENT,Named development,26-Apr-04
2000-2001,16/08/2000,tender,TKOTL 81,"AREA 106, TSEUNG KWAN O, SAI KUNG, NEW TERRITORIES",OU,special_use_other,14600,18,,high,,,TSEUNG KWAN O TOWN LOT NO. 81,1,Hong Kong Digital Movie City Company Limited,N.A. | N.A. | N.A.,22.30176102,114.272832,govt-led,"LandsD government tender notice Jun 2000 (film studio site), preserved in raw/sale_regime/programmes/ls_m_2001.html",,,,,,,,,,,,,,,,,,,,,,No consent,
2000-2001,24/08/2000,tender,TYTL 163,"TSING KING ROAD, TSING YI, NEW TERRITORIES",PSPS,residential,6043,75.79,,high,,,TSING YI TOWN LOT NO. 163,10,Pearl Orient Limited (China Resources (Holdings) Company Limited),(1) Citysky Limited (Leighton Asia (Holdings) Limited);<br/>(2) Concord Cities Limited (Sun Fook Kong Construction Limited);<br/>(3) Luckfaith Far East Limited (Kin Wing Chinney Holdings Limited and Shun Cheong Holdings Limited);<br/>(4) Maydale Limited;<br/>(5) Poly Planner Development Limited (New World Services Limited);<br/>(6) Sheen Nation Development Limited (COSCO International Holdings Limited);<br/>(7) Supertime Holdings Limited (Wai Kee Holdings Limited);<br/>(8) Union Smart Limited (Chevalier International Holdings Ltd); and<br/>(9) Win Creation Development Limited (Chun Wo Holdings Limited). | N.A. | N.A.,22.36015663,114.1037381,govt-led,"scheduled in 1999/2000 tender programme (LegCo 30Mar1999 Annex B, raw/sale_regime/programmes/legco_lsp_9900.pdf), awarded Aug 2000",,,,,,,,,,,,,,,,,,,,Easeful Court,APPROVAL OF DEED OF MUTUAL COVENANT AND MANAGEMENT AGREEMENT | CONSENT TO SELL FOR COMMERCIAL DEVELOPMENT | CONSENT TO SELL FOR RESIDENTIAL DEVELOPMENT | PEARL ORIENT LIMITED,Named development,20 Jun 2003 | 9 Oct 2002
2000-2001,29/08/2000,auction,STTL 481,"AREA 77, MA ON SHAN, NEW TERRITORIES",R2,residential,11380,865,,high,,,SHA TIN TOWN LOT NO. 481,N.A.,Kingdom Investment Ltd.,N.A. | N.A. | N.A.,22.41422322,114.2230187,NA,,,,,,,,,,,,,,,,,,,,,Ocean View,KINGDOM INVESTMENT LIMITED,Named development,26-Feb-02
2000-2001,29/08/2000,auction,TWTL 404,"AREA 40, ROUTE TWISK, TSUEN WAN, NEW TERRITORIES",R3,residential,6970,292,,high,,,TSUEN WAN TOWN LOT NO. 404,N.A.,Brisbane Trading Co. Ltd.,N.A. | N.A. | N.A.,22.38426158,114.1094061,NA,,,,,,,,,,,,,,,,,,,,,The Cliveden,APPROVAL OF DEED OF MUTUAL COVENANT AND MANAGEMENT AGREEMENT | BRISBANE TRADING COMPANY LIMITED | CONSENT TO SELL FOR RESIDENTIAL DEVELOPMENT,Named development,8-Aug-02
2000-2001,26/09/2000,tender,NKIL 6280,"TAI ROAD, KOWLOON BAY J/O SHEUNG I/O and YEE ROAD Repair AND WANG",LPG Vehicle Workshop,industrial,5480,128.3,,high,,,NEW KOWLOON INLAND LOT NO. 6280,2,Pioneer Crest Limited (Manhattan Realty Limited),Eversky Corporation Limited | N.A. | N.A.,22.31989054,114.2101938,NA,,,,,,,,,,,,,,,,,,,,,,,No consent,
2000-2001,5/10/2000,auction,TWTL 395,"AREA 40, ROUTE TWISK, TSUEN WAN",R3,residential,25630,835,,high,,,TSUEN WAN TOWN LOT NO. 395,N.A.,Golden Famous International Ltd.,N.A. | N.A. | N.A.,22.38444253,114.1102411,NA,,,,,,,,,,,,,,,,,,,,,"The Cairnhill | The Cairnhill (Phase 1, Blocks 1-3 & 5-10) | The Cairnhill (Phase 2, Blocks 11-12 & 15-19) | The Cairnhill, Phase 1 (Blocks 1-3 & 5-10) | The Cairnhill, Phase 2 (Blocks 11-12 & 15-19)",APPROVAL OF DEED OF MUTUAL COVENANT AND MANAGEMENT AGREEMENT | CONSENT TO SELL FOR RESIDENTIAL DEVELOPMENT | GOLDEN FAMOUS INTERNATIONAL LTD,Named development,10 Dec 2002 | 4 Oct 2002
2000-2001,5/10/2000,auction,KIL 11145,"J/O FARM ROAD AND MA TAU WAI ROAD, MA TAU WAI",R1,residential,2765,540,,high,,,KOWLOON INLAND LOT NO. 11145,N.A.,Treasure On Development Ltd.,N.A. | N.A. | N.A.,22.32072727,114.1871434,NA,,,,,,,,,,,,,,,,,,,,,18 Farm Road,APPROVAL OF DEED OF MUTUAL COVENANT AND MANAGEMENT AGREEMENT | CONSENT TO SELL FOR RESIDENTIAL DEVELOPMENT | TREASURE ON DEVELOPMENT LIMITED,Named development,23-Dec-02
2000-2001,5/10/2000,auction,LOT 214 in DD 387,"SHAM TSENG, TSUEN WAN",R3,residential,7845,240,,high,ANGLERS' BAY,"SHAM TSENG, TSUEN WAN",LOT NO. 214 IN DEMARCATION DISTRICT NO. 387,N.A.,Prime Force Ltd.,N.A. | N.A. | N.A.,22.36616964,114.0562375,NA,,,,,,,,,,,,,,,,,,,,,Anglers' Bay,APPROVAL OF DEED OF MUTUAL COVENANT AND MANAGEMENT AGREEMENT | CONSENT TO SELL FOR RESIDENTIAL DEVELOPMENT,Named development,
2000-2001,31/10/2000,tender,RBL 1154,"CHUNG HOM KOK, HONG KONG",EXTERNAL TELECOMMUNICATIONS STATION,telecom,2275,80,,high,,,RURAL BUILDING LOT NO. 1154,3,GB21 (Hong Kong) Ltd.,(1) AT&T Asia/Pacific Group Ltd.; and<br/>(2) Flag Telecom Asia Ltd. | N.A. | N.A.,22.21417232,114.2059705,NA,,,,,,,,,,,,,,,,,,,,,,,No consent,
2000-2001,31/10/2000,tender,RBL 1155,"CHUNG HOM KOK, HONG KONG",EXTERNAL TELECOMMUNICATIONS STATION,telecom,2257,40,,high,,,RURAL BUILDING LOT NO. 1155,4,New T&T Hong Kong Ltd.,(1) GB 21 (Hong Kong) Ltd.;<br/>(2) AT&T Asia/Pacific Group Ltd.; and<br/>(3) Flag Telecom Asia Ltd. | N.A. | N.A.,22.21410856,114.2056448,NA,,,,,,,,,,,,,,,,,,,,,,,No consent,
2000-2001,7/12/2000,auction,KIL 11152,"HOI FAI ROAD, WEST KOWLOON RECLAMATION, KOWLOON",R1,residential,20200,2580,,high,THE LONG BEACH,8 HOI FAI ROAD,KOWLOON INLAND LOT NO. 11152,N.A.,AP Joy Limited,N.A. | N.A. | N.A.,22.31952517,114.1558512,NA,,,,,,,,,,,,,,,,,,,,,The Long Beach,AP JOY LIMITED | APPROVAL OF DEED OF MUTUAL COVENANT AND MANAGEMENT AGREEMENT | CONSENT TO SELL FOR RESIDENTIAL DEVELOPMENT,Named development,20-Nov-03
2000-2001,7/12/2000,auction,LOT 14 in DD 231,"CHUK KOK, SAI KUNG, NEW TERRITORIES",R4,residential,2790,21,,high,,,LOT NO. 14 IN DEMARCATION DISTRICT NO. 231,N.A.,Teampearl Co. Ltd.,N.A. | N.A. | N.A.,22.34674106,114.2606532,NA,,,,,,,,,,,,,,,,,,,,,,,No consent,
2000-2001,14/12/2000,tender,IL 8955,SAI WAN HO FERRY CONCOURSE,R1,residential,12200,2430,,high,,,INLAND LOT NO. 8955,9,Yieldway International Limited,(1) AP Jade Limited;<br/>(2) Cherrybrook Limited;<br/>(3) Delight View Properties Limited;<br/>(4) Glory Base Investments Limited;<br/>(5) Jackpot International Limited;<br/>(6) Overseas Rank Limited;<br/>(7) Perfect Sun Properties Limited; and<br/>(8) Super Town Investments Limited. | N.A. | N.A.,22.28500447,114.2246645,NA,,,,,,,,,,,,,,,,,,,,,Grand Promenade,APPROVAL OF DEED OF MUTUAL COVENANT AND MANAGEMENT AGREEMENT | CONSENT TO SELL FOR RESIDENTIAL DEVELOPMENT | YIELDWAY INTERNATIONAL LIMITED,Named development,18-Jun-04
2000-2001,19/02/2001,auction,STTL 483,"AREA 77, MA ON SHAN, SHA TIN, NEW TERRITORIES",R2,residential,7296,560,,high,,,SHA TIN TOWN LOT NO. 483,N.A.,Perfect Development Limited,N.A. | N.A. | N.A.,22.4130764,114.222824,NA,,,,,,,,,,,,,,,,,,,,,La Costa,PERFECT DEVELOPMENT LIMITED,Named development,22-Oct-02
2000-2001,19/02/2001,auction,Lot 1144 in DD 215,"TUI MIN HOI, SAI KUNG, NEW TERRITORIES",R3,residential,5140,73.5,,high,COSTA BELLO,"TUI MIN HOI, SAI KUNG, NEW TERRITORIES",LOT NO. 1144 IN DEMARCATION DISTRICT NO. 215,N.A.,Capital Group Development Limited,N.A. | N.A. | N.A.,22.37763606,114.2740909,NA,,,,,,,,,,,,,,,,,,,,,Costa Bello,APPROVAL OF DEED OF MUTUAL COVENANT AND MANAGEMENT AGREEMENT | CONSENT TO SELL FOR RESIDENTIAL DEVELOPMENT,Named development,
2001-2002,19/06/2001,auction,STTL 209,"LIN PATH, AREA 43, SHA TIN SZE PEI",R3,residential,2710,38.5,,high,,,SHA TIN TOWN LOT NO. 209,N.A.,La Canada Limited,N.A. | N.A. | N.A.,22.39974347,114.1983175,govt-led,"scheduled 2001/02 programme, LandsD LSP page Aug2001 (raw/sale_regime/programmes/ls_m_2001.html)",,,,,,,,,,,,,,,,,,,,,,No consent,
2001-2002,19/06/2001,auction,TWTL 400,"SQUARE, TSUEN WAN TAM KON SHAN",CR,commercial_residential_mixed,389.8,41,,high,,,TSUEN WAN TOWN LOT NO. 400,N.A.,Fullytech Holdings Limited,N.A. | N.A. | N.A.,22.36998745,114.1173942,govt-led,"scheduled 2001/02 programme, LandsD LSP page Aug2001 (raw/sale_regime/programmes/ls_m_2001.html)",,,,,,,,,,,,,,,,,,,,,,No consent,
2001-2002,27/07/2001,tender,TYTL 168,"ROAD, AREA 9, TSING YI TAM KON SHAN",SHIPYARD,industrial,2215,5.1,,high,,,TSING YI TOWN LOT NO. 168,4,Discovery Bay Enterprises Ltd. (Hong Kong Resort Co. Ltd.),(1) Glory Supreme Development Ltd. (Wang Tak Group Holdings Ltd.);<br/>(2) Hongo Engineering Ltd.; and<br/>(3) Spark Bright Ltd.<br/> | N.A. | N.A.,22.36188003,114.0921718,ALS,"on 2001/02 Application List, not in scheduled programme (raw/sale_regime/programmes/ls_m_2001.html); DEVB Feb2008 note: exactly 4 application sales in 2001/02 (raw/sale_regime/programmes/devb_als_background_2008.pdf)",,,,,,,,,,,,,,,,,,,,,,No consent,
2001-2002,27/07/2001,tender,TYTL 169,"ROAD, AREA 9, TSING YI HUNG HOM BAY",SHIPYARD,industrial,1685,1.8,,high,,,TSING YI TOWN LOT NO. 169,5,Kam Hung Motor Boat (H.K.) Ltd.,(1) Glory Supreme Development Ltd. (Wang Tak Group Holdings Ltd.);<br/>(2) Hongo Engineering Ltd.;<br/>(3) New Talent Enterprises Ltd.; and<br/>(4) Spark Glory Ltd. | N.A. | N.A.,22.36174024,114.0919215,ALS,"on 2001/02 Application List, not in scheduled programme (raw/sale_regime/programmes/ls_m_2001.html); DEVB Feb2008 note: exactly 4 application sales in 2001/02 (raw/sale_regime/programmes/devb_als_background_2008.pdf)",,,,,,,,,,,,,,,,,,,,,,No consent,
2001-2002,13/08/2001,auction,KIL 11110,"RECLAMATION, KOWLOON MAN KEI TOI,",C,commercial,20364,1090,,high,,,KOWLOON INLAND LOT NO. 11110,N.A.,Sino China Enterprises Ltd.,N.A. | N.A. | N.A.,22.29988474,114.1851524,ALS,"on 2001/02 Application List, not in scheduled programme (raw/sale_regime/programmes/ls_m_2001.html); DEVB Feb2008 note: exactly 4 application sales in 2001/02 (raw/sale_regime/programmes/devb_als_background_2008.pdf)",,,,,,,,,,,,,,,,,,,,,,No consent,
2001-2002,13/08/2001,auction,LOT 1184 IN DD 217,"PAK SHA WAN, SAI KUNG OFF PING CHUK LANE, PING",R3,residential,17800,148,,high,,,LOT NO. 1184 IN DEMARCATION DISTRICT NO. 217,N.A.,Mancas Investment Ltd.,N.A. | N.A. | N.A.,22.36913649,114.261288,govt-led,"scheduled 2001/02 programme, LandsD LSP page Aug2001 (raw/sale_regime/programmes/ls_m_2001.html)",,,,,,,,,,,,,,,,,,,,,,No consent,
2001-2002,13/08/2001,auction,LOT 2052 IN DD 121,"SHAN, YUEN LONG HUNG HOM BAY",R1 Commercial and,commercial_residential_mixed,2517,44,,high,,,LOT NO. 2052 IN DEMARCATION DISTRICT NO. 121,N.A.,Globaland Development Ltd.,N.A. | N.A. | N.A.,22.44053646,114.0069022,govt-led,"scheduled 2001/02 programme, LandsD LSP page Aug2001 (raw/sale_regime/programmes/ls_m_2001.html)",,,,,,,,,,,,,,,,,,,,Imperial Villas (Phase I) - Towers 1- 3 & 5 | Imperial Villas (Phase I) - Towers 1-3 & 5,APPROVAL OF DEED OF MUTUAL COVENANT AND MANAGEMENT AGREEMENT | CONSENT TO SELL FOR RESIDENTIAL DEVELOPMENT,Named development,
2001-2002,16/10/2001,auction,KIL 11103,"RECLAMATION, KOWLOON 2 & 4 CALDECOTT",Multi- storey Carpark,transport_parking,9940,655,,high,,,KOWLOON INLAND LOT NO. 11103,N.A.,Bermington Investment Ltd.,N.A. | N.A. | N.A.,22.30242236,114.1849682,ALS,"on 2001/02 Application List, not in scheduled programme (raw/sale_regime/programmes/ls_m_2001.html); DEVB Feb2008 note: exactly 4 application sales in 2001/02 (raw/sale_regime/programmes/devb_als_background_2008.pdf)",,,,,,,,,,,,,,,,,,,,Harbourview Horizon All-suite Hotel,APPROVAL OF DEED OF MUTUAL COVENANT AND MANAGEMENT AGREEMENT,Named development,
2001-2002,16/10/2001,auction,NKIL 6378,"ROAD, PIPER'S HILL, KOWLOON TAI MONG TSAI, SAI",R3,residential,3297,110,,high,,,NEW KOWLOON INLAND LOT NO. 6378,N.A.,Asian Success Investments Ltd.,N.A. | N.A. | N.A.,22.34480087,114.1498092,govt-led,"scheduled 2001/02 programme, LandsD LSP page Aug2001 (raw/sale_regime/programmes/ls_m_2001.html)",,,,,,,,,,,,,,,,,,,,Caldecott Hill,APPROVAL OF DEED OF MUTUAL COVENANT AND MANAGEMENT AGREEMENT | ASIAN SUCCESS INVESTMENTS LIMITED | CONSENT TO SELL FOR RESIDENTIAL DEVELOPMENT,Named development,23-Feb-04
2001-2002,16/10/2001,auction,LOT 348 IN DD 252,"KUNG, NEW TERRITORIES 3 CALDECOTT",R4,residential,4861,23.5,,high,,,LOT NO. 348 IN DEMARCATION DISTRICT NO. 252,N.A.,Glory Profit Ltd.,N.A. | N.A. | N.A.,22.39224024,114.2980969,govt-led,"scheduled 2001/02 programme, LandsD LSP page Aug2001 (raw/sale_regime/programmes/ls_m_2001.html)",,,,,,,,,,,,,,,,,,,,,,No consent,
2001-2002,4/12/2001,auction,NKIL 6379,"ROAD, PIPER'S HILL, KOWLOON OFF PING CHUK LANE, PING",R3,residential,5872,170,,high,,,NEW KOWLOON INLAND LOT NO. 6379,N.A.,Carlo Company Limited,N.A. | N.A. | N.A.,22.34425006,114.1501782,govt-led,"scheduled 2001/02 programme, LandsD LSP page Aug2001 (raw/sale_regime/programmes/ls_m_2001.html)",,,,,,,,,,,,,,,,,,,,Pending - (Blocks 1 & 2) | The Caldecott (Blocks 1 & 2),APPROVAL OF DEED OF MUTUAL COVENANT AND MANAGEMENT AGREEMENT | CARLO COMPANY LIMITED | CONSENT TO SELL FOR RESIDENTIAL DEVELOPMENT,Named development,21-Nov-03
2001-2002,4/12/2001,auction,LOT 2051 IN DD 121,"SHAN, YUEN LONG, NEW TERRITORIES HOI CHU ROAD, AREA 16, TUEN",R1,residential,3754,62,,high,,,LOT NO. 2051 IN DEMARCATION DISTRICT NO. 121,N.A.,Perfect Sun Properties Limited,N.A. | N.A. | N.A.,22.4409525,114.0075137,govt-led,"scheduled 2001/02 programme, LandsD LSP page Aug2001 (raw/sale_regime/programmes/ls_m_2001.html)",,,,,,,,,,,,,,,,,,,,Imperial Villas (Phase II) | Imperial Villas (Phase II) - Blocks 6-11,APPROVAL OF DEED OF MUTUAL COVENANT AND MANAGEMENT AGREEMENT | CONSENT TO SELL FOR COMMERCIAL DEVELOPMENT | CONSENT TO SELL FOR RESIDENTIAL DEVELOPMENT,Named development,
2001-2002,4/2/2002,auction,TMTL 432,"MUN, NEW TERRITORIES AREA 11, TAI PO KAU, TAI PO,",R1,residential,6090,264,,high,,,TUEN MUN TOWN LOT NO. 432,N.A.,Advance Profit Limited,N.A. | N.A. | N.A.,22.38368453,113.9713148,govt-led,"scheduled 2001/02 programme, LandsD LSP page Aug2001 (raw/sale_regime/programmes/ls_m_2001.html)",,,,,,,,,,,,,,,,,,,,Oceania Heights,ADVANCE PROFIT LIMITED | APPROVAL OF DEED OF MUTUAL COVENANT AND MANAGEMENT AGREEMENT | CONSENT TO SELL FOR RESIDENTIAL DEVELOPMENT,Named development,2-Jul-03
2001-2002,4/2/2002,auction,TPTL 168,NEW TERRITORIES,R3,residential,4200,37,,high,,,TAI PO TOWN LOT NO. 168,N.A.,Global Alliance Investments Limited,N.A. | N.A. | N.A.,22.43733872,114.1819549,govt-led,"scheduled 2001/02 programme, LandsD LSP page Aug2001 (raw/sale_regime/programmes/ls_m_2001.html)",,,,,,,,,,,,,,,,,,,,Hampstead,APPROVAL OF DEED OF MUTUAL COVENANT AND MANAGEMENT AGREEMENT,Named development,
2002-2003,15/04/2002,auction,KIL 11158,"RECLAMATION, KOWLOON JUNCTION OF CORNWALL STREET",R1,residential,10450,1640,,high,,,KOWLOON INLAND LOT NO. 11158,N.A.,Active Success Development Limited,N.A. | N.A. | N.A.,22.31771002,114.1558806,ALS,"on 2002/03 Application List, not in scheduled programme (raw/sale_regime/programmes/lsp0203_applist.html); DEVB Feb2008 note: exactly 2 application sales in 2002/03 (raw/sale_regime/programmes/devb_als_background_2008.pdf)",,,,,,,,,,,,,,,,,,,,One SilverSea (Towers 1-3 & 5-8) | Pending - (Towers 1-3 & 5- 8),ACTIVE SUCCESS DEVELOPMENT LIMITED | APPROVAL OF DEED OF MUTUAL COVENANT AND MANAGEMENT AGREEMENT | CONSENT TO SELL FOR RESIDENTIAL DEVELOPMENT,Named development,15-Dec-04
2002-2003,15/04/2002,auction,NKIL 6196,"AND TAT CHEE AVENUE, KOWLOON No. 2 LOK KWAI PATH, AREA 43, SHA",R3,residential,14700,570,,high,,,NEW KOWLOON INLAND LOT NO. 6196,N.A.,Direct Win Development Limited,N.A. | N.A. | N.A.,22.3406851,114.1717003,ALS,"on 2002/03 Application List, not in scheduled programme (raw/sale_regime/programmes/lsp0203_applist.html); DEVB Feb2008 note: exactly 2 application sales in 2002/03 (raw/sale_regime/programmes/devb_als_background_2008.pdf)",,,,,,,,,,,,,,,,,,,,Mount Beacon | Mount Beacon (Carport),APPROVAL OF DEED OF MUTUAL COVENANT AND MANAGEMENT AGREEMENT | APPROVAL OF SUB-DEED OF MUTUAL COVENANT AND MANAGEMENT AGREEMENT | CONSENT TO SELL FOR RESIDENTIAL DEVELOPMENT | DIRECT WIN DEVELOPMENT LIMITED,Named development,7-Jul-05
2002-2003,15/04/2002,auction,STTL 526,"TIN, NEW TERRITORIES CAPE ROAD, CHUNG",R3,residential,19300,660,,high,,,SHA TIN TOWN LOT NO. 526,N.A.,Landyork Investment Limited,N.A. | N.A. | N.A.,22.40104434,114.1943844,govt-led,scheduled 2002/03 auction programme (raw/sale_regime/programmes/lsp0203_auction.html),,,,,,,,,,,,,,,,,,,,The Grandville,LANDYORK INVESTMENT LIMITED,Named development,9-Nov-04
2002-2003,15/04/2002,auction,RBL 1164,"HOM KOK, HONG KONG",R3,residential,3720,100,,high,33 CAPE ROAD,33 CAPE ROAD,RURAL BUILDING LOT NO. 1164,N.A.,South Land Enterprises Limited,N.A. | N.A. | N.A.,22.21931978,114.2062237,govt-led,scheduled 2002/03 auction programme (raw/sale_regime/programmes/lsp0203_auction.html),,,,,,,,,,,,,,,,,,,,33 Cape Road,APPROVAL OF DEED OF MUTUAL COVENANT AND MANAGEMENT AGREEMENT | CONSENT TO SELL FOR RESIDENTIAL DEVELOPMENT | SOUTH LAND ENTERPRISES LIMITED,Named development,26-Jan-04
2002-2003,17/06/2002,auction,IL 8930,"NO. 632 KING'S ROAD, NORTH POINT, HONG KONG",R1,residential,1400.4,310,,high,,,INLAND LOT NO. 8930,N.A.,Overseas Rank Limited,N.A. | N.A. | N.A.,22.29171873,114.2055789,govt-led,scheduled 2002/03 auction programme (raw/sale_regime/programmes/lsp0203_auction.html),,,,,,,,,,,,,,,,,,,,La Place de Victoria,APPROVAL OF DEED OF MUTUAL COVENANT AND MANAGEMENT AGREEMENT | CONSENT TO SELL FOR RESIDENTIAL DEVELOPMENT | OVERSEAS RANK LIMITED,Named development,10-Jun-05
2002-2003,17/06/2002,auction,STTL 499,"KONG PUI STREET, AREA 5B, SHA TIN, NEW TERRITORIES SA PO ROAD,",R1,residential,1358.8,112,,high,,,SHA TIN TOWN LOT NO. 499,N.A.,Grand Union Investments Limited,N.A. | N.A. | N.A.,22.3808428,114.1967512,govt-led,scheduled 2002/03 auction programme (raw/sale_regime/programmes/lsp0203_auction.html),,,,,,,,,,,,,,,,,,,,Kingston Lodge,GRAND UNION INVESTMENTS LIMITED,Named development,19-May-05
2002-2003,10/9/2002,auction,NKIL 6418,KOWLOON 47 SHEK PAI WAN,R1 Residential/,residential,2305,290,,high,,,NEW KOWLOON INLAND LOT NO. 6418,N.A.,Sunnytact Company Limited,N.A. | N.A. | N.A.,22.33071461,114.1930749,govt-led,scheduled 2002/03 auction programme (raw/sale_regime/programmes/lsp0203_auction.html),,,,,,,,,,,,,,,,,,,,Le Billionnaire,APPROVAL OF DEED OF MUTUAL COVENANT AND MANAGEMENT AGREEMENT,Named development,
2002-2003,10/9/2002,auction,AIL 450,"ROAD, ABERDEEN, HONG KONG",Commercial,commercial,675.4,83,,high,,,ABERDEEN INLAND LOT NO. 450,N.A.,Central Well Limited,N.A. | N.A. | N.A.,22.24992482,114.1476447,govt-led,scheduled 2002/03 auction programme (raw/sale_regime/programmes/lsp0203_auction.html),,,,,,,,,,,,,,,,,,,,,,No consent,
2003-2004,26/5/2003,tender,KIL 11161,"SALISBURY ROAD, TSIM SHA TSUI, KOWLOON",C,commercial,12289,352.8,,high_verified,,,KOWLOON INLAND LOT NO. 11161,6,Flying Snow Limited (Cheung Kong (Holdings) Limited),(1) Cosmos Gain International Limited;<br/>(2) Silver Peak Investments Limited;<br/>(3) Star Gain Development Limited;<br/>(4) Star Rays Limited; and<br/>(5) Sunspark Development Limited. | N.A. | N.A.,22.29542164,114.1699976,govt-led,"government tender advertised Nov 2002 (info.gov.hk/landsd/landsale/tender/adv_kil11161e.htm, wayback); Application List suspended Nov2002-Jan2004",,,,,,,,,,,,,,,,,,,,,,No consent,
2003-2004,11/7/2003,tender,LOT NO. 686 IN MA WAN,"MA WAN ISLAND, NEW TERRITORIES",RECREATIONAL (THEME PARK),special_use_other,,,yes,high_verified,,,LOT NO. 686 IN MA WAN,2,---------,(1) Perfect Target Enterprises Ltd; and<br/>(2) Snow World Hong Kong Ltd. | N.A. | TENDER WITHDRAWN ON 11 JULY 2003,22.34644575,114.0640154,govt-led,"government tender advertised 2002/03 (info.gov.hk/landsd/landsale/tender/adv_mawan686e.htm, wayback); theme-park tender outside Application List",,,,,,,,,,,,,,,,,,,,,,No consent,
2003-2004,4/9/2003,tender,NKIL 6409,"CORNWALL STREET, KOWLOON TONG, KOWLOON",PFS,petrol_or_ev,1025.4,45.5,,high_verified,,,NEW KOWLOON INLAND LOT NO. 6409,2,China Resources Petrochems (Group) Company Limited,ExxonMobil Hong Kong Limited | N.A. | N.A.,22.34016138,114.1736806,govt-led,"scheduled in 2002/03 tender programme, completed FY2003/04 (raw/sale_regime/programmes/lsp0203_tender.html)",,,,,,,,,,,,,,,,,,,,,,No consent,
2003-2004,4/9/2003,tender,STTL 484,"AREA 86B, MA ON SHAN, SHA TIN, NEW TERRITORIES",PFS,petrol_or_ev,1067.9,84.318,,high_verified,,,SHA TIN TOWN LOT NO. 484,3,ExxonMobil Hong Kong Limited,(1) China Resources Petrochems(Group) Company Limited; and<br/>(2) Shell Developments (HK) Limited. | N.A. | N.A.,22.41418582,114.2272728,govt-led,"scheduled in 2002/03 tender programme, completed FY2003/04 (raw/sale_regime/programmes/lsp0203_tender.html)",,,,,,,,,,,,,,,,,,,,,,No consent,
2003-2004,4/9/2003,tender,TYTL 170,"TSING YI ROAD WEST, TSING YI, NEW TERRITORIES",PFS,petrol_or_ev,1991.4,40.638,,high_verified,,,TSING YI TOWN LOT NO. 170,1,ExxonMobil Hong Kong Limited,N.A. | N.A. | N.A.,22.35681374,114.1002933,govt-led,"scheduled in 2002/03 tender programme, completed FY2003/04 (raw/sale_regime/programmes/lsp0203_tender.html)",,,,,,,,,,,,,,,,,,,,,,No consent,
2003-2004,4/9/2003,tender,CWIL 171,"JUNCTION OF SHEUNG MAU STREET, SHEUNG ON STREET AND SHING TAI ROAD, CHAI WAN, HONG KONG",PFS,petrol_or_ev,3960,64.038,,high_verified,,,CHAI WAN INLAND LOT NO. 171,3,ExxonMobil Hong Kong Limited,(1) Feoso Oil Limited; and<br/>(2) Shell Developments (HK) Limited. | N.A. | N.A.,22.27123588,114.2416783,govt-led,"scheduled in 2002/03 tender programme, completed FY2003/04 (raw/sale_regime/programmes/lsp0203_tender.html)",,,,,,,,,,,,,,,,,,,,,,No consent,
2003-2004,29/1/2004,tender,IL 8984,"MACDONNELL ROAD, HONG KONG",PFS,petrol_or_ev,236.8,303.86,,high_verified,,,INLAND LOT NO. 8984,5,Sinopec (Hong Kong) Limited (China Petroleum & Chemical Corporation),"(1) Chinaoil (Hong Kong) Corporation Limited (Petrochina International Company Limited);<br/>(2) CRC Petrol Filling Station Company Limited (China Resources Petrochems (Group) Company Limited);<br/>(3) ExxonMobil Hong Kong Limited; and<br/>(4) Shell Developments (Hong Kong) Limited. | N.A. | A single amount of tender premium for the purchase of [INLAND LOT NO. 8984], [INLAND LOT NO. 8988], [NEW KOWLOON INLAND LOT NO. 6417], [TAI PO TOWN LOT NO. 151] and [TUNG CHUNG TOWN LOT NO. 9] collectively as one package.",22.27595245,114.1559547,govt-led,"scheduled in 2002/03 tender programme, completed FY2003/04 (raw/sale_regime/programmes/lsp0203_tender.html)",,,,,,,,,,,,,,,,,,,,,,No consent,
2003-2004,29/1/2004,tender,IL 8988,"KENNEDY ROAD, WAN CHAI, HONG KONG",PFS,petrol_or_ev,837.2,,,high_verified,,,INLAND LOT NO. 8988,6,Sinopec (Hong Kong) Limited (China Petroleum & Chemical Corporation),"(1) Caltex Oil Hong Kong Limited;<br/>(2) Chinaoil (Hong Kong) Corporation Limited (Petrochina International Company Limited);<br/>(3) CRC Petrol Filling Station Company Limited (China Resources Petrochems (Group) Company Limited);<br/>(4) ExxonMobil Hong Kong Limited; and<br/>(5) Shell Developments (Hong Kong) Limited. | N.A. | A single amount of tender premium for the purchase of [INLAND LOT NO. 8984], [INLAND LOT NO. 8988], [NEW KOWLOON INLAND LOT NO. 6417], [TAI PO TOWN LOT NO. 151] and [TUNG CHUNG TOWN LOT NO. 9] collectively as one package.",22.27538458,114.1673364,govt-led,"scheduled in 2002/03 tender programme, completed FY2003/04 (raw/sale_regime/programmes/lsp0203_tender.html)",,,,,,,,,,,,,,,,,,,,,,No consent,
2003-2004,29/1/2004,tender,NKIL 6417,"WANG CHIN STREET, KOWLOON BAY, KOWLOON",PFS,petrol_or_ev,1423.3,,,high_verified,,,NEW KOWLOON INLAND LOT NO. 6417,2,Sinopec (Hong Kong) Limited (China Petroleum & Chemical Corporation),"CRC Petrol Filling Station Company Limited (China Resources Petrochems (Group) Company Limited) | N.A. | A single amount of tender premium for the purchase of [INLAND LOT NO. 8984], [INLAND LOT NO. 8988], [NEW KOWLOON INLAND LOT NO. 6417], [TAI PO TOWN LOT NO. 151] and [TUNG CHUNG TOWN LOT NO. 9] collectively as one package.",22.32263977,114.2041876,govt-led,"scheduled in 2002/03 tender programme, completed FY2003/04 (raw/sale_regime/programmes/lsp0203_tender.html)",,,,,,,,,,,,,,,,,,,,,,No consent,
2003-2004,29/1/2004,tender,TPTL 151,"TAI PO KAU, TAI PO, NEW TERRITORIES",PFS,petrol_or_ev,3167,,,high_verified,,,TAI PO TOWN LOT NO. 151,1,Sinopec (Hong Kong) Limited (China Petroleum & Chemical Corporation),"N.A. | N.A. | A single amount of tender premium for the purchase of [INLAND LOT NO. 8984], [INLAND LOT NO. 8988], [NEW KOWLOON INLAND LOT NO. 6417], [TAI PO TOWN LOT NO. 151] and [TUNG CHUNG TOWN LOT NO. 9] collectively as one package.",22.43232599,114.1939221,govt-led,"scheduled in 2002/03 tender programme, completed FY2003/04 (raw/sale_regime/programmes/lsp0203_tender.html)",,,,,,,,,,,,,,,,,,,,,,No consent,
2003-2004,29/1/2004,tender,TCTL 9,"TUNG CHUNG NEW TOWN AREA 58, LANTAU ISLAND",PFS,petrol_or_ev,1237.9,,,high_verified,,,TUNG CHUNG TOWN LOT NO. 9,2,Sinopec (Hong Kong) Limited (China Petroleum & Chemical Corporation),"Thousand Assets Limited | N.A. | A single amount of tender premium for the purchase of [INLAND LOT NO. 8984], [INLAND LOT NO. 8988], [NEW KOWLOON INLAND LOT NO. 6417], [TAI PO TOWN LOT NO. 151] and [TUNG CHUNG TOWN LOT NO. 9] collectively as one package.",22.29453845,113.9533276,govt-led,"scheduled in 2002/03 tender programme, completed FY2003/04 (raw/sale_regime/programmes/lsp0203_tender.html)",,,,,,,,,,,,,,,,,,,,,,No consent,
2004-2005,8/5/2004,tender,IL 8985,"137 TAI HANG ROAD, JARDINE'S LOOKOUT, HONG KONG",PFS,petrol_or_ev,917,501,,high_verified,,,INLAND LOT NO. 8985,5,Chinaoil (Hong Kong) Corporation Limited (Petrochina International Company Limited),"(1) CRC Petrol Filling Station Company Limited;<br/>(2) ExxonMobil Hong Kong Limited;<br/>(3) Sinopec (Hong Kong) Limited; and<br/>(4) Mr Yiu. | N.A. | A single amount of tender premium for the purchase of [INLAND LOT NO. 8985], [INLAND LOT NO. 8986], [TUNG CHUNG TOWN LOT NO. 24], [TSEUNG KWAN O TOWN LOT NO. 89] and [TSUEN WAN TOWN LOT NO. 408] collectively as one package.",22.27082372,114.191535,govt-led,specialist tender outside Application List (use=PFS); such sites never appeared on AL snapshots (raw/sale_regime/al_snapshots/),,,,,,,,,,,,,,,,,,,,,,No consent,
2004-2005,8/5/2004,tender,IL 8986,"80 POK FU LAM ROAD, HONG KONG",PFS,petrol_or_ev,742,,,high_verified,,,INLAND LOT NO. 8986,4,Chinaoil (Hong Kong) Corporation Limited (Petrochina International Company Limited),"(1) CRC Petrol Filling Station Company Limited;<br/>(2) Sinopec (Hong Kong) Limited; and<br/>(3) Mr Yiu. | N.A. | A single amount of tender premium for the purchase of [INLAND LOT NO. 8985], [INLAND LOT NO. 8986], [TUNG CHUNG TOWN LOT NO. 24], [TSEUNG KWAN O TOWN LOT NO. 89] and [TSUEN WAN TOWN LOT NO. 408] collectively as one package.",22.28164609,114.1325785,govt-led,specialist tender outside Application List (use=PFS); such sites never appeared on AL snapshots (raw/sale_regime/al_snapshots/),,,,,,,,,,,,,,,,,,,,,,No consent,
2004-2005,8/5/2004,tender,TCTL 24,"TUNG CHUNG NEW TOWN, AREA 26, LANTAU ISLAND",PFS,petrol_or_ev,1125,,,high_verified,,,TUNG CHUNG TOWN LOT NO. 24,3,Chinaoil (Hong Kong) Corporation Limited (Petrochina International Company Limited),"(1) Sinopec (Hong Kong) Limited; and<br/>(2) Mr Yiu. | N.A. | A single amount of tender premium for the purchase of [INLAND LOT NO. 8985], [INLAND LOT NO. 8986], [TUNG CHUNG TOWN LOT NO. 24], [TSEUNG KWAN O TOWN LOT NO. 89] and [TSUEN WAN TOWN LOT NO. 408] collectively as one package.",22.28023265,113.9396398,govt-led,specialist tender outside Application List (use=PFS); such sites never appeared on AL snapshots (raw/sale_regime/al_snapshots/),,,,,,,,,,,,,,,,,,,,,,No consent,
2004-2005,8/5/2004,tender,TKOTL 89,"PO HONG ROAD, TSEUNG KWAN O, SAI KUNG, NEW TERRITORIES",PFS,petrol_or_ev,3349,,,high_verified,,,TSEUNG KWAN O TOWN LOT NO. 89,5,Chinaoil (Hong Kong) Corporation Limited (Petrochina International Company Limited),"(1) ExxonMobil Hong Kong Limited;<br/>(2) Shell Developments (HK) Limited;<br/>(3) Sinopec (Hong Kong) Limited; and<br/>(4) Mr Yiu. | N.A. | A single amount of tender premium for the purchase of [INLAND LOT NO. 8985], [INLAND LOT NO. 8986], [TUNG CHUNG TOWN LOT NO. 24], [TSEUNG KWAN O TOWN LOT NO. 89] and [TSUEN WAN TOWN LOT NO. 408] collectively as one package.",22.32118722,114.2553093,govt-led,specialist tender outside Application List (use=PFS); such sites never appeared on AL snapshots (raw/sale_regime/al_snapshots/),,,,,,,,,,,,,,,,,,,,,,No consent,
2004-2005,8/5/2004,tender,TWTL 408,"YEUNG UK ROAD, TSUEN WAN, NEW TERRITORIES",PFS,petrol_or_ev,832.5,,,high_verified,,,TSUEN WAN TOWN LOT NO. 408,6,Chinaoil (Hong Kong) Corporation Limited (Petrochina International Company Limited),"(1) CRC Petrol Filling Station Company Limited;<br/>(2) ExxonMobil Hong Kong Limited;<br/>(3) Shell Developments (HK) Limited;<br/>(4) Sinopec (Hong Kong) Limited; and<br/>(5) Mr Yiu.<br/> | N.A. | A single amount of tender premium for the purchase of [INLAND LOT NO. 8985], [INLAND LOT NO. 8986], [TUNG CHUNG TOWN LOT NO. 24], [TSEUNG KWAN O TOWN LOT NO. 89] and [TSUEN WAN TOWN LOT NO. 408] collectively as one package.",22.36634887,114.1194249,govt-led,specialist tender outside Application List (use=PFS); such sites never appeared on AL snapshots (raw/sale_regime/al_snapshots/),,,,,,,,,,,,,,,,,,,,,,No consent,
2004-2005,25/5/2004,auction,STTL 487,"AREA 77, MA ON SHAN, SHA TIN, NEW TERRITORIES",R2,residential,14006,2090,,high_verified,,,SHA TIN TOWN LOT NO. 487,N.A.,Diamond Jubilee Investment Ltd,N.A. | N.A. | N.A.,22.41185734,114.2226391,ALS,on Application List 2004-2005 (raw/sale_regime/al_snapshots/); List-only era 2004-2010: all auctions applicant-triggered (DEVB Feb2008 note),,,,,,,,,,,,,,,,,,,,Sausalito,DIAMOND JUBILEE INVESTMENT LIMITED,Named development,19-Oct-06
2004-2005,25/5/2004,auction,STTL 510,"TUNG LO WAN HILL ROAD, SHA TIN, NEW TERRITORIES",R2,residential,10626,865,,high_verified,THE GREAT HILL,8 TUNG LO WAN HILL ROAD,SHA TIN TOWN LOT NO. 510,N.A.,Orient Profit Ltd,N.A. | N.A. | N.A.,22.37929975,114.1810109,ALS,on Application List 2004-2005 (raw/sale_regime/al_snapshots/); List-only era 2004-2010: all auctions applicant-triggered (DEVB Feb2008 note),,,,,,,,,,,,,,,,,,,,The Great Hill,ORIENT PROFIT LIMITED,Named development,28-Feb-06
2004-2005,15/6/2004,auction,NKIL 6330,"SA PO ROAD, KOWLOON",R1,residential,3521,1010,,high_verified,BILLIONNAIRE ROYALE,83 SA PO ROAD,NEW KOWLOON INLAND LOT NO. 6330,N.A.,Sunnytact Company Limited,N.A. | N.A. | N.A.,22.3307508,114.1923566,ALS,on Application List 2004-2005 (raw/sale_regime/al_snapshots/); List-only era 2004-2010: all auctions applicant-triggered (DEVB Feb2008 note),,,,,,,,,,,,,,,,,,,,Billionaire Royale,APPROVAL OF DEED OF MUTUAL COVENANT AND MANAGEMENT AGREEMENT,Named development,
2004-2005,12/10/2004,auction,KIL 11124,"SHEUNG SHING STREET, HOMANTIN, KOWLOON",R1,residential,17756,9420,,high_verified,,,KOWLOON INLAND LOT NO. 11124,N.A.,Volly Best Investment Limited,N.A. | N.A. | N.A.,22.31903863,114.1856777,ALS,on Application List 2004-2005 (raw/sale_regime/al_snapshots/); List-only era 2004-2010: all auctions applicant-triggered (DEVB Feb2008 note),,,,,,,,,,,,,,,,,,,,Celestial Heights | Celestial Heights (Phase 1) | Celestial Heights (Phase 2),APPROVAL OF DEED OF MUTUAL COVENANT AND MANAGEMENT AGREEMENT | APPROVAL OF SUB-DEED OF MUTUAL COVENANT | CONSENT TO ASSIGN FOR RESIDENTIAL DEVELOPMENT | CONSENT TO SELL FOR RESIDENTIAL DEVELOPMENT | VOLLY BEST INVESTMENT LIMITED,Named development,8 April 2009 | 8 May 2008 | N.A.
2004-2005,12/10/2004,auction,NKIL 6308,"JUNCTION OF KING FUK STREET, KING TAI STREET AND PRINCE EDWARD ROAD EAST, SAN PO KONG, KOWLOON",R1,residential,12701,4700,,high_verified,,,NEW KOWLOON INLAND LOT NO. 6308,N.A.,Evermax Development Limited,N.A. | N.A. | N.A.,22.33355882,114.1968707,ALS,on Application List 2004-2005 (raw/sale_regime/al_snapshots/); List-only era 2004-2010: all auctions applicant-triggered (DEVB Feb2008 note),,,,,,,,,,,,,,,,,,,,The Latitude,APPROVAL OF DEED OF MUTUAL COVENANT AND MANAGEMENT AGREEMENT | CONSENT TO SELL FOR RESIDENTIAL DEVELOPMENT | EVERMAX DEVELOPMENT LIMITED,Named development,3-Apr-09
2004-2005,22/2/2005,auction,NKIL 6310,"JUNCTION OF SHEUNG YUET ROAD AND WANG CHIU ROAD, KOWLOON",NR,special_use_other,4715,1820,,high_verified,,,NEW KOWLOON INLAND LOT NO. 6310,N.A.,Win Harvest (HK) Limited,N.A. | N.A. | N.A.,22.32096472,114.2093694,ALS,on Application List 2004-2005 (raw/sale_regime/al_snapshots/); List-only era 2004-2010: all auctions applicant-triggered (DEVB Feb2008 note),,,,,,,,,,,,,,,,,,,,,,No consent,
2005-2006,3/6/2005,tender,IL 9008,"POK FU LAM ROAD, HONG KONG",PFS,petrol_or_ev,933.4,358.66,,high_verified,,,INLAND LOT NO. 9008,3,Sinopec (Hong Kong) Ltd (China Petroleum & Chemical Corporation),"(1) Caltex Oil Hong Kong Limited; and<br/>(2) CRC Petrol Filling Station Company Limited. | N.A. | A single amount of tender premium for the purchase of [INLAND LOT NO. 9008], [INLAND LOT NO. 8994], [KOWLOON INLAND LOT NO. 11177] and [TUNG CHUNG TOWN LOT NO. 29] collectively as one package.",22.2819622,114.1326851,govt-led,specialist tender outside Application List (use=PFS); such sites never appeared on AL snapshots (raw/sale_regime/al_snapshots/),,,,,,,,,,,,,,,,,,,,,,No consent,
2005-2006,3/6/2005,tender,IL 8994,"No. 892 KING'S ROAD, QUARRY BAY, HONG KONG",PFS,petrol_or_ev,570.5,,,high_verified,,,INLAND LOT NO. 8994,4,Sinopec (Hong Kong) Ltd (China Petroleum & Chemical Corporation),"(1) Caltex Oil Hong Kong Limited;<br/>(2) ExxonMobil Hong Kong Limited; and<br/>(3) Shell Developments (HK) Limited. | N.A. | A single amount of tender premium for the purchase of [INLAND LOT NO. 9008], [INLAND LOT NO. 8994], [KOWLOON INLAND LOT NO. 11177] and [TUNG CHUNG TOWN LOT NO. 29] collectively as one package.",22.28833146,114.2097024,govt-led,specialist tender outside Application List (use=PFS); such sites never appeared on AL snapshots (raw/sale_regime/al_snapshots/),,,,,,,,,,,,,,,,,,,,,,No consent,
2005-2006,3/6/2005,tender,KIL 11177,"PRINCE EDWARD ROAD WEST, KOWLOON",PFS,petrol_or_ev,565.8,,,high_verified,,,KOWLOON INLAND LOT NO. 11177,4,Sinopec (Hong Kong) Ltd (China Petroleum & Chemical Corporation),"(1) Caltex Oil Hong Kong Limited;<br/>(2) ExxonMobil Hong Kong Limited; and<br/>(3) Shell Developments (HK) Limited. | N.A. | A single amount of tender premium for the purchase of [INLAND LOT NO. 9008], [INLAND LOT NO. 8994], [KOWLOON INLAND LOT NO. 11177] and [TUNG CHUNG TOWN LOT NO. 29] collectively as one package.",22.32442103,114.1720115,govt-led,specialist tender outside Application List (use=PFS); such sites never appeared on AL snapshots (raw/sale_regime/al_snapshots/),,,,,,,,,,,,,,,,,,,,,,No consent,
2005-2006,3/6/2005,tender,TCTL 29,"TUNG CHUNG NEW TOWN, AREA 58, TUNG CHUNG",PFS,petrol_or_ev,1352.4,,,high_verified,,,TUNG CHUNG TOWN LOT NO. 29,2,Sinopec (Hong Kong) Ltd (China Petroleum & Chemical Corporation),"Caltex Oil Hong Kong Limited | N.A. | A single amount of tender premium for the purchase of [INLAND LOT NO. 9008], [INLAND LOT NO. 8994], [KOWLOON INLAND LOT NO. 11177] and [TUNG CHUNG TOWN LOT NO. 29] collectively as one package.",22.29442053,113.9529494,govt-led,specialist tender outside Application List (use=PFS); such sites never appeared on AL snapshots (raw/sale_regime/al_snapshots/),,,,,,,,,,,,,,,,,,,,,,No consent,
2005-2006,27/9/2005,auction,KIL 11168,"HOI TING ROAD, WEST KOWLOON RECLAMATION AREA",R1,residential,7397,3190,,high_verified,THE HERMITAGE,1 HOI WANG ROAD,KOWLOON INLAND LOT NO. 11168,N.A.,Best Profit Limited,N.A. | N.A. | N.A.,22.31760258,114.1650721,ALS,LandsD PR 2005-08-18 'Two lots triggered for land auction on September 27' (raw/sale_regime/gia_prs/),,,,,,,,,,,,,,,,,,,,,,No consent,
2005-2006,27/9/2005,auction,KIL 11167,"JUNCTION OF HOI WANG ROAD AND HOI TING ROAD, WEST KOWLOON RECLAMATION AREA",R1,residential,6179,2730,,high_verified,THE HERMITAGE,1 HOI WANG ROAD,KOWLOON INLAND LOT NO. 11167,N.A.,Union Empire Limited,N.A. | N.A. | N.A.,22.31763863,114.1640918,ALS,LandsD PR 2005-08-18 'Two lots triggered for land auction on September 27' (raw/sale_regime/gia_prs/),,,,,,,,,,,,,,,,,,,,The Hermitage,APPROVAL OF DEED OF MUTUAL COVENANT AND MANAGEMENT AGREEMENT | APPROVAL OF SUB-DEED OF MUTUAL COVENANT AND MANAGEMENT AGREEMENT | BEST PROFIT LIMITED | CONSENT TO SELL FOR RESIDENTIAL DEVELOPMENT,Named development,11 June 2010 | 26 March 2010 | N.A.
2005-2006,27/9/2005,auction,NKIL 6350,"FUNG SHING STREET, NGAU CHI WAN, KOWLOON",R2,residential,14459,4230,,high_verified,,,NEW KOWLOON INLAND LOT NO. 6350,N.A.,General Winner Limited,N.A. | N.A. | N.A.,22.33953408,114.2138109,ALS,LandsD PR 2005-08-24 'Third site triggered for land auction on September 27' (raw/sale_regime/gia_prs/),,,,,,,,,,,,,,,,,,,,Aria,APPROVAL OF DEED OF MUTUAL COVENANT AND MANAGEMENT AGREEMENT | CONSENT TO SELL FOR RESIDENTIAL DEVELOPMENT | GENERAL WINNER LIMITED,Named development,31-Aug-09
2005-2006,28/12/2005,tender,KIL 11180,"WATERLOO ROAD, KOWLOON",PFS,petrol_or_ev,510.9,164.6,,high_verified,,,KOWLOON INLAND LOT NO. 11180,4,Sinopec (Hong Kong) Ltd (China Petroleum & Chemical Corporation),(1) ExxonMobil Hong Kong Limited;<br/>(2) Feoso Oil Limited; and<br/>(3) Shell Developments (Hong Kong) Limited. | N.A. | A single amount of tender premium for the purchase of [KOWLOON INLAND LOT NO. 11180] and [INLAND LOT NO. 8989] collectively as one package.,22.31912015,114.1761755,govt-led,specialist tender outside Application List (use=PFS); such sites never appeared on AL snapshots (raw/sale_regime/al_snapshots/),,,,,,,,,,,,,,,,,,,,,,No consent,
2005-2006,28/12/2005,tender,IL 8989,"CANAL ROAD WEST, CAUSEWAY BAY, HONG KONG",PFS,petrol_or_ev,984.2,,,high_verified,,,INLAND LOT NO. 8989,3,Sinopec (Hong Kong) Ltd (China Petroleum & Chemical Corporation),(1) ExxonMobil Hong Kong Limited; and<br/>(2) Shell Developments (HK) Limited. | N.A. | A single amount of tender premium for the purchase of [KOWLOON INLAND LOT NO. 11180] and [INLAND LOT NO. 8989] collectively as one package.,22.27711869,114.181134,govt-led,specialist tender outside Application List (use=PFS); such sites never appeared on AL snapshots (raw/sale_regime/al_snapshots/),,,,,,,,,,,,,,,,,,,,,,No consent,
2006-2007,18/7/2006,auction,Lot 246 in DD 331,"CHEUNG SHA, LANTAU ISLAND, NEW TERRITORIES",R4,residential,2240,30.5,,high_verified,,,LOT NO. 246 IN DEMARCATION DISTRICT NO. 331,N.A.,Gold Bright Investment Limited,N.A. | N.A. | N.A.,22.23654699,113.9490352,ALS,LandsD PR 2006-06-13 'Site in Lantau successfully triggered for land auction ' (raw/sale_regime/gia_prs/),,,,,,,,,,,,,,,,,,,,,,No consent,
2006-2007,12/9/2006,auction,TLTL 68,"CASTLE PEAK ROAD - TSING LUNG TAU, NEW TERRITORIES",R3,residential,2076,53,,high_verified,,,TSING LUNG TAU LOT NO. 68,N.A.,Good Venture Limited,N.A. | N.A. | N.A.,22.36278022,114.0523083,ALS,LandsD PR 2006-08-08 'Site in Tsuen Wan successfully triggered for land aucti' (raw/sale_regime/gia_prs/),,,,,,,,,,,,,,,,,,,,Seascape Villa,APPROVAL OF DEED OF MUTUAL COVENANT AND MANAGEMENT AGREEMENT | CONSENT TO SELL FOR RESIDENTIAL DEVELOPMENT | GOOD VENTURE LIMITED,Named development,23-Feb-10
2006-2007,28/11/2006,auction,NKIL 6374,"1 BROADCAST DRIVE, KOWLOON TONG, KOWLOON",R2,residential,6088,1940,,high_verified,ONE MAYFAIR,1 BROADCAST DRIVE,NEW KOWLOON INLAND LOT NO. 6374,N.A.,Rainbow City Limited,N.A. | N.A. | N.A.,22.33998975,114.1818931,ALS,LandsD PR 2006-10-20 'Site in Kowloon successfully triggered for auction on N' (raw/sale_regime/gia_prs/),,,,,,,,,,,,,,,,,,,,One Mayfair,APPROVAL OF DEED OF MUTUAL COVENANT AND MANAGEMENT AGREEMENT | APPROVAL OF SUB-DEED OF MUTUAL COVENANT | CONSENT TO SELL FOR RESIDENTIAL DEVELOPMENT | RAINBOW CITY LIMITED,Named development,7-Oct-11
2006-2007,28/11/2006,auction,STTL 548,"AREA 77, MA ON SHAN, SHA TIN, NEW TERRITORIES",R2,residential,16440,3240,,high_verified,,,SHA TIN TOWN LOT NO. 548,N.A.,New City Investments Limited,N.A. | N.A. | N.A.,22.41533565,114.223662,ALS,LandsD PR 2006-10-24 'Second site successfully triggered this month for aucti' (raw/sale_regime/gia_prs/),,,,,,,,,,,,,,,,,,,,Oceanaire,NEW CITY INVESTMENTS LIMITED,Named development,9-Sep-10
2006-2007,19/12/2006,auction,RBL 1159,"NO. 12 MOUNT KELLETT ROAD, THE PEAK, HONG KONG",R3,residential,7353,1800,,high_verified,TWELVE PEAKS,12 MOUNT KELLETT ROAD,RURAL BUILDING LOT NO. 1159,N.A.,Kintech Investment Limited,N.A. | N.A. | N.A.,22.26512388,114.1503291,ALS,LandsD PR 2006-11-14 'Site at The Peak successfully triggered for auction on ' (raw/sale_regime/gia_prs/),,,,,,,,,,,,,,,,,,,,Twelve Peaks,APPROVAL OF DEED OF MUTUAL COVENANT AND MANAGEMENT AGREEMENT,Named development,
2006-2007,13/3/2007,auction,TPTL 187,"PAK SHEK KOK RECLAMATION PHASE I, SITE A, TAI PO, NEW TERRITORIES",R2,residential,10028,2110,,high_verified,THE GRACESï¼ŽPROVIDENCE BAY,9 FO CHUN ROAD,TAI PO TOWN LOT NO. 187,N.A.,Century Rise Limited,N.A. | N.A. | N.A.,22.43246012,114.2037039,ALS,LandsD PR 2007-02-09 'Another Tai Po site triggered for auction on March 13' (raw/sale_regime/gia_prs/),,,,,,,,,,,,,,,,,,,,The Gracesâ€§Providence Bay,APPROVAL OF DEED OF MUTUAL COVENANT AND MANAGEMENT AGREEMENT | CENTURY RISE LIMITED | CONSENT TO SELL FOR RESIDENTIAL DEVELOPMENT,Named development,25-Sep-12
2006-2007,13/3/2007,auction,TPTL 188,"PAK SHEK KOK RECLAMATION PHASE I, SITE C, TAI PO, NEW TERRITORIES",R2,residential,19902,3500,,high_verified,PROVIDENCE PEAK,8 FO CHUN ROAD,TAI PO TOWN LOT NO. 188,N.A.,ACE Glory Limited,N.A. | N.A. | N.A.,22.432072,114.2025285,ALS,LandsD PR 2007-01-26 'Two sites in Tai Po successfully triggered for auction ' (raw/sale_regime/gia_prs/),,,,,,,,,,,,,,,,,,,,Providence Peak,ACE GLORY LIMITED | APPROVAL OF DEED OF MUTUAL COVENANT AND MANAGEMENT AGREEMENT | CONSENT TO SELL FOR RESIDENTIAL DEVELOPMENT,Named development,28-May-12
2006-2007,13/3/2007,auction,TPTL 195,"JUNCTION OF PLOVER COVE ROAD AND PO WU LANE, TAI PO, NEW TERRITORIES",CR,commercial_residential_mixed,2750,570,,high_verified,,,TAI PO TOWN LOT NO. 195,N.A.,Sunny Foundation Limited,N.A. | N.A. | N.A.,22.44965608,114.1674994,ALS,LandsD PR 2007-01-26 'Two sites in Tai Po successfully triggered for auction ' (raw/sale_regime/gia_prs/),,,,,,,,,,,,,,,,,,,,The Golden Gate,APPROVAL OF DEED OF MUTUAL COVENANT AND MANAGEMENT AGREEMENT,Named development,
2006-2007,23/3/2007,tender,TPTL 193,"AREA 27, YIM TIN TSAI, TAI PO, NEW TERRITORIES",MARINE FUELLING STATION,petrol_or_ev,670.1,2.08,,high_verified,,,TAI PO TOWN LOT NO. 193,N.A.,Perfect Grow Limited,N.A. | N.A. | N.A.,22.45834114,114.2051857,govt-led,specialist tender outside Application List (use=MARINE FUELLING STAT); such sites never appeared on AL snapshots (raw/sale_regime/al_snapshots/),,,,,,,,,,,,,,,,,,,,,,No consent,
2006-2007,27/3/2007,tender,TCTL 25,"CHUNG WAI STREET, TUNG CHUNG, LANTAU",WORKSHOP,industrial,,,yes,high_verified,,,TUNG CHUNG TOWN LOT NO. 25,---------,---------,--------- | N.A. | TENDER WITHDRAWN ON 27 MARCH 2007,22.27969363,113.9398986,govt-led,specialist tender outside Application List (use=WORKSHOP); such sites never appeared on AL snapshots (raw/sale_regime/al_snapshots/),,,,,,,,,,,,,,,,,,,,,,No consent,
2006-2007,27/3/2007,auction,Lot No. 1848 in D.D. Cheung Chau,"SHUI HANG, CHEUNG CHAU",R4,residential,10382,96.5,,high_verified,,,LOT NO. 1848 IN DEMARCATION DISTRICT CHEUNG CHAU,N.A.,Green View Investment Ltd.,N.A. | N.A. | N.A.,22.20367172,114.0229285,ALS,LandsD PR 2007-02-15 'Cheung Chau site triggered for auction on March 27' (raw/sale_regime/gia_prs/),,,,,,,,,,,,,,,,,,,,,,No consent,
2007-2008,8/5/2007,auction,KIL 11073,"JUNCTION OF HOI WANG ROAD, YAN CHEUNG ROAD AND YAU CHEUNG ROAD, WEST KOWLOON RECLAMATION AREA, KOWLOON",R1,residential,8060,4000,,high_verified,THE CORONATION,1 YAU CHEUNG ROAD,KOWLOON INLAND LOT NO. 11073,N.A.,Union King (Hong Kong) Limited,N.A. | N.A. | N.A.,22.30952928,114.1658103,ALS,LandsD PR 2007-03-30 'Site in West Kowloon triggered for auction on May 8' (raw/sale_regime/gia_prs/),,,,,,,,,,,,,,,,,,,,The Coronation,APPROVAL OF DEED OF MUTUAL COVENANT AND MANAGEMENT AGREEMENT | APPROVAL OF SUB-DEED OF MUTUAL COVENANT AND MANAGEMENT AGREEMENT | CONSENT TO SELL FOR RESIDENTIAL DEVELOPMENT | UNION KING (HONG KONG) LIMITED,Named development,23-Dec-11
2007-2008,29/5/2007,auction,TMTL 422,"TSING LUNG ROAD, AREA 58, SIU LAM, TUEN MUN, NEW TERRITORIES",R3,residential,15030,960,,high_verified,THE DRAKE,1 TSING LUNG ROAD,TUEN MUN TOWN LOT NO. 422,N.A.,Evermatch (HK) Limited,N.A. | N.A. | N.A.,22.36708995,113.9969812,ALS,LandsD PR 2007-04-26 'Another site in Tuen Mun triggered for auction' (raw/sale_regime/gia_prs/),,,,,,,,,,,,,,,,,,,,1 Tsing Lung Road | The Drake,APPROVAL OF DEED OF MUTUAL COVENANT AND MANAGEMENT AGREEMENT | CONSENT TO SELL FOR RESIDENTIAL DEVELOPMENT | EVERMATCH (HK) LIMITED,Named development,26-Feb-14
2007-2008,29/5/2007,auction,TMTL 449,"TSING FAT LANE, AREA 58, SIU LAM, TUEN MUN, NEW TERRITORIES",R3,residential,17042,780,,high_verified,JADE GROVE,8 TSING FAT LANE,TUEN MUN TOWN LOT NO. 449,N.A.,Citi-sky Development Limited,N.A. | N.A. | N.A.,22.36667835,114.0004382,ALS,LandsD PR 2007-04-23 'Site in Tuen Mun triggered for auction' (raw/sale_regime/gia_prs/),,,,,,,,,,,,,,,,,,,,Jade Grove,APPROVAL OF DEED OF MUTUAL COVENANT AND MANAGEMENT AGREEMENT,Named development,
2007-2008,12/6/2007,auction,KIL 11146,"HOI FAI ROAD, KOWLOON",R1,residential,11353,5560,,high_verified,IMPERIAL CULLINAN,10 HOI FAI ROAD,KOWLOON INLAND LOT NO. 11146,N.A.,Smart Globe Limited,N.A. | N.A. | N.A.,22.31844149,114.1558417,ALS,LandsD PR 2007-05-04 'Site in West Kowloon triggered for auction on June 12' (raw/sale_regime/gia_prs/),,,,,,,,,,,,,,,,,,,,Imperial Cullinan,APPROVAL OF DEED OF MUTUAL COVENANT AND MANAGEMENT AGREEMENT | CONSENT TO SELL FOR RESIDENTIAL DEVELOPMENT | SMART GLOBE LIMITED,Named development,21-Jun-11
2007-2008,31/7/2007,auction,NKIL 6309,"3 CHUN YAN STREET, WONG TAI SIN, KOWLOON",R1,residential,9502,3980,,high_verified,LIONS RISE,8 MUK LUN STREET,NEW KOWLOON INLAND LOT NO. 6309,N.A.,Bethan Company Limited,N.A. | N.A. | N.A.,22.34052136,114.1970852,ALS,LandsD PR 2007-06-25 'Site in Wong Tai Sin triggered for auction' (raw/sale_regime/gia_prs/),,,,,,,,,,,,,,,,,,,,Lions Rise,APPROVAL OF DEED OF MUTUAL COVENANT AND MANAGEMENT AGREEMENT | BETHAN COMPANY LIMITED | CONSENT TO SELL FOR RESIDENTIAL DEVELOPMENT,Named development,29-Apr-11
2007-2008,12/9/2007,tender,KIL 11185,"WATERLOO ROAD, KOWLOON",PFS,petrol_or_ev,612.2,402.1,,high_verified,,,KOWLOON INLAND LOT NO. 11185,5,Chevron Hong Kong Limited,"(1) Chinaoil (Hong Kong) Corporation Limited;<br/>(2) ExxonMobil Hong Kong Limited;<br/>(3) Shell Developments (HK) Limited; and<br/>(4) Sinopec (Hong Kong) Limited. | N.A. | A single amount of tender premium for the purchase of [KOWLOON INLAND LOT NO. 11185], [KOWLOON INLAND LOT NO. 11194] and [YUEN LONG TOWN LOT NO. 523] collectively as one package.",22.31884923,114.1759911,govt-led,specialist tender outside Application List (use=PFS); such sites never appeared on AL snapshots (raw/sale_regime/al_snapshots/),,,,,,,,,,,,,,,,,,,,,,No consent,
2007-2008,12/9/2007,tender,KIL 11194,"PRINCESS MARGARET ROAD, KOWLOON",PFS,petrol_or_ev,373.9,,,high_verified,,,KOWLOON INLAND LOT NO. 11194,5,Chevron Hong Kong Limited,"(1) Chinaoil (Hong Kong) Corporation Limited;<br/>(2) ExxonMobil Hong Kong Limited;<br/>(3) Shell Developments (HK) Limited; and<br/>(4) Sinopec (Hong Kong) Limited. | N.A. | A single amount of tender premium for the purchase of [KOWLOON INLAND LOT NO. 11185], [KOWLOON INLAND LOT NO. 11194] and [YUEN LONG TOWN LOT NO. 523] collectively as one package.",22.31561628,114.1772044,govt-led,specialist tender outside Application List (use=PFS); such sites never appeared on AL snapshots (raw/sale_regime/al_snapshots/),,,,,,,,,,,,,,,,,,,,,,No consent,
2007-2008,12/9/2007,tender,YLTL 523,"CASTLE PEAK ROAD, YUEN LONG, NEW TERRITORIES",PFS,petrol_or_ev,1953.5,,,high_verified,,,YUEN LONG TOWN LOT NO. 523,5,Chevron Hong Kong Limited,"(1) Chinaoil (Hong Kong) Corporation Limited;<br/>(2) ExxonMobil Hong Kong Limited;<br/>(3) Shell Developments (HK) Limited; and<br/>(4) Sinopec (Hong Kong) Limited. | N.A. | A single amount of tender premium for the purchase of [KOWLOON INLAND LOT NO. 11185], [KOWLOON INLAND LOT NO. 11194] and [YUEN LONG TOWN LOT NO. 523] collectively as one package.",22.44382605,114.0182448,govt-led,specialist tender outside Application List (use=PFS); such sites never appeared on AL snapshots (raw/sale_regime/al_snapshots/),,,,,,,,,,,,,,,,,,,,,,No consent,
2007-2008,17/9/2007,auction,TPTL 186,"PAK SHEK KOK DEVELOPMENT AREA, PHASE I, SITE B, TAI PO, NEW TERRITORIES",R2,residential,22126,4550,,high_verified,,,TAI PO TOWN LOT NO. 186,N.A.,Pacific Bond Ltd,N.A. | N.A. | N.A.,22.43376071,114.2024317,ALS,LandsD PR 2007-08-23 'Site in Tai Po triggered for auction' (raw/sale_regime/gia_prs/),,,,,,,,,,,,,,,,,,,,Providence Bay,APPROVAL OF DEED OF MUTUAL COVENANT AND MANAGEMENT AGREEMENT | CONSENT TO SELL FOR RESIDENTIAL DEVELOPMENT | PACIFIC BOND LIMITED,Named development,13-Oct-11
2007-2008,15/10/2007,auction,AIL 451,"WELFARE ROAD, ABERDEEN, HONG KONG",R1,residential,6403,5710,,high_verified,MARINELLA,9 WELFARE ROAD,ABERDEEN INLAND LOT NO. 451,N.A.,Teamer International Limited,N.A. | N.A. | N.A.,22.2459173,114.1638751,ALS,LandsD PR 2007-08-31 'Site in Aberdeen triggered for auction' (raw/sale_regime/gia_prs/),,,,,,,,,,,,,,,,,,,,Marinella,APPROVAL OF DEED OF MUTUAL COVENANT AND MANAGEMENT AGREEMENT | CONSENT TO SELL FOR RESIDENTIAL DEVELOPMENT | TEAMER INTERNATIONAL LIMITED,Named development,31-Aug-11
2007-2008,15/10/2007,auction,LOT 245 IN DD 331,"CHEUNG SHA, LANTAU ISLAND, NEW TERRITORIES",R4,residential,16587,482,,high_verified,BOTANICA BAY,3 CHEUNG FU STREET,LOT NO. 245 IN DEMARCATION DISTRICT NO. 331,N.A.,Champion Top Development Limited,N.A. | N.A. | N.A.,22.23556939,113.9479803,ALS,LandsD PR 2007-09-18 'Site on Lantau Island triggered for auction on October ' (raw/sale_regime/gia_prs/),,,,,,,,,,,,,,,,,,,,BOTANICA BAY | Botanica Bay,APPROVAL OF DEED OF MUTUAL COVENANT AND MANAGEMENT AGREEMENT | CHAMPION TOP DEVELOPMENT LIMITED | CONSENT TO SELL FOR RESIDENTIAL DEVELOPMENT,Named development,30-Apr-14
2007-2008,20/12/2007,tender,RBL 1185,"PEAK ROAD, HONG KONG",PFS,petrol_or_ev,330.8,50.8,,high_verified,,,RURAL BUILDING LOT NO. 1185,4,Sinopec (Hong Kong) Limited (China Petroleum & Chemical Corporation),(1) ExxonMobil Hong Kong Limited;<br/>(2) Petrochina International (Hong Kong) Corporation Limited; and<br/>(3) Shell Developments (HK) Limited. | N.A. | N.A.,22.26846679,114.1629319,govt-led,specialist tender outside Application List (use=PFS); such sites never appeared on AL snapshots (raw/sale_regime/al_snapshots/),,,,,,,,,,,,,,,,,,,,,,No consent,
2007-2008,20/12/2007,tender,LOT 2137 IN DD 121,"CASTLE PEAK ROAD NEAR FUI SHA WAI, YUEN LONG, NEW TERRITORIES",PFS,petrol_or_ev,2242,60.8,,high_verified,,,LOT NO. 2137 IN DEMARCATION DISTRICT NO. 121,3,Sinopec (Hong Kong) Limited (China Petroleum & Chemical Corporation),(1) Petrochina International (Hong Kong) Corporation Limited; and<br/>(2) Shell Developments (HK) Limited. | N.A. | N.A.,22.43695621,114.0029529,govt-led,specialist tender outside Application List (use=PFS); such sites never appeared on AL snapshots (raw/sale_regime/al_snapshots/),,,,,,,,,,,,,,,,,,,,,,No consent,
2007-2008,20/12/2007,tender,KIL 11186,"PRINCESS MARGARET ROAD, KOWLOON",PFS,petrol_or_ev,370.6,238,,high_verified,,,KOWLOON INLAND LOT NO. 11186,4,Shell Developments (HK) Limited,(1) ExxonMobil Hong Kong Limited;<br/>(2) Petrochina International (Hong Kong) Corporation Limited; and<br/>(3) Sinopec (Hong Kong) Limited. | N.A. | N.A.,22.3158601,114.1773791,govt-led,specialist tender outside Application List (use=PFS); such sites never appeared on AL snapshots (raw/sale_regime/al_snapshots/),,,,,,,,,,,,,,,,,,,,,,No consent,
2007-2008,20/12/2007,tender,KIL 11187,"WATERLOO ROAD, KOWLOON",PFS,petrol_or_ev,831.9,50.5,,high_verified,,,KOWLOON INLAND LOT NO. 11187,4,ExxonMobil Hong Kong Limited,(1) Petrochina International (Hong Kong) Corporation Limited;<br/>(2) Shell Developments (HK) Limited; and<br/>(3) Sinopec (Hong Kong) Limited. | N.A. | N.A.,22.3186054,114.1758552,govt-led,specialist tender outside Application List (use=PFS); such sites never appeared on AL snapshots (raw/sale_regime/al_snapshots/),,,,,,,,,,,,,,,,,,,,,,No consent,
2007-2008,18/2/2008,tender,FSSTL 235,"SAN FUNG AVENUE, SHEUNG SHUI, NEW TERRITORIES",PFS,petrol_or_ev,634,408,,high_verified,,,FANLING SHEUNG SHUI TOWN LOT NO. 235,5,Sinopec (Hong Kong) Limited (China Petroleum & Chemical Corporation),"(1) Chevron Hong Kong Limited;<br/>(2) ExxonMobil Hong Kong Limited;<br/>(3) Petrochina International (Hong Kong) Corporation Limited; and<br/>(4) Shell Developments (HK) Limited. | N.A. | A single amount of tender premium for the purchase of [FANLING SHEUNG SHUI TOWN LOT NO. 235], [RURAL BUILDING LOT NO. 1184] and [KWAI CHUNG TOWN LOT NO. 504] collectively as one package.",22.50708219,114.1273269,govt-led,specialist tender outside Application List (use=PFS); such sites never appeared on AL snapshots (raw/sale_regime/al_snapshots/),,,,,,,,,,,,,,,,,,,,,,No consent,
2007-2008,18/2/2008,tender,RBL 1184,"PEAK ROAD, HONG KONG",PFS,petrol_or_ev,375.4,,,high_verified,,,RURAL BUILDING LOT NO. 1184,5,Sinopec (Hong Kong) Limited (China Petroleum & Chemical Corporation),"(1) Chevron Hong Kong Limited;<br/>(2) ExxonMobil Hong Kong Limited;<br/>(3) Petrochina International (Hong Kong) Corporation Limited; and<br/>(4) Shell Developments (HK) Limited. | N.A. | A single amount of tender premium for the purchase of [FANLING SHEUNG SHUI TOWN LOT NO. 235], [RURAL BUILDING LOT NO. 1184] and [KWAI CHUNG TOWN LOT NO. 504] collectively as one package.",22.26836744,114.1627961,govt-led,specialist tender outside Application List (use=PFS); such sites never appeared on AL snapshots (raw/sale_regime/al_snapshots/),,,,,,,,,,,,,,,,,,,,,,No consent,
2007-2008,18/2/2008,tender,KCTL 504,"CASTLE PEAK ROAD, KWAI CHUNG, NEW TERRITORIES",PFS,petrol_or_ev,816.1,,,high_verified,,,KWAI CHUNG TOWN LOT NO. 504,4,Sinopec (Hong Kong) Limited (China Petroleum & Chemical Corporation),"(1) Chevron Hong Kong Limited;<br/>(2) Petrochina International (Hong Kong) Corporation Limited; and<br/>(3) Shell Developments (HK) Limited. | N.A. | A single amount of tender premium for the purchase of [FANLING SHEUNG SHUI TOWN LOT NO. 235], [RURAL BUILDING LOT NO. 1184] and [KWAI CHUNG TOWN LOT NO. 504] collectively as one package.",22.37105652,114.1277344,govt-led,specialist tender outside Application List (use=PFS); such sites never appeared on AL snapshots (raw/sale_regime/al_snapshots/),,,,,,,,,,,,,,,,,,,,,,No consent,
2008-2009,22/4/2008,tender,KCTL 507,"CONTAINER PORT ROAD SOUTH, KWAI CHUNG, NEW TERRITORIES, HONG KONG",LOGISTICS DEVELOPMENT PURPOSES,logistics,23315,648.18,,high_verified,,,KWAI CHUNG TOWN LOT NO. 507,3,Shine Fame Holdings Limited (NWS Service Management Limited),(1) Chevalier Food Trading Limited; and<br/>(2) Macquarie Goodman Asia Limited. | N.A. | N.A.,22.33417743,114.1337074,govt-led,specialist tender outside Application List (use=LOGISTICS DEVELOPMEN); such sites never appeared on AL snapshots (raw/sale_regime/al_snapshots/),,,,,,,,,,,,,,,,,,,,,,No consent,
2008-2009,9/5/2008,auction,LOT NO. 1200 IN DD NO. 217,"PAK SHA WAN, SAI KUNG, NEW TERRITORIES",R3,residential,191.4,16.5,,high_verified,,,LOT NO. 1200 IN DEMARCATION DISTRICT NO. 217,N.A.,Sheen Surety Limited,N.A. | N.A. | N.A.,22.36621182,114.2589075,ALS,LandsD PR 2008-04-14 'Site in Sai Kung triggered for auction' (raw/sale_regime/gia_prs/),,,,,,,,,,,,,,,,,,,,,,No consent,
2008-2009,9/7/2008,tender,NKIL 6488,"AT THE FORMER KAI TAK RUNWAY, KOWLOON",CRUISE TERMINAL,transport_parking,,,yes,high_verified,,,NEW KOWLOON INLAND LOT NO. 6488,2,---------,--------- | N.A. | TENDER WITHDRAWN ON 9 JULY 2008,22.30603706,114.2132751,govt-led,specialist tender outside Application List (use=CRUISE TERMINAL); such sites never appeared on AL snapshots (raw/sale_regime/al_snapshots/),,,,,,,,,,,,,,,,,,,,,,No consent,
2008-2009,13/2/2009,tender,KCTL 508,"CASTLE PEAK ROAD, KWAI CHUNG, NEW TERRITORIES",PFS,petrol_or_ev,1040.5,148.98,,high_verified,,,KWAI CHUNG TOWN LOT NO. 508,3,Shell Developments (HK) Limited,(1) Chevron Hong Kong Limited; and<br/>(2) Sinopec (Hong Kong) Limited. | N.A. | N.A.,22.37111983,114.1280645,govt-led,specialist tender outside Application List (use=PFS); such sites never appeared on AL snapshots (raw/sale_regime/al_snapshots/),,,,,,,,,,,,,,,,,,,,,,No consent,
2009-2010,29/4/2009,tender,StIL 115,"STANLEY VILLAGE ROAD, STANLEY, HONG KONG",PFS,petrol_or_ev,825.7,59.509,,high_verified,,,STANLEY INLAND LOT NO. 115,3,ExxonMobil Hong Kong Limited,(1) Shell Developments (HK) Limited; and<br/>(2) Sinopec (Hong Kong) Limited. | N.A. | N.A.,22.22214542,114.2111515,govt-led,specialist tender outside Application List (use=PFS); such sites never appeared on AL snapshots (raw/sale_regime/al_snapshots/),,,,,,,,,,,,,,,,,,,,,,No consent,
2009-2010,29/4/2009,tender,FSSTL 237,"JOCKEY CLUB ROAD, ON LOK TSUEN, FANLING, NEW TERRITORIES",PFS,petrol_or_ev,937.9,168.682,,high_verified,,,FANLING SHEUNG SHUI TOWN LOT NO. 237,3,ExxonMobil Hong Kong Limited,(1) Shell Developments (HK) Limited; and<br/>(2) Sinopec (Hong Kong) Limited. | N.A. | N.A.,22.4913468,114.1456119,govt-led,specialist tender outside Application List (use=PFS); such sites never appeared on AL snapshots (raw/sale_regime/al_snapshots/),,,,,,,,,,,,,,,,,,,,,,No consent,
2009-2010,5/5/2009,auction,FSSTL 225,"AVENUE, SHEK WU HUI, SHEUNG SHUI, NEW TERRITORIES",CR,commercial_residential_mixed,305.8,61,,high_verified,,,FANLING SHEUNG SHUI TOWN LOT NO. 225,N.A.,Successful Properties Limited,N.A. | N.A. | N.A.,22.50378598,114.1269296,ALS,LandsD PR 2009-03-30 'Site in Sheung Shui triggered for auction' (raw/sale_regime/gia_prs/),,,,,,,,,,,,,,,,,,,,,,No consent,
2009-2010,3/8/2009,tender,TMTL 486,"TUEN YAN STREET, AREA 37A, TUEN MUN, NEW TERRITORIES",PFS,petrol_or_ev,525.6,237.8,,high_verified,,,TUEN MUN TOWN LOT NO. 486,3,Sinopec (Hong Kong) Limited,(1) ExxonMobil Hong Kong Limited; and<br/>(2) Petrochina International (Hong Kong) Corporation Limited. | N.A. | A single amount of tender premium for the purchase of [TUEN MUN TOWN LOT NO. 486] and [TAI PO TOWN LOT NO. 203] collectively as one package.,22.39412204,113.9771552,govt-led,specialist tender outside Application List (use=PFS); such sites never appeared on AL snapshots (raw/sale_regime/al_snapshots/),,,,,,,,,,,,,,,,,,,,,,No consent,
2009-2010,3/8/2009,tender,TPTL 203,"AREA 2, TAI PO, NEW TERRITORIES",PFS,petrol_or_ev,870,,,high_verified,,,TAI PO TOWN LOT NO. 203,3,Sinopec (Hong Kong) Limited,(1) ExxonMobil Hong Kong Limited; and<br/>(2) Petrochina International (Hong Kong) Corporation Limited. | N.A. | A single amount of tender premium for the purchase of [TUEN MUN TOWN LOT NO. 486] and [TAI PO TOWN LOT NO. 203] collectively as one package.,22.45405363,114.1635741,govt-led,specialist tender outside Application List (use=PFS); such sites never appeared on AL snapshots (raw/sale_regime/al_snapshots/),,,,,,,,,,,,,,,,,,,,,,No consent,
2009-2010,28/12/2009,auction,TPTL 200,"PAK SHEK KOK DEVELOPMENT AREA, SITE D1, TAI PO, NEW TERRITORIES",R3,residential,20925,5150,,high_verified,MAYFAIR BY THE SEA II,21 FO CHUN ROAD,TAI PO TOWN LOT NO. 200,N.A.,Top Gallant Limited,N.A. | N.A. | N.A.,22.43142135,114.2052579,ALS,LandsD PR 2009-11-18 'Two sites in Tai Po successfully triggered for auction ' (raw/sale_regime/gia_prs/),,,,,,,,,,,,,,,,,,,,Mayfair By The Sea II,APPROVAL OF DEED OF MUTUAL COVENANT AND MANAGEMENT AGREEMENT | CONSENT TO SELL FOR RESIDENTIAL DEVELOPMENT | TOP GALLANT LIMITED,Named development,9-Jun-14
2009-2010,28/12/2009,auction,TPTL 201,"PAK SHEK KOK DEVELOPMENT AREA, SITE D2, TAI PO, NEW TERRITORIES",R3,residential,20925,5250,,high_verified,MAYFAIR BY THE SEA I,23 FO CHUN ROAD,TAI PO TOWN LOT NO. 201,N.A.,King Regent Limited,N.A. | N.A. | N.A.,22.43075288,114.2064234,ALS,LandsD PR 2009-11-18 'Two sites in Tai Po successfully triggered for auction ' (raw/sale_regime/gia_prs/),,,,,,,,,,,,,,,,,,,,Mayfair By The Sea I,APPROVAL OF DEED OF MUTUAL COVENANT AND MANAGEMENT AGREEMENT | CONSENT TO SELL FOR RESIDENTIAL DEVELOPMENT | KING REGENT LIMITED,Named development,9-Jun-14
2009-2010,19/2/2010,tender,TPTL 205,"AREA 22, TAI PO, NEW TERRITORIES",PFS,petrol_or_ev,737,131.9,,high_verified,,,TAI PO TOWN LOT NO. 205,4,ExxonMobil Hong Kong Limited,(1) Petrochina International (Hong Kong) Corporation Limited;<br/>(2) Shell Developments (HK) Limited; and<br/>(3) Sinopec (Hong Kong) Limited. | N.A. | N.A.,22.45356564,114.1598824,govt-led,specialist tender outside Application List (use=PFS); such sites never appeared on AL snapshots (raw/sale_regime/al_snapshots/),,,,,,,,,,,,,,,,,,,,,,No consent,
2009-2010,19/2/2010,tender,LOT NO. 817 IN DD NO. 110,"KAM TIN ROAD, YUEN LONG, NEW TERRITORIES",PFS,petrol_or_ev,1300,37.05,,high_verified,,,LOT NO. 817 IN DEMARCATION DISTRICT NO. 110,4,Petrochina International (Hong Kong) Corporation Limited,(1) ExxonMobil Hong Kong Limited;<br/>(2) Feoso Oil Limited; and<br/>(3) Sinopec (Hong Kong) Limited. | N.A. | N.A.,22.43999685,114.0735528,govt-led,specialist tender outside Application List (use=PFS); such sites never appeared on AL snapshots (raw/sale_regime/al_snapshots/),,,,,,,,,,,,,,,,,,,,,,No consent,
2009-2010,22/2/2010,auction,TKOTL 76,"AREA 66B, TSEUNG KWAN O, NEW TERRITORIES",R1,residential,12300,3370,,high_verified,,,TSEUNG KWAN O TOWN LOT NO. 76,N.A.,Group Allied Limited,N.A. | N.A. | N.A.,22.30622975,114.2609104,ALS,LandsD PR 2010-01-15 'Site in Tseung Kwan O triggered for auction' (raw/sale_regime/gia_prs/),,,,,,,,,,,,,,,,,,,,The Wings II,GROUP ALLIED LIMITED,Named development,24 December 2012 | 31 July 2012
2010-2011,11/5/2010,auction,TCTL 37,"AREA 55B, TUNG CHUNG, LANTAU ISLAND",R2,residential,26200,3420,,high_verified,THE VISIONARY,"1 YING HONG STREET; 1, 3, 5 YING TUNG ROAD",TUNG CHUNG TOWN LOT NO. 37,N.A.,First Harvest Development Limited,N.A. | N.A. | N.A.,22.29550148,113.9509874,ALS,LandsD PR 2010-03-26 'Site in Tung Chung triggered for auction' (raw/sale_regime/gia_prs/),Nan Fung Group,1438200,sq ft,2378,HK$/sq ft,yes,https://www.citibank.com.hk/english/loans-mortgages/pdf/enews-feb2011.pdf,AUC 11.5.2010; The Visionary; GFA & AV per DTZ/Citibank Q4 2010 land sale table; Nan Fung won,Nan Fung,local_major,,https://www.citibank.com.hk/english/loans-mortgages/pdf/enews-feb2011.pdf | raw/2010-2011/TCTL37__landtable.pdf,https://www.nanfung.com/en/property/hong-kong/the-visionary/ | raw/2010-2011/TCTL37__devname.pdf,,,,,http://www.info.gov.hk/gia/general/201005/11/P201005110169.htm,verified,The Visionary,APPROVAL OF DEED OF MUTUAL COVENANT AND MANAGEMENT AGREEMENT | CONSENT TO SELL FOR RESIDENTIAL DEVELOPMENT | FIRST HARVEST DEVELOPMENT LIMITED,Named development,13-Jun-13
2010-2011,24/5/2010,auction,FSSTL 177,"JUNCTION OF MA SIK ROAD AND SHA TAU KOK ROAD (LUNG YEUK TAU SECTION), AREA 19, FANLING, NEW TERRITORIES",R1,residential,8900,1330,,high_verified,GREEN CODE,1 MA SIK ROAD,FANLING SHEUNG SHUI TOWN LOT NO. 177,N.A.,World Light Limited,N.A. | N.A. | N.A.,22.50094618,114.1459693,ALS,LandsD PR 2010-04-16 'Site in Fanling triggered for auction' (raw/sale_regime/gia_prs/),Hong Kong Ferry (Holdings) Co Ltd,385700,sq ft,3448,HK$/sq ft,yes,https://www.citibank.com.hk/english/loans-mortgages/pdf/enews-feb2011.pdf,AUC 24.5.2010; Green Code; GFA/AV per DTZ Citibank table; developer HK Ferry Holdings,Hong Kong Ferry (Holdings) Co Ltd,other,,https://www.citibank.com.hk/english/loans-mortgages/pdf/enews-feb2011.pdf | raw/2010-2011/FSSTL177__landtable.pdf,https://hk.centanet.com/estate/en/Green-Code/2-GEPPWPPAPK | raw/2010-2011/FSSTL177__devname.pdf,,,,,http://www.info.gov.hk/gia/general/201005/24/P201005240189.htm,verified,Green Code,APPROVAL OF DEED OF MUTUAL COVENANT AND MANAGEMENT AGREEMENT | CONSENT TO SELL FOR RESIDENTIAL DEVELOPMENT | WORLD LIGHT LIMITED,Named development,28-Feb-13
2010-2011,8/6/2010,auction,KIL 11175,"JUNCTION OF FAT KWONG STREET AND CHUNG HAU STREET, HO MAN TIN, KOWLOON",R2,residential,16151,10900,,high_verified,ULTIMA DEVELOPMENT,23 FAT KWONG STREET,KOWLOON INLAND LOT NO. 11175,N.A.,Polarland Limited,N.A. | N.A. | N.A.,22.31182334,114.18196,govt-led,LandsD PR 2010-04-28 'Public auction of sites in Ho Man Tin and The Peak' (raw/sale_regime/gia_prs/),Sun Hung Kai Properties,869247,sq ft,12540,HK$/sq ft,yes,https://www.citibank.com.hk/english/loans-mortgages/pdf/enews-feb2011.pdf,AUC 8.6.2010; Ultima; SHKP HK$10.9b; GFA/AV per DTZ Citibank table,Sun Hung Kai Properties,local_major,,https://www.citibank.com.hk/english/loans-mortgages/pdf/enews-feb2011.pdf | raw/2010-2011/KIL11175__landtable.pdf,https://www.shkp.com/en-US/our-business/hong-kong-properties/residential-for-sale/phase-1-of-ultima-development | raw/2010-2011/KIL11175__devname.pdf,,,,,http://www.info.gov.hk/gia/general/201006/08/P201006080194.htm,verified,Phase 1 of Ultima Development | Phase 2 of Ultima Development | Ultima (Phase 2) | Ultima Development | Ultima Phase 1,APPROVAL OF DEED OF MUTUAL COVENANT AND MANAGEMENT AGREEMENT | CONSENT TO SELL FOR RESIDENTIAL DEVELOPMENT | POLARLAND LIMITED,Named development,23 April 2015 | 24 December 2015
2010-2011,10/6/2010,tender,AIL 457,"ABERDEEN MAIN ROAD, ABERDEEN, HONG KONG",PFS,petrol_or_ev,199,315.6,,high_verified,,,ABERDEEN INLAND LOT NO. 457,3,Petrochina International (Hong Kong) Corporation Limited,(1) ExxonMobil Hong Kong Limited; and<br/>(2) Sinopec (Hong Kong) Limited. | N.A. | A single amount of tender premium for the purchase of [ABERDEEN INLAND LOT NO. 457] and [NEW KOWLOON INLAND LOT NO. 6507] collectively as one package.,22.24934806,114.1553572,govt-led,specialist tender outside Application List (use=PFS); such sites never on the AL,,,,,,yes,,"not found - petrol filling station, tenderer/GFA not published",,,,,,unverified,,,,,,,,No consent,
2010-2011,10/6/2010,tender,NKIL 6507,"201 WATERLOO ROAD, KOWLOON",PFS,petrol_or_ev,352.4,,,high_verified,,,NEW KOWLOON INLAND LOT NO. 6507,3,Petrochina International (Hong Kong) Corporation Limited,(1) ExxonMobil Hong Kong Limited; and<br/>(2) Sinopec (Hong Kong) Limited. | N.A. | A single amount of tender premium for the purchase of [ABERDEEN INLAND LOT NO. 457] and [NEW KOWLOON INLAND LOT NO. 6507] collectively as one package.,22.34331304,114.1801653,govt-led,specialist tender outside Application List (use=PFS); such sites never on the AL,,,,,,,,,,,,,,,,,,,,,,No consent,
2010-2011,28/7/2010,auction,IL 9007,"MOUNT NICHOLSON ROAD, THE PEAK, HONG KONG",R3,residential,23312,10400,,high_verified,MOUNT NICHOLSON,8 MOUNT NICHOLSON ROAD,INLAND LOT NO. 9007,N.A.,Market Prospect Limited,N.A. | N.A. | N.A.,22.2636811,114.1804641,govt-led,LandsD PR 2010-04-28 'Public auction of sites in Ho Man Tin and The Peak' (raw/sale_regime/gia_prs/),The Wharf (Holdings) / Nan Fung,324862,sq ft,32014,HK$/sq ft,yes,https://www.citibank.com.hk/english/loans-mortgages/pdf/enews-feb2011.pdf,AUC 28.7.2010; Mount Nicholson; Wharf+Nan Fung HK$10.4b; GFA/AV per DTZ Citibank table,Wheelock/Wharf + Nan Fung,consortium,,https://www.citibank.com.hk/english/loans-mortgages/pdf/enews-feb2011.pdf | raw/2010-2011/IL9007__landtable.pdf,https://www.nanfung.com/en/property/hong-kong/mount-nicholson/ | raw/2010-2011/IL9007__devname.pdf,,,,,http://www.info.gov.hk/gia/general/201007/28/P201007280289.htm,verified,Mount Nicholson | Mount Nicholson (Phase I) | Mount Nicholson (Phase II) | Mount Nicholson (Phase III) | Mount Nicholson(Phase I) | Mount Nicholson(Phase II) | Mount Nicholson(Phase III),APPROVAL OF DEED OF MUTUAL COVENANT AND MANAGEMENT AGREEMENT | CONSENT TO SELL FOR RESIDENTIAL DEVELOPMENT | MARKET PROSPECT LIMITED,Named development,27 November 2014 | N.A.
2010-2011,17/8/2010,auction,KIL 11125,"204 ARGYLE STREET, KOWLOON",R2,residential,7326,4100,,high_verified,THE ZUMURUD,204 ARGYLE STREET,KOWLOON INLAND LOT NO. 11125,N.A.,Bradford Investments Limited,N.A. | N.A. | N.A.,22.32411381,114.1858527,ALS,LandsD PR 2010-06-30 'Sites in Hung Hom Bay Reclamation and Argyle Street tri' (raw/sale_regime/gia_prs/),Cheung Kong / CK,394285,sq ft,10399,HK$/sq ft,yes,https://www.citibank.com.hk/english/loans-mortgages/pdf/enews-feb2011.pdf,AUC 17.8.2010; The Zumurud; Cheung Kong; GFA/AV per DTZ Citibank table,CK Asset (Cheung Kong),local_major,,https://www.citibank.com.hk/english/loans-mortgages/pdf/enews-feb2011.pdf | raw/2010-2011/KIL11125__landtable.pdf,https://hk.centanet.com/estate/en/The%20Zumurud/2-EAPPWWPSWA | raw/2010-2011/KIL11125__devname.pdf,,,,,http://www.info.gov.hk/gia/general/201008/17/P201008170210.htm,verified,The Zumurud,APPROVAL OF DEED OF MUTUAL COVENANT AND MANAGEMENT AGREEMENT | BRADFORD INVESTMENTS LIMITED | CONSENT TO SELL FOR RESIDENTIAL DEVELOPMENT,Named development,19-Nov-15
2010-2011,17/8/2010,auction,KIL 11120,"HUNG HOM BAY RECLAMATION SITE D1, JUNCTION OF OI KING STREET AND HUNG LUEN ROAD, KOWLOON",R2,residential,7551,3510,,high_verified,STARS BY THE HARBOUR,7 HUNG LUEN ROAD,KOWLOON INLAND LOT NO. 11120,N.A.,New Harbour Investments Limited,N.A. | N.A. | N.A.,22.30190746,114.1875593,ALS,LandsD PR 2010-06-30 'Sites in Hung Hom Bay Reclamation and Argyle Street tri' (raw/sale_regime/gia_prs/),Cheung Kong / CK,365800,sq ft,9595,HK$/sq ft,yes,https://www.citibank.com.hk/english/loans-mortgages/pdf/enews-feb2011.pdf,AUC 17.8.2010; Stars by the Harbour; Cheung Kong HK$3.51b; GFA/AV per DTZ Citibank table,CK Asset (Cheung Kong),local_major,,https://www.citibank.com.hk/english/loans-mortgages/pdf/enews-feb2011.pdf | raw/2010-2011/KIL11120__landtable.pdf,https://hk.centanet.com/info/en/new-property/%E7%B4%85%E7%A3%A1/%E7%B6%AD%E6%B8%AF-%E6%98%9F%E5%B2%B8/185 | raw/2010-2011/KIL11120__devname.pdf,,,,,http://www.info.gov.hk/gia/general/201008/17/P201008170210.htm,verified,Stars by the Harbour,APPROVAL OF DEED OF MUTUAL COVENANT AND MANAGEMENT AGREEMENT | CONSENT TO SELL FOR RESIDENTIAL DEVELOPMENT | NEW HARBOUR INVESTMENTS LIMITED,Named development,3-Feb-15
2010-2011,31/8/2010,auction,NKIL 6306,"1 EDE ROAD, KOWLOON TONG, KOWLOON",R3,residential,2399,1285,,high_verified,1 & 3 EDE ROAD,"1, 3 EDE ROAD",NEW KOWLOON INLAND LOT NO. 6306,N.A.,Kildare Limited,N.A. | N.A. | N.A.,22.34074839,114.1778257,ALS,LandsD PR 2010-07-23 'Site in Kowloon Tong triggered for auction' (raw/sale_regime/gia_prs/),Kerry Properties,77469,sq ft,16587,HK$/sq ft,yes,https://www.citibank.com.hk/english/loans-mortgages/pdf/enews-feb2011.pdf,AUC 31.8.2010; 1 & 3 Ede Road; Kerry Properties; GFA/AV per DTZ Citibank table,Kerry Properties,local_major,,https://www.citibank.com.hk/english/loans-mortgages/pdf/enews-feb2011.pdf | raw/2010-2011/NKIL6306__landtable.pdf,https://www.kerryprops.com/en/property-details/123/one-ede-road-and-three-ede-road | raw/2010-2011/NKIL6306__devname.pdf,,,,,http://www.info.gov.hk/gia/general/201008/31/P201008310203.htm,verified,1 & 3 Ede Road | 3 Ede Road,APPROVAL OF DEED OF MUTUAL COVENANT AND MANAGEMENT AGREEMENT | CONSENT TO SELL FOR RESIDENTIAL DEVELOPMENT | KILDARE LIMITED,Named development,13-Jun-14
2010-2011,29/9/2010,auction,FSSTL 202,"JUNCTION OF FAN LENG LAU ROAD, WO MUK ROAD AND LUEN HING STREET, LUEN WO HUI, FANLING, NEW TERRITORIES",R1,residential,2560,459,,high_verified,MOUNT ONE,39 LUEN HING STREET,FANLING SHEUNG SHUI TOWN LOT NO. 202,N.A.,Supreme Rich Investment Limited,N.A. | N.A. | N.A.,22.49949121,114.1407702,govt-led,LandsD PR 2010-08-16 'Public auction of sites in Fanling and Chai Wan' (raw/sale_regime/gia_prs/),Sun Hung Kai Properties,157345,sq ft,2917,HK$/sq ft,yes,https://www.citibank.com.hk/english/loans-mortgages/pdf/enews-feb2011.pdf,AUC 29.9.2010; Mount One; SHKP; GFA/AV per DTZ Citibank table,Sun Hung Kai Properties,local_major,,https://www.citibank.com.hk/english/loans-mortgages/pdf/enews-feb2011.pdf | raw/2010-2011/FSSTL202__landtable.pdf,https://hk.centanet.com/estate/en/Mount-One/2-GESPWWPHWB | raw/2010-2011/FSSTL202__devname.pdf,,,,,http://www.info.gov.hk/gia/general/201009/29/P201009290249.htm,verified,MOUNT ONE | Mount One,APPROVAL OF DEED OF MUTUAL COVENANT AND MANAGEMENT AGREEMENT | CONSENT TO SELL FOR RESIDENTIAL DEVELOPMENT | SUPREME RICH INVESTMENT LIMITED,Named development,30-Aug-13
2010-2011,12/10/2010,auction,NKIL 6423,"3 AND 5 EDE ROAD, KOWLOON TONG, KOWLOON",R3,residential,2808,1630,,high_verified,EDEN GATE,"5, 7, 9, 11 EDE ROAD",NEW KOWLOON INLAND LOT NO. 6423,N.A.,PANAYORK LIMITED,N.A. | N.A. | N.A.,22.34111864,114.1780393,ALS,LandsD PR 2010-09-03 'Site in Kowloon Tong triggered for auction' (raw/sale_regime/gia_prs/),Chinachem,90676,sq ft,17976,HK$/sq ft,yes,https://www.citibank.com.hk/english/loans-mortgages/pdf/enews-feb2011.pdf,AUC 12.10.2010; Eden Gate; Chinachem; GFA/AV per DTZ Citibank table,Chinachem,local_major,,https://www.citibank.com.hk/english/loans-mortgages/pdf/enews-feb2011.pdf | raw/2010-2011/NKIL6423__landtable.pdf,https://www.edengate.com.hk/en/ | raw/2010-2011/NKIL6423__devname.pdf,,,,,http://www.info.gov.hk/gia/general/201010/12/P201010120203.htm,verified,Eden Gate,APPROVAL OF DEED OF MUTUAL COVENANT AND MANAGEMENT AGREEMENT,Named development,
2010-2011,20/10/2010,tender,STTL 433,"JUNCTION OF ON YIU STREET, ON KWAN STREET AND ON LAI STREET, SHEK MUN, SHA TIN, NEW TERRITORIES",BUSINESS,commercial,8533,816,,high_verified,,,SHA TIN TOWN LOT NO. 433,7,The Hongkong and Shanghai Banking Corporation Limited,(1) Cheer Asia Development Limited;<br/>(2) Clear Rise Investments Limited;<br/>(3) Gain Channel Limited;<br/>(4) Hanforth Limited;<br/>(5) Market Elite Investments Limited; and<br/>(6) NMC 6 Limited. | N.A. | N.A.,22.3894922,114.2083375,govt-led,"LandsD PR 2010-07-23 'Public tender of site in Shek Mun, Sha Tin' (raw/sale_regime/gia_prs/)",HSBC,,,,,yes,https://www.scmp.com/article/728130/hsbc-wins-sha-tin-site-bid-hk816m,TEN 20.10.2010; Shek Mun business site; HSBC won HK$816m (data centre); max GFA not found,HSBC,other,,,https://www.scmp.com/article/728130/hsbc-wins-sha-tin-site-bid-hk816m | raw/2010-2011/STTL433__news.pdf,unverified,,,,,,,,No consent,
2010-2011,3/11/2010,auction,NKIL 6493,"INVERNESS ROAD, KOWLOON TONG, KOWLOON",R3,residential,7046,2170,,high_verified,PARC INVERNESS,38 INVERNESS ROAD,NEW KOWLOON INLAND LOT NO. 6493,N.A.,Panatiff Limited,N.A. | N.A. | N.A.,22.33363202,114.1862901,ALS,LandsD PR 2010-09-30 'Site in Kowloon Tong triggered for auction' (raw/sale_regime/gia_prs/),Chinachem,227529,sq ft,9537,HK$/sq ft,yes,https://www.citibank.com.hk/english/loans-mortgages/pdf/enews-feb2011.pdf,AUC 3.11.2010; Parc Inverness; Chinachem; GFA/AV per DTZ Citibank table,Chinachem,local_major,,https://www.citibank.com.hk/english/loans-mortgages/pdf/enews-feb2011.pdf | raw/2010-2011/NKIL6493__landtable.pdf,https://www.parcinverness.com.hk/?lang=en,,,,,http://www.info.gov.hk/gia/general/201011/03/P201011030250.htm,verified,Parc Inverness,APPROVAL OF DEED OF MUTUAL COVENANT AND MANAGEMENT AGREEMENT | CONSENT TO SELL FOR RESIDENTIAL DEVELOPMENT | PANATIFF LIMITED,Named development,1-Dec-14
2010-2011,14/12/2010,tender,IL 9025,"WONG NAI CHUNG GAP ROAD, HONG KONG",PFS,petrol_or_ev,430.3,220.86,,high_verified,,,INLAND LOT NO. 9025,3,Sinopec (Hong Kong) Limited,(1) ExxonMobil Hong Kong Limited; and<br/>(2) Shell Developments (HK) Limited. | N.A. | A single amount of tender premium for the purchase of [INLAND LOT NO. 9025] and [INLAND LOT NO. 9029] collectively as one package.,22.25755752,114.1932993,govt-led,specialist tender outside Application List (use=PFS); such sites never on the AL,,,,,,yes,,"not found - petrol filling station, tenderer/GFA not published",,,,,,unverified,,,,,,,,No consent,
2010-2011,14/12/2010,tender,IL 9029,"VICTORIA ROAD, HONG KONG",PFS,petrol_or_ev,340.1,,,high_verified,,,INLAND LOT NO. 9029,2,Sinopec (Hong Kong) Limited,ExxonMobil Hong Kong Limited | N.A. | A single amount of tender premium for the purchase of [INLAND LOT NO. 9025] and [INLAND LOT NO. 9029] collectively as one package.,22.28134477,114.1217594,govt-led,specialist tender outside Application List (use=PFS); such sites never on the AL,,,,,,,,,,,,,,,,,,,,,,No consent,
2010-2011,15/12/2010,tender,TYTL 180,"TSING YI ROAD, TSING YI, NEW TERRITORIES",LOGISTICS DEVELOPMENT PURPOSES,logistics,24000,1150,,high_verified,,,TSING YI TOWN LOT NO. 180,3,Goodear Development Limited,(1) GMG Developments; and<br/>(2) Mapletree Caoan Limited. | N.A. | N.A.,22.33498227,114.1103229,govt-led,specialist tender outside Application List (use=LOGISTICS DEVELOPMENT PU); such sites never on the AL,,,,,,yes,,TEN 15.12.2010; Tsing Yi logistics; tenderer/GFA not found,,,,,,unverified,,,,,,,,No consent,
2010-2011,7/3/2011,tender,YLTL 518,"YUEN LONG ON NING ROAD, TAI KIU ROAD, YUEN LONG ON LOK ROAD, YUEN LONG, NEW TERRITORIES",R1,residential,12340,2410,,high_verified,YUCCIE SQUARE,38 YUEN LONG ON NING ROAD,YUEN LONG TOWN LOT NO. 518,8,Carlford Investments Limited,(1) Acmax Enterprises Limited;<br/>(2) Brave Sky Investments Limited;<br/>(3) Faithful Regent Limited;<br/>(4) Joinyield Limited;<br/>(5) Maxjet Company Limited;<br/>(6) Smart Harvest Development Limited; and<br/>(7) Up Fair Limited. | N.A. | N.A.,22.44677928,114.0280242,govt-led,government pilot restricted-flat-size tender per 2010-11 LSP announcement PR 2010-02-25 (raw/sale_regime/gia_prs/),Cheung Kong / CK,664139,sq ft,3629,HK$/sq ft,yes,https://www.info.gov.hk/gia/general/201103/07/P201103070212.htm,"TEN 7.3.2011; Yuccie Square; Cheung Kong; max GFA 61,700 sqm per LandsD presale consent; AV=premium/GFA",CK Asset (Cheung Kong),local_major,https://www.info.gov.hk/gia/general/201103/07/P201103070212.htm | raw/2010-2011/YLTL518__result.pdf,https://www.info.gov.hk/gia/general/201103/07/P201103070212.htm | raw/2010-2011/YLTL518__result.pdf,http://www.luxstate.com/hk-residential/new-property/new-territories/yuccie-square | raw/2010-2011/YLTL518__devname.pdf,,960,per-unit usable floor area: >=800 units 35-40 sq m; >=160 units >40-60 sq m; every unit <=60 sq m,,http://www.info.gov.hk/gia/general/201103/07/P201103070215.htm,verified,Yuccie Square,APPROVAL OF DEED OF MUTUAL COVENANT AND MANAGEMENT AGREEMENT | CARLFORD INVESTMENTS LIMITED | CONSENT TO SELL FOR NON-RESIDENTIAL DEVELOPMENT | CONSENT TO SELL FOR RESIDENTIAL DEVELOPMENT,Named development,30 October 2015 | 31 March 2017
2011-2012,27/4/2011,auction,KIL 11184,"KO SHAN ROAD, HUNG HOM, KOWLOON",R1,residential,1901.7,1525,,high_verified,HOMANTIN HILLSIDE,8 WAI YIN PATH,KOWLOON INLAND LOT NO. 11184,N.A.,Brave Sky Investments Limited,N.A. | N.A. | N.A.,22.31215734,114.1852114,govt-led,LandsD PR 2011-03-16 'Government to sell three sites in Hung Hom' (raw/sale_regime/gia_prs/),Nan Fung / Wing Tai,153515,sq ft,9934,HK$/sq ft,yes,https://www.info.gov.hk/gia/general/201103/16/P201103160246.htm,"AUC 27.4.2011; Homantin Hillside; Nan Fung+Wing Tai; max GFA 14,262 sqm",Nan Fung + Wing Tai Properties,consortium,https://www.info.gov.hk/gia/general/201103/16/P201103160246.htm | raw/2011-2012/KIL11184__result.pdf,https://www.info.gov.hk/gia/general/201103/16/P201103160246.htm | raw/2011-2012/KIL11184__result.pdf,https://www.wingtaiproperties.com/en-us/property_developments/detail/7 | raw/2011-2012/KIL11184__devname.pdf,,,,,http://www.info.gov.hk/gia/general/201104/27/P201104270184.htm,verified,Homantin Hillside,APPROVAL OF DEED OF MUTUAL COVENANT AND MANAGEMENT AGREEMENT | BRAVE SKY INVESTMENTS LIMITED | CONSENT TO SELL FOR RESIDENTIAL DEVELOPMENT,Named development,5-Jun-14
2011-2012,12/5/2011,auction,IL 8963,"STUBBS ROAD, HONG KONG",R3,residential,14700,4490,,high_verified,CENTRAL PEAK DEVELOPMENT,18 STUBBS ROAD,INLAND LOT NO. 8963,N.A.,Wisecity Development Limited,N.A. | N.A. | N.A.,22.26801583,114.1794261,govt-led,LandsD PR 2011-04-13 'Government to sell three sites by public auction' (raw/sale_regime/gia_prs/),Sun Hung Kai Properties,180834,sq ft,24829,HK$/sq ft,yes,https://www.info.gov.hk/gia/general/201105/12/P201105120275.htm,"AUC 12.5.2011; Central Peak; Wisecity (SHKP); max GFA 16,800 sqm",Sun Hung Kai Properties,local_major,https://www.info.gov.hk/gia/general/201105/12/P201105120275.htm | raw/2011-2012/IL8963__result.pdf,https://www.info.gov.hk/gia/general/201105/12/P201105120275.htm | raw/2011-2012/IL8963__result.pdf,https://www.shkp.com/en-US/our-business/hong-kong-properties/residential-for-sale/central-peak | raw/2011-2012/IL8963__devname.pdf,,,,,http://www.info.gov.hk/gia/general/201105/12/P201105120274.htm,verified,Central Peak (Phase 1 of Central Peak Development) | Central Peak (Phase 1) | Central Peak (Phase 2) | Central Peak Development | Phase 2 (Phase 2 of Central Peak Development),APPROVAL OF DEED OF MUTUAL COVENANT AND MANAGEMENT AGREEMENT | APPROVAL OF SUB-DEED OF MUTUAL COVENANT | CONSENT TO ASSIGN FOR RESIDENTIAL DEVELOPMENT AND NON-RESIDENTIAL DEVELOPMENT | CONSENT TO SELL FOR RESIDENTIAL DEVELOPMENT | WISECITY DEVELOPMENT LIMITED,Named development,17 September 2019 | Sun Hung Kai Properties Holding Investment Limited
2011-2012,12/5/2011,auction,NKIL 6498,"BEGONIA ROAD, YAU YAT CHUEN, KOWLOON",R3,residential,2810,579,,high_verified,NO. 62 BEGONIA ROAD,62 BEGONIA ROAD,NEW KOWLOON INLAND LOT NO. 6498,N.A.,Gain Regent Company Limited,N.A. | N.A. | N.A.,22.33190739,114.1720209,govt-led,LandsD PR 2011-04-13 'Government to sell three sites by public auction' (raw/sale_regime/gia_prs/),not found,36780,sq ft,15742,HK$/sq ft,yes,https://www.info.gov.hk/gia/general/201105/12/P201105120275.htm,"AUC 12.5.2011; No.62 Begonia Road; max GFA 3,417 sqm",Gain Regent Company Ltd,other,https://www.info.gov.hk/gia/general/201105/12/P201105120275.htm | raw/2011-2012/NKIL6498__result.pdf,https://www.info.gov.hk/gia/general/201105/12/P201105120275.htm | raw/2011-2012/NKIL6498__result.pdf,https://hk.centanet.com/estate/en/No.-62-Begonia-Road/2-EGPPWPPYPY | raw/2011-2012/NKIL6498__devname.pdf,,,,,http://www.info.gov.hk/gia/general/201105/12/P201105120274.htm,verified,62 Begonia Road | No. 62 Begonia Road,APPROVAL OF DEED OF MUTUAL COVENANT AND MANAGEMENT AGREEMENT | CONSENT TO SELL FOR RESIDENTIAL DEVELOPMENT | GAIN REGENT COMPANY LIMITED,Named development,28-Jan-16
2011-2012,12/5/2011,auction,LOT NO. 2086 in DD NO. 105,"NGAU TAM MEI, YUEN LONG, NEW TERRITORIES",R4,residential,23480,662,,high_verified,CRESCENDO,75 SAN TAM ROAD,LOT NO. 2086 IN DEMARCATION DISTRICT NO. 105,N.A.,Stanley Investments Limited,N.A. | N.A. | N.A.,22.4859082,114.0612455,govt-led,LandsD PR 2011-04-13 'Government to sell three sites by public auction' (raw/sale_regime/gia_prs/),not found,101095,sq ft,6548,HK$/sq ft,yes,https://www.info.gov.hk/gia/general/201105/12/P201105120275.htm,"AUC 12.5.2011; Crescendo; max GFA 9,392 sqm",Stanley Investments Ltd,other,https://www.info.gov.hk/gia/general/201105/12/P201105120275.htm | raw/2011-2012/LOTNO2086INDDNO105__result.pdf,https://www.info.gov.hk/gia/general/201105/12/P201105120275.htm | raw/2011-2012/LOTNO2086INDDNO105__result.pdf,https://hk.centanet.com/estate/en/Crescendo/2-BKSPWPPEPA | raw/2011-2012/LOTNO2086INDDNO105__devname.pdf,,,,,http://www.info.gov.hk/gia/general/201105/12/P201105120274.htm,verified,Crescendo,APPROVAL OF DEED OF MUTUAL COVENANT AND MANAGEMENT AGREEMENT | CONSENT TO SELL FOR RESIDENTIAL DEVELOPMENT | STANLEY INVESTMENTS LIMITED,Named development,2-Sep-16
2011-2012,9/6/2011,auction,IL 8949,"BORRETT ROAD, HONG KONG",R2,residential,10488,11650,,high_verified,21 BORRETT ROAD,21 BORRETT ROAD,INLAND LOT NO. 8949,N.A.,Bristow Investments Limited,N.A. | N.A. | N.A.,22.27276546,114.1639794,govt-led,LandsD PR 2011-04-29 'Government to sell two sites by public auction' (raw/sale_regime/gia_prs/),Cheung Kong / CK,435292,sq ft,26764,HK$/sq ft,yes,https://www.ckh.com.hk/upload/attachments/en/pr/ckhp120329.pdf,"AUC 9.6.2011; 21 Borrett Road; Cheung Kong HK$11.65b; developable GFA ~40,440 sqm per CK; AV~HK$26,763/sqft",CK Asset (Cheung Kong),local_major,,,https://www.ckh.com.hk/upload/attachments/en/pr/ckhp120329.pdf | raw/2011-2012/IL8949__news.pdf,unverified,,,,http://www.info.gov.hk/gia/general/201106/09/P201106090246.htm,verified,21 BORRETT ROAD | 21 BORRETT ROAD (Phase 1) | 21 BORRETT ROAD (Phase 2) | No. 21 Borrett Road (Phase 1) | No. 21 Borrett Road (Phase 2),APPROVAL OF DEED OF MUTUAL COVENANT AND MANAGEMENT AGREEMENT | BRISTOW INVESTMENTS LIMITED | CONSENT TO ASSIGN FOR RESIDENTIAL DEVELOPMENT | CONSENT TO SELL FOR RESIDENTIAL DEVELOPMENT,Named development,14 September 2018 | 28 September 2018 | N.A.
2011-2012,9/6/2011,auction,LOT NO. 2129 in DD NO. 121,"PING KWAI ROAD, PING SHAN, YUEN LONG, NEW TERRITORIES",R3,residential,6076,300,,high_verified,LA MANSION,28 PING KWAI ROAD,LOT NO. 2129 IN DEMARCATION DISTRICT NO. 121,N.A.,Great Art Investment Limited,N.A. | N.A. | N.A.,22.44122113,114.005347,govt-led,LandsD PR 2011-04-29 'Government to sell two sites by public auction' (raw/sale_regime/gia_prs/),Cheung Kong / CK,65401,sq ft,4587,HK$/sq ft,yes,https://www.ckh.com.hk/upload/attachments/en/pr/ckhp120329.pdf,"AUC 9.6.2011; La Mansion; Cheung Kong; developable GFA ~6,076 sqm per CK",CK Asset (Cheung Kong),local_major,,,https://www.ckh.com.hk/upload/attachments/en/pr/ckhp120329.pdf | raw/2011-2012/LOTNO2129INDDNO121__news.pdf,unverified,,,,http://www.info.gov.hk/gia/general/201106/09/P201106090246.htm,verified,La Mansion,APPROVAL OF DEED OF MUTUAL COVENANT AND MANAGEMENT AGREEMENT | CONSENT TO SELL FOR RESIDENTIAL DEVELOPMENT | GREAT ART INVESTMENT LIMITED,Named development,30-Oct-15
2011-2012,20/6/2011,tender,HHIL 555,"AT THE JUNCTION OF GILLIES AVENUE SOUTH AND BULKELEY STREET, HUNG HOM, KOWLOON",R1,residential,582.3,406.3,,high_verified,METRO6,121 BULKELEY STREET,HUNG HOM INLAND LOT NO. 555,9,Well Dynamic Limited,(1) Champion Rise Development Limited;<br/>(2) Charter Legend Development Limited;<br/>(3) Citi-Mark Development Limited;<br/>(4) Ever World Limited;<br/>(5) Faithful Regent Limited;<br/>(6) Jarton Limited;<br/>(7) Lucrative Venture Limited; and<br/>(8) Noble Fame Development Limited. | N.A. | N.A.,22.30743434,114.1850558,govt-led,LandsD PR 2011-03-16 'Government to sell three sites in Hung Hom' (raw/sale_regime/gia_prs/),not found,56410,sq ft,7203,HK$/sq ft,yes,https://www.info.gov.hk/gia/general/201106/20/P201106200165.htm,"TEN 20.6.2011; Metro6; Well Dynamic Ltd; max GFA 5,240.7 sqm",Well Dynamic Ltd,other,https://www.info.gov.hk/gia/general/201106/20/P201106200165.htm | raw/2011-2012/HHIL555__result.pdf,https://www.info.gov.hk/gia/general/201106/20/P201106200165.htm | raw/2011-2012/HHIL555__result.pdf,https://hk.centanet.com/estate/en/Metro6/2-EKSPWWPJWA | raw/2011-2012/HHIL555__devname.pdf,match,70,per-unit usable floor area 35-40 sq m,,http://www.info.gov.hk/gia/general/201106/20/P201106200163.htm,verified,Metro6,APPROVAL OF DEED OF MUTUAL COVENANT AND MANAGEMENT AGREEMENT | CONSENT TO SELL FOR RESIDENTIAL DEVELOPMENT | WELL DYNAMIC LIMITED,Named development,17-Jun-14
2011-2012,20/6/2011,tender,HHIL 556,"LEE KUNG STREET, HUNG HOM, KOWLOON",R1,residential,1298.7,801,,high_verified,LA LUMIERE,9 LEE KUNG STREET,HUNG HOM INLAND LOT NO. 556,11,Alcon Investments Limited,(1) Century Link Investments Limited;<br/>(2) Citi-Mark Development Limited;<br/>(3) Eminent Gold Investments Limited;<br/>(4) Faithful Regent Limited;<br/>(5) Fine Time Development Limited;<br/>(6) Joint Vision Limited;<br/>(7) Joinyield Limited;<br/>(8) Motive Drive Limited;<br/>(9) Star Union Development Limited; and<br/>(10) Up Fair Limited. | N.A. | N.A.,22.30949322,114.1868902,govt-led,LandsD PR 2011-03-16 'Government to sell three sites in Hung Hom' (raw/sale_regime/gia_prs/),Cheung Kong / CK,104840,sq ft,7640,HK$/sq ft,yes,https://www.info.gov.hk/gia/general/201106/20/P201106200165.htm,"TEN 20.6.2011; La Lumiere; Alcon (Cheung Kong); max GFA 9,740 sqm",CK Asset (Cheung Kong),local_major,https://www.info.gov.hk/gia/general/201106/20/P201106200165.htm | raw/2011-2012/HHIL556__result.pdf,https://www.info.gov.hk/gia/general/201106/20/P201106200165.htm | raw/2011-2012/HHIL556__result.pdf,https://hk.centanet.com/estate/en/La-Lumiere/2-EKSPWWPAWA | raw/2011-2012/HHIL556__devname.pdf,match,170,per-unit usable floor area 35-40 sq m,,http://www.info.gov.hk/gia/general/201106/20/P201106200163.htm,verified,La Lumiere | La LumiÃ¨re,ALCON INVESTMENTS LIMITED | APPROVAL OF DEED OF MUTUAL COVENANT AND MANAGEMENT AGREEMENT | CONSENT TO SELL FOR RESIDENTIAL DEVELOPMENT,Named development,17-Dec-14
2011-2012,11/7/2011,tender,NKIL 6269,"JUNCTION OF WAI YIP STREET, SHUN YIP STREET AND HOI BUN ROAD, KWUN TONG, KOWLOON",BUSINESS,commercial,7083,3528,,high_verified,,,NEW KOWLOON INLAND LOT NO. 6269,6,Joint Vision Limited,(1) Long Kinetic Limited;<br/>(2) Ocean Century Investments Limited;<br/>(3) Pembrooke Development Investments Limited;<br/>(4) Pretty Route Limited; and<br/>(5) World Regal Limited. | N.A. | N.A.,22.31574889,114.2146225,govt-led,LandsD PR 2011-04-13 'Government to sell two sites by public tender' (raw/sale_regime/gia_prs/),not found,914888,sq ft,3856,HK$/sq ft,yes,https://www.info.gov.hk/gia/general/201107/11/P201107110216.htm,"TEN 11.7.2011; Kwun Tong business; Joint Vision Ltd; max GFA 84,996 sqm",Joint Vision Ltd,other,https://www.info.gov.hk/gia/general/201107/11/P201107110216.htm | raw/2011-2012/NKIL6269__result.pdf,https://www.info.gov.hk/gia/general/201107/11/P201107110216.htm | raw/2011-2012/NKIL6269__result.pdf,,match,,,,,,One Bay East | One Bay East (East Tower together with various facilities and parking spaces etc. on B1 & B2 Floors and G/F) | One Bay East (West Tower together with various facilities and parking spaces etc. on B1 & B2 Floors and G/F) | One Bay East East Tower,CONSENT TO SELL FOR COMMERCIAL DEVELOPMENT | JOINT VISION LIMITED,Named development,-- | N.A.
2011-2012,11/7/2011,tender,IL 8970,"373 QUEEN'S ROAD EAST, WAN CHAI, HONG KONG",HOTEL,hotel,717,648,,high_verified,,,INLAND LOT NO. 8970,8,Motive Drive Limited,(1) Babenna Limited;<br/>(2) Gain Concept Holdings Limited;<br/>(3) Magic Energy Limited;<br/>(4) Novel Orient Investments Limited;<br/>(5) Rich Will Investment Limited;<br/>(6) Sky Champion Investments Limited; and<br/>(7) Supreme Success Investments Limited. | N.A. | N.A.,22.27464434,114.1782133,govt-led,LandsD PR 2011-04-13 'Government to sell two sites by public tender' (raw/sale_regime/gia_prs/),not found,115766,sq ft,5597,HK$/sq ft,yes,https://www.info.gov.hk/gia/general/201107/11/P201107110216.htm,"TEN 11.7.2011; 373 Queens Road East hotel; Motive Drive Ltd; max GFA 10,755 sqm",Motive Drive Ltd,other,https://www.info.gov.hk/gia/general/201107/11/P201107110216.htm | raw/2011-2012/IL8970__result.pdf,https://www.info.gov.hk/gia/general/201107/11/P201107110216.htm | raw/2011-2012/IL8970__result.pdf,,match,,,,,,,,No consent,
2011-2012,28/7/2011,tender,TCTL 36,"AREA 55A, TUNG CHUNG, LANTAU ISLAND",R2,residential,25400,3770,,high_verified,CENTURY LINK DEVELOPMENT,6 YING HONG STREET,TUNG CHUNG TOWN LOT NO. 36,5,Pacific Earth Enterprise Limited,(1) Ever Crown Development Limited;<br/>(2) Faithful Regent Limited;<br/>(3) New Solomon Investments Limited; and<br/>(4) Super Record Limited. | N.A. | N.A.,22.29577087,113.9498904,govt-led,LandsD PR 2011-04-29 'Government to sell two sites by public tender' (raw/sale_regime/gia_prs/),Sun Hung Kai Properties,1367015,sq ft,2758,HK$/sq ft,yes,https://www.info.gov.hk/gia/general/201107/28/P201107280215.htm,"TEN 28.7.2011; Century Link; Pacific Earth (SHKP); max GFA 127,000 sqm",Sun Hung Kai Properties,local_major,https://www.info.gov.hk/gia/general/201107/28/P201107280215.htm | raw/2011-2012/TCTL36__result.pdf,https://www.info.gov.hk/gia/general/201107/28/P201107280215.htm | raw/2011-2012/TCTL36__result.pdf,https://www.shkp.com/en-US/our-business/hong-kong-properties/residential-for-sale/century-link,match,2020,"per-unit usable floor area: every unit <=60 sq m; >=1,650 units 35-45 sq m; >=370 units >45-60 sq m",,http://www.info.gov.hk/gia/general/201107/28/P201107280216.htm,verified,"Century Link (Phase1) | Century Link Development | Century Link Development (Phase 1) | Century Link Development (Phase 1) -Blocks 1,2 & 3, Towers 3A, 3B, 5A, 5B, 6A & 6B | Century Link Development (Phase 2) | Century Link Phase 2 | Phase 1 of Century Link",APPROVAL OF DEED OF MUTUAL COVENANT AND MANAGEMENT AGREEMENT | CONSENT TO ASSIGN FOR RESIDENTIAL DEVELOPMENT | CONSENT TO SELL FOR RESIDENTIAL DEVELOPMENT | PACIFIC EARTH ENTERPRISE LIMITED,Named development,12 December 2014 | 27 April 2015 | N.A.
2011-2012,28/7/2011,tender,NKIL 6314,"JUNCTION OF KAI CHEUNG ROAD AND WANG KWONG ROAD, KOWLOON BAY, KOWLOON",COMMERCIAL,commercial,6600,3432.201234,,high_verified,,,NEW KOWLOON INLAND LOT NO. 6314,5,Smart Edge Limited,(1) Asian Treasure Investments Limited;<br/>(2) Island Century Limited;<br/>(3) Joinyield Limited; and<br/>(4) Smart Harvest Development Limited. | N.A. | N.A.,22.32573683,114.2066439,govt-led,LandsD PR 2011-04-29 'Government to sell two sites by public tender' (raw/sale_regime/gia_prs/),not found,852501,sq ft,4026,HK$/sq ft,yes,https://www.info.gov.hk/gia/general/201107/28/P201107280215.htm,"TEN 28.7.2011; Kowloon Bay commercial; Smart Edge Ltd; max GFA 79,200 sqm",Smart Edge Ltd,other,https://www.info.gov.hk/gia/general/201107/28/P201107280215.htm | raw/2011-2012/NKIL6314__result.pdf,https://www.info.gov.hk/gia/general/201107/28/P201107280215.htm | raw/2011-2012/NKIL6314__result.pdf,,match,,,,,,,,No consent,
2011-2012,29/7/2011,tender,LOT NO. 1176 in DD NO. 215,"TUI MIN HOI, SAI KUNG, NEW TERRITORIES",COMMERCIAL,commercial,1659.4,55.275,,high_verified,,,LOT NO. 1176 IN DEMARCATION DISTRICT NO. 215,12,Choiceland Limited,(1) Beacon Hill Garden Limited;<br/>(2) Bene Vobis Investment Company Limited;<br/>(3) Full Supreme Limited;<br/>(4) Hong Kong Asphalt Limited;<br/>(5) Kingmap International Limited;<br/>(6) Marhong Investment Limited;<br/>(7) Most Genius Limited;<br/>(8) Nice Choice Corporation Limited;<br/>(9) Ruby Stone Limited;<br/>(10) Sincere Property Investments Limited; and<br/>(11) Winable Enterprises Limited. | N.A. | N.A.,22.37785311,114.273557,ALS,LandsD PR 2011-05-31 'Site in Sai Kung triggered for public tender' (raw/sale_regime/gia_prs/),,,,,,yes,,TEN 29.7.2011; Tui Min Hoi Sai Kung commercial; tenderer/GFA not found,,,https://www.devb.gov.hk/en/publications_and_press_releases/press/index_id_6740.html | raw/2011-2012/LOTNO1176INDDNO215__winner.pdf,https://www.devb.gov.hk/en/publications_and_press_releases/press/index_id_6740.html | raw/2011-2012/LOTNO1176INDDNO215__winner.pdf,,unverified,,,,,,,,No consent,
2011-2012,4/8/2011,tender,KIL 11111,"JUNCTION OF HUNG LUEN ROAD AND KIN WAN STREET, HUNG HOM, KOWLOON",COMMERCIAL,commercial,13703,4028,,high_verified,,,KOWLOON INLAND LOT NO. 11111,5,Janeworth Company Limited,(1) Casson Investments Limited;<br/>(2) Globaluck Limited;<br/>(3) Pembrooke Development Investments Limited; and<br/>(4) World Regal Limited. | N.A. | N.A.,22.30076961,114.1875398,ALS,LandsD PR 2011-06-09 'Site at Hung Hom Bay Reclamation triggered for public t' (raw/sale_regime/gia_prs/),not found,589991,sq ft,6827,HK$/sq ft,yes,https://www.info.gov.hk/gia/general/201106/09/P201106090219.htm,"TEN 4.8.2011; Hung Hom Bay commercial; max GFA 54,812 sqm; winning tenderer name not found",,,https://www.info.gov.hk/gia/general/201106/09/P201106090219.htm | raw/2011-2012/KIL11111__result.pdf,https://www.info.gov.hk/gia/general/201106/09/P201106090219.htm | raw/2011-2012/KIL11111__result.pdf,,,,,,,,One Harbour Gate (East Tower) | One Harbour Gate (East Villa) | One HarbourGate (East Tower) | One HarbourGate (East Villa) | One HarbourGate (West Tower) | One HarbourGate (West Villa),CONSENT TO SELL FOR COMMERCIAL DEVELOPMENT | JANEWORTH COMPANY LIMITED,Named development,31 December 2016 | N.A.
2011-2012,9/8/2011,auction,STTL 525,"AREA 56A, KAU TO, SHA TIN, NEW TERRITORIES",R2,residential,23056,5500,,high_verified,DRAGONS RANGE,33 LAI PING ROAD,SHA TIN TOWN LOT NO. 525,N.A.,Pembrooke Development Investments Limited,N.A. | N.A. | N.A.,22.4135961,114.1994171,govt-led,LandsD PR 2011-06-30 'Government to sell a site in Sha Tin by public auction' (raw/sale_regime/gia_prs/),Kerry Properties / Sino Land / Manhattan Group consortium,1031461,sq ft,5332,HK$/sq ft,yes,https://www.info.gov.hk/gia/general/201106/10/P201106100220.htm,"AUC 9.8.2011; Dragons Range; Kerry/Sino/Manhattan consortium; max GFA 95,826 sqm",Kerry Properties + Sino Land + Manhattan Group,consortium,https://www.info.gov.hk/gia/general/201106/10/P201106100220.htm | raw/2011-2012/STTL525__result.pdf,https://www.info.gov.hk/gia/general/201106/10/P201106100220.htm | raw/2011-2012/STTL525__result.pdf,https://www.kerryprops.com/en/property-details/128/kau-to-project?limit=9999 | raw/2011-2012/STTL525__devname.pdf,,970,,,http://www.info.gov.hk/gia/general/201108/09/P201108090241.htm,verified,Dragons Range,APPROVAL OF DEED OF MUTUAL COVENANT AND MANAGEMENT AGREEMENT | CONSENT TO SELL FOR RESIDENTIAL DEVELOPMENT | PEMBROOKE DEVELOPMENT INVESTMENTS LIMITED,Named development,10-Sep-14
2011-2012,25/8/2011,tender,IL 8920,"OIL STREET, NORTH POINT, HONG KONG",HOTEL AND RESIDENTIAL / COMMERCIAL,hotel_mixed,7887,6267.2,,high_verified,,,INLAND LOT NO. 8920,6,Ocean Century Investments Limited,(1) Ace Dragon Development Limited;<br/>(2) Crown World Investment Limited;<br/>(3) Fortune Precision Limited;<br/>(4) Fortune Top Development Limited; and<br/>(5) Senworld Investment Limited. | N.A. | N.A.,22.28950801,114.1925559,govt-led,LandsD PR 2011-06-10 'Government to sell site at Oil Street in North Point by' (raw/sale_regime/gia_prs/),Sino Land,755626,sq ft,8294,HK$/sq ft,yes,https://en.wikipedia.org/wiki/Oil_Street,"TEN 25.8.2011; Oil Street hotel/residential/commercial; Ocean Century (Sino Land); max GFA 70,200 sqm (>=30,000 hotel)",Sino Land,local_major,https://www.devb.gov.hk/en/publications_and_press_releases/press/index_id_6757.html | raw/2011-2012/IL8920__winner.pdf,https://www.devb.gov.hk/en/publications_and_press_releases/press/index_id_6757.html | raw/2011-2012/IL8920__winner.pdf,https://en.wikipedia.org/wiki/Oil_Street | raw/2011-2012/IL8920__news.pdf,match,,,,,,Harbour Glory,APPROVAL OF DEED OF MUTUAL COVENANT AND MANAGEMENT AGREEMENT | CONSENT TO ASSIGN FOR RESIDENTIAL DEVELOPMENT | CONSENT TO SELL FOR RESIDENTIAL DEVELOPMENT | OCEAN CENTURY INVESTMENTS LIMITED,Named development,20-Dec-16
2011-2012,6/9/2011,auction,TKOTL 113,"AREA 66A, TSEUNG KWAN O, NEW TERRITORIES",R2,residential,13393,3120,,high_verified,THE WINGS IIIA,19 TONG YIN STREET,TSEUNG KWAN O TOWN LOT NO. 113,N.A.,Crown World Investment Limited,N.A. | N.A. | N.A.,22.30562547,114.2594058,govt-led,LandsD PR 2011-07-25 'Government to sell two sites by public auction' (raw/sale_regime/gia_prs/),Sun Hung Kai Properties,,,,,yes,https://www.devb.gov.hk/filemanager/en/content_69/P201106100220_0220_80063.pdf,AUC 6.9.2011; The Wings IIIA; developer SHKP; SPV/max GFA not found,Sun Hung Kai Properties,local_major,https://www.devb.gov.hk/filemanager/en/content_69/P201106100220_0220_80063.pdf | raw/2011-2012/TKOTL113__result.pdf,https://www.devb.gov.hk/filemanager/en/content_69/P201106100220_0220_80063.pdf | raw/2011-2012/TKOTL113__result.pdf,https://www.shkp.com/en-US/our-business/hong-kong-properties/residential-for-sale/wings-at-sea | raw/2011-2012/TKOTL113__devname.pdf,,960,,unit-count cap: not more than 1010 flats,http://www.info.gov.hk/gia/general/201109/06/P201109060224.htm,verified,The Wings IIIA,APPROVAL OF DEED OF MUTUAL COVENANT AND MANAGEMENT AGREEMENT | CONSENT TO SELL FOR RESIDENTIAL DEVELOPMENT | CROWN WORLD INVESTMENT LIMITED,Named development,19-Aug-14
2011-2012,6/9/2011,auction,LOT 1282 IN DD 253,"PAK SHEK WO, SAI KUNG",R3,residential,2400,121.5,,high_verified,,,LOT NO. 1282 IN DEMARCATION DISTRICT NO. 253,N.A.,Stanhope Holdings Limited,N.A. | N.A. | N.A.,22.33682501,114.2420969,ALS,LandsD PR 2011-07-25 'Site in Sai Kung successfully triggered for auction' (raw/sale_regime/gia_prs/),,,,,,,,,,,,,,,,,,http://www.info.gov.hk/gia/general/201109/06/P201109060224.htm,verified,The Woods,APPROVAL OF DEED OF MUTUAL COVENANT AND MANAGEMENT AGREEMENT | CONSENT TO SELL FOR RESIDENTIAL DEVELOPMENT | STANHOPE HOLDINGS LIMITED,Named development,13-Apr-16
2011-2012,6/9/2011,auction,LOT NO. 4309 in DD NO. 124,"TAN KWAI TSUEN ROAD, YUEN LONG, NEW TERRITORIES",R3,residential,11192,361,,high_verified,CASA REGALIA / DOMUS,65-89 TAN KWAI TSUEN ROAD,LOT NO. 4309 IN DEMARCATION DISTRICT NO. 124,N.A.,Advance Fame Investments Limited,N.A. | N.A. | N.A.,22.42847229,113.9989712,govt-led,LandsD PR 2011-07-25 'Government to sell two sites by public auction' (raw/sale_regime/gia_prs/),,,,,,yes,,AUC 6.9.2011; Tan Kwai Tsuen R3; tenderer/GFA not found,,,,,,unverified,170,,,http://www.info.gov.hk/gia/general/201109/06/P201109060224.htm,verified,65-89 Tan Kwai Tsuen Road (House development â€“ CASA REGALIA; and Apartment block â€“ DOMUS) | Domus,ADVANCE FAME INVESTMENTS LIMITED | APPROVAL OF DEED OF MUTUAL COVENANT AND MANAGEMENT AGREEMENT | CONSENT TO SELL FOR RESIDENTIAL DEVELOPMENT,Named development,19-May-15
2011-2012,4/10/2011,tender,StIL 91,"HOI FUNG PATH, STANLEY, HONG KONG",R3,residential,615.2,121.111,,high_verified,,,STANLEY INLAND LOT NO. 91,9,Harcourt Holdings Limited,(1) Asian Treasure Investments Limited;<br/>(2) First Realty Investment Company Limited;<br/>(3) Gold Cheer Corporation Limited;<br/>(4) Jet Union Development Limited;<br/>(5) Special View Development Limited;<br/>(6) Taifair Capital Services Limited;<br/>(7) Ultra Well Group Limited; and<br/>(8) Well Chance Limited. | N.A. | N.A.,22.21931824,114.213789,govt-led,LandsD PR 2011-07-15 'Government to sell two sites by public tender' (raw/sale_regime/gia_prs/),not found,4966,sq ft,24388,HK$/sq ft,yes,https://www.info.gov.hk/gia/general/201110/06/P201110060171.htm,TEN 4.10.2011; 6-8 Hoi Fung Path Stanley; Harcourt Holdings; max GFA 461.4 sqm,Harcourt Holdings Ltd,other,https://www.info.gov.hk/gia/general/201110/06/P201110060171.htm | raw/2011-2012/STIL91__result.pdf,https://www.info.gov.hk/gia/general/201110/06/P201110060171.htm | raw/2011-2012/STIL91__result.pdf,,match,,,,http://www.info.gov.hk/gia/general/201110/06/P201110060172.htm,verified,,,No consent,
2011-2012,4/10/2011,tender,LOT NO. 1613 in DD NO. 222,"KAP PIN LONG, SAI KUNG, NEW TERRITORIES",R4,residential,1733,55,,high_verified,,,LOT NO. 1613 IN DEMARCATION DISTRICT NO. 222,5,Smaragdine Limited,(1) Jumbo Success Limited;<br/>(2) Sky Champion Investments Limited;<br/>(3) Taifair Capital Services Limited; and<br/>(4) Thousand Policy Limited. | N.A. | N.A.,22.38513353,114.2630842,govt-led,LandsD PR 2011-07-15 'Government to sell two sites by public tender' (raw/sale_regime/gia_prs/),not found,3731,sq ft,14741,HK$/sq ft,yes,https://www.info.gov.hk/gia/general/201110/06/P201110060171.htm,TEN 4.10.2011; Kap Pin Long Sai Kung R4; Smaragdine Ltd; max GFA 346.6 sqm,Smaragdine Ltd,other,https://www.info.gov.hk/gia/general/201110/06/P201110060171.htm | raw/2011-2012/LOTNO1613INDDNO222__result.pdf,https://www.info.gov.hk/gia/general/201110/06/P201110060171.htm | raw/2011-2012/LOTNO1613INDDNO222__result.pdf,,match,,,,http://www.info.gov.hk/gia/general/201110/06/P201110060172.htm,verified,,,No consent,
2011-2012,27/10/2011,tender,LOT NO. 1950 in DD NO. 221,"AREA 4, SAI KUNG TOWN, SAI KUNG, NEW TERRITORIES",HOTEL,hotel,17940,719.3,,high_verified,,,LOT NO. 1950 IN DEMARCATION DISTRICT NO. 221,2,Cheer Regal Limited,East Kong International Industrial Limited | N.A. | N.A.,22.38583469,114.2758639,ALS,LandsD PR 2011-08-29 'Site in Sai Kung triggered for public tender' (raw/sale_regime/gia_prs/),,,,,,yes,,TEN 27.10.2011; Sai Kung Town Area 4 hotel; tenderer/GFA not found,,,https://www.devb.gov.hk/en/publications_and_press_releases/press/index_id_6845.html | raw/2011-2012/LOTNO1950INDDNO221__winner.pdf,https://www.devb.gov.hk/en/publications_and_press_releases/press/index_id_6845.html | raw/2011-2012/LOTNO1950INDDNO221__winner.pdf,,unverified,,,,,,,,No consent,
2011-2012,10/11/2011,tender,RBL 1168,"NEAR 35 SOUTH BAY ROAD, HONG KONG",R3,residential,1338,498.88,,high_verified,39 SOUTH BAY ROAD,39 SOUTH BAY ROAD,RURAL BUILDING LOT NO. 1168,12,Ultra Well Group Limited,(1) Able Treasure Corporation Limited;<br/>(2) Acura Enterprises Limited;<br/>(3) Fast Ocean Limited;<br/>(4) Fook Lee Estates Limited;<br/>(5) Good Rich Investments Limited;<br/>(6) Hop Cheong Engineering Company Limited;<br/>(7) King Crown Investment Limited;<br/>(8) Richlord Limited;<br/>(9) Smart Scheme Holdings Limited;<br/>(10) Star Honour Limited; and<br/>(11) Top Sunshine Development Limited. | N.A. | N.A.,22.23153045,114.198864,govt-led,LandsD PR 2011-08-19 'Government to sell site at South Bay Road by public ten' (raw/sale_regime/gia_prs/),not found,12962,sq ft,38488,HK$/sq ft,yes,https://www.info.gov.hk/gia/general/201108/19/P201108190218.htm,"TEN 10.11.2011; 39 South Bay Road; Ultra Well Group; max GFA 1,204.2 sqm",Ultra Well Group Ltd,other,https://www.info.gov.hk/gia/general/201108/19/P201108190218.htm | raw/2011-2012/RBL1168__result.pdf,https://www.info.gov.hk/gia/general/201108/19/P201108190218.htm | raw/2011-2012/RBL1168__result.pdf,,match,,,,http://www.info.gov.hk/gia/general/201111/10/P201111100296.htm,verified,Bay View Villa,APPROVAL OF DEED OF MUTUAL COVENANT AND MANAGEMENT AGREEMENT,Named development,
2011-2012,10/11/2011,tender,STTL 463,"JUNCTION OF ON YIU STREET AND ON KWAN STREET, SHEK MUN, SHA TIN, NEW TERRITORIES",BUSINESS,commercial,7997,828,,high_verified,,,SHA TIN TOWN LOT NO. 463,1,Fancy Luck Development Limited,N.A. | N.A. | N.A.,22.38895025,114.2089588,ALS,LandsD PR 2011-09-06 'Site in Sha Tin triggered for public tender' (raw/sale_regime/gia_prs/),not found,430395,sq ft,1924,HK$/sq ft,yes,https://www.info.gov.hk/gia/general/201111/10/P201111100297.htm,"TEN 10.11.2011; Shek Mun business; Fancy Luck Development; max GFA 39,985 sqm",Fancy Luck Development Ltd,other,https://www.info.gov.hk/gia/general/201111/10/P201111100297.htm | raw/2011-2012/STTL463__result.pdf,https://www.info.gov.hk/gia/general/201111/10/P201111100297.htm | raw/2011-2012/STTL463__result.pdf,,match,,,,,,Kings Wing Plaza 2,FANCY LUCK DEVELOPMENT LIMITED,Named development,31-Aug-16
2011-2012,8/12/2011,tender,STTL 412,"ON KWAN STREET, SHEK MUN, SHA TIN, NEW TERRITORIES",BUSINESS,commercial,6540,680.1,,high_verified,,,SHA TIN TOWN LOT NO. 412,4,Speedy Tact Development Limited,(1) Century Link (Hong Kong) Limited;<br/>(2) I Tech Data Centre Management Services Limited; and<br/>(3) Pretty Route Limited. | N.A. | N.A.,22.38801125,114.2080458,govt-led,LandsD PR 2011-09-28 'Government to sell three sites by public tender' (raw/sale_regime/gia_prs/),,,,,,yes,,TEN 8.12.2011; Shek Mun business On Kwan St; tenderer/GFA not found,,,https://www.devb.gov.hk/en/publications_and_press_releases/press/index_id_6920.html | raw/2011-2012/STTL412__winner.pdf,https://www.devb.gov.hk/en/publications_and_press_releases/press/index_id_6920.html | raw/2011-2012/STTL412__winner.pdf,,unverified,,,,,,Kings Wing Plaza 1 | No. 3 On Kwan Street,CONSENT TO SELL FOR NON-RESIDENTIAL DEVELOPMENT | SPEEDY TACT DEVELOPMENT LIMITED,Named development,31-Dec-15
2011-2012,8/12/2011,tender,LOT NO. 724 in DD NO. 332,"CHEUNG SHA, LANTAU ISLAND, NEW TERRITORIES",R4,residential,7410,176.8,,high_verified,WHITESANDS,160 SOUTH LANTAU ROAD,LOT NO. 724 IN DEMARCATION DISTRICT NO. 332,6,Bao Wei Enterprises Limited,(1) Acmax Enterprises Limited;<br/>(2) HKR Properties Limited;<br/>(3) Pronto Investments Limited;<br/>(4) Sky Target (Hong Kong) Limited; and<br/>(5) Win Creation Development Limited. | N.A. | N.A.,22.23782572,113.961916,govt-led,LandsD PR 2011-09-28 'Government to sell three sites by public tender' (raw/sale_regime/gia_prs/),Swire Properties,,,,,yes,https://www.swireproperties.com/en/portfolio/past-developments/whitesands/,"TEN 8.12.2011; Whitesands (Lots 724+726 combined); Swire Properties; combined GFA ~6,000 sqm; per-lot GFA not split",Swire Properties,local_major,https://www.devb.gov.hk/en/publications_and_press_releases/press/index_id_6920.html | raw/2011-2012/LOTNO724INDDNO332__winner.pdf,https://www.devb.gov.hk/en/publications_and_press_releases/press/index_id_6920.html | raw/2011-2012/LOTNO724INDDNO332__winner.pdf,https://www.swireproperties.com/en/portfolio/past-developments/whitesands/ | raw/2011-2012/LOTNO724INDDNO332__news.pdf,unverified,,,unit-count cap: not more than 14 flats (low-density cap; no minimum),http://www.info.gov.hk/gia/general/201112/08/P201112080309.htm,verified,,,No consent,
2011-2012,8/12/2011,tender,LOT NO. 726 in DD NO. 332,"CHEUNG SHA, LANTAU ISLAND, NEW TERRITORIES",R4,residential,7550,180,,high_verified,WHITESANDS,160 SOUTH LANTAU ROAD,LOT NO. 726 IN DEMARCATION DISTRICT NO. 332,6,Bao Wei Enterprises Limited,(1) Acmax Enterprises Limited;<br/>(2) Champion Land Properties Limited;<br/>(3) Eldridge Investments Limited;<br/>(4) HKR Properties Limited; and<br/>(5) Win Creation Development Limited. | N.A. | N.A.,22.23744022,113.9625168,govt-led,LandsD PR 2011-09-28 'Government to sell three sites by public tender' (raw/sale_regime/gia_prs/),Swire Properties,,,,,yes,https://www.swireproperties.com/en/portfolio/past-developments/whitesands/,"TEN 8.12.2011; Whitesands (Lots 724+726 combined); Swire Properties; combined GFA ~6,000 sqm; per-lot GFA not split",Swire Properties,local_major,https://www.devb.gov.hk/en/publications_and_press_releases/press/index_id_6920.html | raw/2011-2012/LOTNO726INDDNO332__winner.pdf,https://www.devb.gov.hk/en/publications_and_press_releases/press/index_id_6920.html | raw/2011-2012/LOTNO726INDDNO332__winner.pdf,https://www.swireproperties.com/en/portfolio/past-developments/whitesands/ | raw/2011-2012/LOTNO726INDDNO332__news.pdf,unverified,,,unit-count cap: not more than 16 flats (low-density cap; no minimum),http://www.info.gov.hk/gia/general/201112/08/P201112080309.htm,verified,,,No consent,
2011-2012,8/12/2011,tender,RBL 1196,"SOUTH BAY ROAD, REPULSE BAY, HONG KONG",PFS,petrol_or_ev,1340,112.78,,high_verified,,,RURAL BUILDING LOT NO. 1196,5,Petrochina International (Hong Kong) Corporation Limited,(1) Chevron Hong Kong Limited;<br/>(2) ExxonMobil Hong Kong Limited;<br/>(3) Shell Developments (HK) Limited; and<br/>(4) Sinopec (Hong Kong) Limited. | N.A. | N.A.,22.23869171,114.199389,govt-led,specialist tender outside Application List (use=PFS); such sites never on the AL,,,,,,yes,,"not found - petrol filling station, tenderer/GFA not published",,,,,,unverified,,,,,,,,No consent,
2011-2012,8/12/2011,tender,AIL 460,"22 WONG CHUK HANG ROAD, HONG KONG",PFS,petrol_or_ev,383.9,128.16,,high_verified,,,ABERDEEN INLAND LOT NO. 460,3,Chevron Hong Kong Limited,(1) Shell Developments (HK) Limited; and<br/>(2) Sinopec (Hong Kong) Limited. | N.A. | N.A.,22.248175,114.1641854,govt-led,specialist tender outside Application List (use=PFS); such sites never on the AL,,,,,,yes,,"not found - petrol filling station, tenderer/GFA not published",,,,,,unverified,,,,,,,,No consent,
2011-2012,8/12/2011,tender,TYTL 182,"TSING YI TSING YI ROAD WEST, TSING YI, NEW TERRITORIES",PFS,petrol_or_ev,1487,233.07,,high_verified,,,TSING YI TOWN LOT NO. 182,3,Shell Developments (HK) Limited,(1) Chevron Hong Kong Limited; and<br/>(2) Sinopec (Hong Kong) Limited. | N.A. | N.A.,22.35559425,114.0995367,govt-led,specialist tender outside Application List (use=PFS); such sites never on the AL,,,,,,yes,,"not found - petrol filling station, tenderer/GFA not published",,,,,,unverified,,,,,,,,No consent,
2011-2012,22/12/2011,tender,KIL 11205,"JUNCTION OF HUNG LUEN ROAD AND WA SHUN STREET, HUNG HOM, KOWLOON",HOTEL,hotel,15623,2328,,high_verified,,,KOWLOON INLAND LOT NO. 11205,4,Shangri-La Hotel (Kowloon) Limited,(1) Century Link (Hong Kong) Limited;<br/>(2) Silver Treasure Investment Limited; and<br/>(3) Winbox Investment Limited. | N.A. | N.A.,22.30136553,114.1888694,govt-led,LandsD PR 2011-10-19 'Government to sell two sites by public tender' (raw/sale_regime/gia_prs/),Shangri-La / Kerry Group,,,,,yes,https://www.traveldailynews.com/hotels-lodging/shangri-la-wins-bid-to-acquire-government-property-on-hung-luen-road-at-hung-hom-bay/,TEN 22.12.2011; Hung Hom Bay hotel; Shangri-La Group won; max GFA not found,Shangri-La + Kerry Group,consortium,https://www.devb.gov.hk/en/publications_and_press_releases/press/index_id_6949.html | raw/2011-2012/KIL11205__winner.pdf,https://www.devb.gov.hk/en/publications_and_press_releases/press/index_id_6949.html | raw/2011-2012/KIL11205__winner.pdf,,unverified,,,,,,,,No consent,
2011-2012,22/12/2011,tender,LOT NO. 726 in DD NO. 4 MUI WO,"MUI WO, LANTAU ISLAND, NEW TERRITORIES",RESIDENTIAL AND COMMERCIAL,commercial_residential_mixed,2260,55,,high_verified,,,LOT NO. 726 IN DEMARCATION DISTRICT NO. 4 MUI WO,2,Sky Target (Hong Kong) Limited,HKR Properties Limited | N.A. | N.A.,22.26583952,113.9972273,govt-led,LandsD PR 2011-10-19 'Government to sell two sites by public tender' (raw/sale_regime/gia_prs/),,,,,,yes,,TEN 22.12.2011; Mui Wo R/C; tenderer/GFA not found,,,https://www.devb.gov.hk/en/publications_and_press_releases/press/index_id_6949.html | raw/2011-2012/LOTNO726INDDNO4MUIWO__winner.pdf,https://www.devb.gov.hk/en/publications_and_press_releases/press/index_id_6949.html | raw/2011-2012/LOTNO726INDDNO4MUIWO__winner.pdf,,,,,max 50 units cap (ä½å®…å–®ä½ç¸½æ•¸ä¸å¾—è¶…éŽ50å€‹),http://www.info.gov.hk/gia/general/201112/22/P201112220309.htm,verified,Riverwalk,APPROVAL OF DEED OF MUTUAL COVENANT AND MANAGEMENT AGREEMENT | CONSENT TO SELL FOR RESIDENTIAL DEVELOPMENT | SKY TARGET (HONG KONG) LIMITED,Named development,25-Mar-15
2011-2012,12/1/2012,tender,TKOTL 119,"AREA 66B2, TSEUNG KWAN O, NEW TERRITORIES",R2,residential,8246,1860,,high_verified,THE PARKSIDE,18 TONG CHUN STREET,TSEUNG KWAN O TOWN LOT NO. 119,8,Fortune Precision Limited,(1) Dragon View (HK) Limited;<br/>(2) Enormous Asset Limited;<br/>(3) Guang Nuo Limited;<br/>(4) King Century Investments Limited;<br/>(5) Super Record Limited;<br/>(6) Team York Limited; and<br/>(7) United Best Hong Kong Limited. | N.A. | N.A.,22.30529061,114.2608322,govt-led,LandsD PR 2011-11-04 'Government to sell site in Tseung Kwan O by public tend' (raw/sale_regime/gia_prs/),Wheelock and Company / Wheelock Properties,,,,,yes,https://www.landsd.gov.hk/doc/en/consent/monthly/t2_1406wac_e.pdf,TEN 12.1.2012; The Parkside; Fortune Precision (Wheelock); max GFA not found,Wheelock/Wharf,local_major,https://www.devb.gov.hk/en/publications_and_press_releases/press/index_id_6966.html | raw/2011-2012/TKOTL119__winner.pdf,https://www.landsd.gov.hk/doc/en/consent/monthly/t2_1406wac_e.pdf | raw/2011-2012/TKOTL119__consent.pdf,https://www.wheelockpropertieshk.com/en-US/properties/content/14 | raw/2011-2012/TKOTL119__devname.pdf,,590,,unit-count cap: not more than 620 flats,http://www.info.gov.hk/gia/general/201201/12/P201201120248.htm,verified,The Parkside | The Parkside (Commercial Accommodation),APPROVAL OF DEED OF MUTUAL COVENANT AND MANAGEMENT AGREEMENT | APPROVAL OF SUB-DEED OF MUTUAL COVENANT AND MANAGEMENT AGREEMENT | CONSENT TO SELL FOR NON-RESIDENTIAL DEVELOPMENT | CONSENT TO SELL FOR RESIDENTIAL DEVELOPMENT | FORTUNE PRECISION LIMITED,Named development,18 September 2014 | 30 November 2015 | 31 May 2016
2011-2012,9/2/2012,tender,TMTL 423,"AREA 48, CASTLE PEAK ROAD, SO KWUN WAT, TUEN MUN, NEW TERRITORIES",R3,residential,67147,2739,,high_verified,THE BLOOMSWAY,"18, 28, 29 TSING YING ROAD",TUEN MUN TOWN LOT NO. 423,7,Senworld Investment Limited,(1) Ace Dragon Development Limited;<br/>(2) Fortune Glory Investments Limited;<br/>(3) Silver Treasure Investment Limited;<br/>(4) Super Record Limited;<br/>(5) Team China Limited; and<br/>(6) Winbox Investment Limited. | N.A. | N.A.,22.37681616,113.9893464,govt-led,LandsD PR 2011-11-23 'Government to sell site in Tuen Mun by public tender' (raw/sale_regime/gia_prs/),Kerry Properties,939592,sq ft,2915,HK$/sq ft,yes,https://www.info.gov.hk/gia/general/201202/09/P201202090223.htm,"TEN 9.2.2012; The Bloomsway; Senworld (Kerry Properties); max GFA 87,291 sqm",Kerry Properties,local_major,https://www.info.gov.hk/gia/general/201202/09/P201202090223.htm | raw/2011-2012/TMTL423__result.pdf,https://www.info.gov.hk/gia/general/201202/09/P201202090223.htm | raw/2011-2012/TMTL423__result.pdf,https://www.kerryprops.com/en/property-details/20/so-kwun-wat-project | raw/2011-2012/TMTL423__devname.pdf,match,1100,,,http://www.info.gov.hk/gia/general/201202/09/P201202090226.htm,verified,The Bloomsway,APPROVAL OF DEED OF MUTUAL COVENANT AND MANAGEMENT AGREEMENT | CONSENT TO SELL FOR RESIDENTIAL DEVELOPMENT | SENWORLD INVESTMENT LIMITED,Named development,23-Oct-15
2011-2012,16/2/2012,tender,TYTL 181,"TSING YI HONG WAN ROAD, TSING YI, NEW TERRITORIES",LOGISTICS DEVELOPMENT PURPOSES,logistics,24000,1280,,high_verified,,,TSING YI TOWN LOT NO. 181,2,Kongwell Logistics Limited,TY2 Limited | N.A. | N.A.,22.33388058,114.1104205,govt-led,specialist tender outside Application List (use=LOGISTICS DEVELOPMENT PU); such sites never on the AL,,,,,,yes,,TEN 16.2.2012; Tsing Yi logistics; tenderer/GFA not found,,,https://www.devb.gov.hk/en/publications_and_press_releases/press/index_id_6999.html | raw/2011-2012/TYTL181__winner.pdf,https://www.devb.gov.hk/en/publications_and_press_releases/press/index_id_6999.html | raw/2011-2012/TYTL181__winner.pdf,,unverified,,,,,,,,No consent,
2011-2012,1/3/2012,tender,TSWTL 26,"AREA 108A, TIN SHUI WAI, YUEN LONG, NEW TERRITORIES",COMMERCIAL,commercial,6500,411.28,,high_verified,,,TIN SHUI WAI TOWN LOT NO. 26,6,Lucky Leading Limited,(1) Billion Grand Corporation Limited;<br/>(2) Diamond Summit Limited;<br/>(3) Ever Crown Development Limited;<br/>(4) Jet Union Development Limited; and<br/>(5) Rapid Prosperous Limited. | N.A. | N.A.,22.46468895,114.0032584,govt-led,LandsD PR 2011-12-23 'Government to sell two sites by public tender' (raw/sale_regime/gia_prs/),,,,,,yes,,TEN 1.3.2012; Tin Shui Wai Area 108A commercial; tenderer/GFA not found,,,https://www.devb.gov.hk/en/publications_and_press_releases/press/index_id_7025.html | raw/2011-2012/TSWTL26__winner.pdf,https://www.devb.gov.hk/en/publications_and_press_releases/press/index_id_7025.html | raw/2011-2012/TSWTL26__winner.pdf,,unverified,,,,,,"8 Tin Sau Road (286 shops, 1 hotel, 55 car parking spaces and 3 motor cycle parking spaces) | One Sky Mall",CONSENT TO SELL FOR COMMERCIAL DEVELOPMENT | LUCKY LEADING LIMITED,Named development,30-Nov-15
2011-2012,1/3/2012,tender,LOT NO. 676 in DD NO. PENG CHAU,"PENG LEI ROAD, PENG CHAU, NEW TERRITORIES",R3,residential,4564,19,,high_verified,,,LOT NO. 676 IN DEMARCATION DISTRICT PENG CHAU,2,Fortune Glory Investments Limited,Southmark Corporation Limited | N.A. | N.A.,22.28720846,114.0364224,govt-led,LandsD PR 2011-12-23 'Government to sell two sites by public tender' (raw/sale_regime/gia_prs/),,,,,,yes,,TEN 1.3.2012; Peng Chau R3; tenderer/GFA not found,,,,,,unverified,,,,http://www.info.gov.hk/gia/general/201203/01/P201203010275.htm,verified,Paloma Bay,APPROVAL OF DEED OF MUTUAL COVENANT AND MANAGEMENT AGREEMENT,Named development,N.A.
2011-2012,22/3/2012,tender,AplIL 135,"AT JUNCTION OF AP LEI CHAU DRIVE AND AP LEI CHAU PRAYA ROAD, HONG KONG",R1,residential,3050,2538,,high_verified,SOUTH COAST,1 TANG FUNG STREET,AP LEI CHAU INLAND LOT NO. 135,12,Goldwell Development Limited,(1) Excelsior Mark Limited;<br/>(2) Great Horwood Limited;<br/>(3) Hinwood Investment Limited;<br/>(4) Li Yuan Investments Limited;<br/>(5) Lucrative Venture Limited;<br/>(6) Mega Island (HK) Limited;<br/>(7) Noble Perfect Investments Limited;<br/>(8) Rich Will Investment Limited;<br/>(9) Sky Luck Development Limited;<br/>(10) Smart Base Holdings Limited; and<br/>(11) Winfield Investments Limited. | N.A. | N.A.,22.24312634,114.1588213,govt-led,LandsD PR 2012-01-20 'Government to sell two sites by public tender' (raw/sale_regime/gia_prs/),not found,229809,sq ft,11044,HK$/sq ft,yes,https://www.info.gov.hk/gia/general/201203/22/P201203220431.htm,"TEN 22.3.2012; Ap Lei Chau (South Coast); Goldwell Development; max GFA 21,350 sqm",Goldwell Development Ltd,other,https://www.info.gov.hk/gia/general/201203/22/P201203220431.htm | raw/2011-2012/APLIL135__result.pdf,https://www.info.gov.hk/gia/general/201203/22/P201203220431.htm | raw/2011-2012/APLIL135__result.pdf,,match,,,,http://www.info.gov.hk/gia/general/201203/22/P201203220433.htm,verified,Marina South,APPROVAL OF DEED OF MUTUAL COVENANT AND MANAGEMENT AGREEMENT | CONSENT TO SELL FOR RESIDENTIAL DEVELOPMENT | GOLDWELL DEVELOPMENT LIMITED,Named development,28-Oct-15
2011-2012,22/3/2012,tender,LOT NO. 1588 in DD NO. 243,"PIK SHA ROAD, SAI KUNG, NEW TERRITORIES",R4,residential,7615,700,,high_verified,3 CLEAR WATER BAY,15 PIK SHA ROAD,LOT NO. 1588 IN DEMARCATION DISTRICT NO. 243,18,Asia Perfect Development Limited,(1) Acura Enterprises Limited;<br/>(2) Alpha Estate Investments Limited;<br/>(3) Casson Investments Limited;<br/>(4) Diamond Summit Limited;<br/>(5) Fast Ocean Limited;<br/>(6) Gain Concept Holdings Limited;<br/>(7) Goldwell Development Limited;<br/>(8) HKR Properties Limited;<br/>(9) Loi Fu Investment Company Limited;<br/>(10) Lucky Wealth Investments Limited;<br/>(11) Mainful Concept Limited;<br/>(12) Max Time Asia Investment Limited;<br/>(13) Rapid Prosperous Limited;<br/>(14) Ray Champ Limited;<br/>(15) Regal Crown Development Limited;<br/>(16) Super Record Limited; and<br/>(17) United Best Hong Kong Limited. | N.A. | N.A.,22.3203357,114.276565,govt-led,LandsD PR 2012-01-20 'Government to sell two sites by public tender' (raw/sale_regime/gia_prs/),not found,32787,sq ft,21350,HK$/sq ft,yes,https://www.info.gov.hk/gia/general/201203/22/P201203220431.htm,"TEN 22.3.2012; 3 Clear Water Bay (Pik Sha Road); Asia Perfect Development; max GFA 3,046 sqm",Asia Perfect Development Ltd,other,https://www.info.gov.hk/gia/general/201203/22/P201203220431.htm | raw/2011-2012/LOTNO1588INDDNO243__result.pdf,https://www.info.gov.hk/gia/general/201203/22/P201203220431.htm | raw/2011-2012/LOTNO1588INDDNO243__result.pdf,https://hk.centanet.com/estate/en/3-Clear-Water-Bay/2-XIZXIMTYHD | raw/2011-2012/LOTNO1588INDDNO243__devname.pdf,match,,,,http://www.info.gov.hk/gia/general/201203/22/P201203220433.htm,verified,3 Clear Water Bay,APPROVAL OF DEED OF MUTUAL COVENANT AND MANAGEMENT AGREEMENT,Named development,Nuo Feng Limited
2012-2013,12-Apr-12,tender,KCTL 510,"101 CASTLE PEAK ROAD, KWAI CHUNG, NEW TERRITORIES",PETROL FILLING STATION,petrol_or_ev,2091,69.87,,high_verified,,,KWAI CHUNG TOWN LOT NO. 510,3,Sinopec (Hong Kong) Limited,(1) Chevron Hong Kong Limited; and<br/>(2) Petrochina International (Hong Kong) Corporation Limited. | N.A. | N.A.,22.35060375,114.132683,govt-led,specialist tender outside Application List (use=PETROL FILLING STATION); such sites never on the AL,,,,,,,,not found - petrol filling station award (12 Apr 2012); tenderer/max GFA not located,,,https://www.devb.gov.hk/en/publications_and_press_releases/press/index_id_7074.html | raw/2012-2013/KCTL510__winner.pdf,https://www.devb.gov.hk/en/publications_and_press_releases/press/index_id_7074.html | raw/2012-2013/KCTL510__winner.pdf,,,,,,,,,,No consent,
2012-2013,26-Apr-12,tender,IL 9043,"NEAR THE JUNCTION OF TAI ON STREET AND OI KAN ROAD, SAI WAN HO, HONG KONG",MARINE FUELLING STATION,petrol_or_ev,,,yes,high_verified,,,INLAND LOT NO. 9043,---------,---------,--------- | N.A. | TENDER WITHDRAWN ON 26 APRIL 2012,22.28475914,114.2253354,govt-led,specialist tender outside Application List (use=MARINE FUELLING STATION); such sites never on the AL,,,,,,,,,,,,,,,,,,,,,,No consent,
2012-2013,26-Apr-12,tender,IL 9044,"NEAR THE JUNCTION OF TAI ON STREET AND OI KAN ROAD, SAI WAN HO, HONG KONG",MARINE FUELLING STATION,petrol_or_ev,,,yes,high_verified,,,INLAND LOT NO. 9044,---------,---------,--------- | N.A. | TENDER WITHDRAWN ON 26 APRIL 2012,22.28449326,114.2250617,govt-led,specialist tender outside Application List (use=MARINE FUELLING STATION); such sites never on the AL,,,,,,,,,,,,,,,,,,,,,,No consent,
2012-2013,2-May-12,tender,RBL 1165,"NEAR 110 REPULSE BAY ROAD, HONG KONG",RESIDENTIAL R3,residential,4340,1668,,high_verified,PULSA,108 REPULSE BAY ROAD,RURAL BUILDING LOT NO. 1165,11,Winfield Investments Limited,(1) A & F Property Development Company Limited;<br/>(2) Dragon Mark International Limited;<br/>(3) Eminent Gold Investments Limited;<br/>(4) Globaluck Limited;<br/>(5) Great Horwood Limited;<br/>(6) Mega Island (HK) Limited;<br/>(7) Regal Crown Development Limited;<br/>(8) Rich Group Investments Limited;<br/>(9) Super Record Limited; and<br/>(10) Tenderer's identity not clear. | N.A. | N.A.,22.23324611,114.2000574,govt-led,LandsD PR 2012-02-22 'Government to sell two sites by public tender' (raw/sale_regime/gia_prs/),Tai Cheung Holdings Limited,3906,sq m,39673,HK$/sq ft,unverified,https://www.scmp.com/article/999897/repulse-bay-site-fetches-hk16b,"Tai Cheung Holdings won 2 May 2012; premium HK$1,668M; buildable ~46,715 sq ft per SCMP; tenderer SPV approx; project=PULSA | CORRECTION (Wave2, primary PR): winner was 'Manful Star Limited' -> Winfield Investments Limited; max_gfa 4,340 was the SITE AREA -> true max GFA 3,906 sq m per Lands Dept release; AV recomputed 1,668m / 3,906 sqm = HK$39,673/sq ft. parent_developer flagged for review.",Tai Cheung,local_minor,https://www.devb.gov.hk/en/publications_and_press_releases/press/index_id_7103.html | raw/2012-2013/RBL1165__winner.pdf,https://www.devb.gov.hk/en/publications_and_press_releases/press/index_id_7103.html | raw/2012-2013/RBL1165__winner.pdf,https://www.scmp.com/article/999897/repulse-bay-site-fetches-hk16b | raw/2012-2013/RBL1165__news.pdf,"corrected: max GFA 3,906 sq m (recorded 4,340 was the site area)",,,,http://www.info.gov.hk/gia/general/201205/02/P201205020471.htm,verified,Pulsa,APPROVAL OF DEED OF MUTUAL COVENANT AND MANAGEMENT AGREEMENT,Named development,
2012-2013,2-May-12,tender,TMTL 436,"KWUN FAT STREET, SIU LAM, TUEN MUN, NEW TERRITORIES",RESIDENTIAL R4,residential,9020,180,,high_verified,PEAK CASTLE,"8A-8H KWUN FAT STREET; 8J KWUN FAT STREET; 10, 12, 16, 18, 20, 22 KWUN FAT STREET",TUEN MUN TOWN LOT NO. 436,12,Billion Ideal Limited,(1) Casson Investments Limited;<br/>(2) Ever World Limited;<br/>(3) Fortune Top Development Limited;<br/>(4) Jet Union Development Limited;<br/>(5) Max Time Asia Investment Limited;<br/>(6) Nan Hua International Engineering Company Limited;<br/>(7) New Regent Asia Limited;<br/>(8) Perfect Wealthy Limited;<br/>(9) Rapid Prosperous Limited;<br/>(10) Real Charm Investment Limited; and<br/>(11) Tenderer's identity not clear. | N.A. | N.A.,22.36805894,114.0078932,govt-led,LandsD PR 2012-02-22 'Government to sell two sites by public tender' (raw/sale_regime/gia_prs/),,,,,,,,not found - awarded 2 May 2012 (Peak Castle); tenderer/max GFA not located,,,https://www.devb.gov.hk/en/publications_and_press_releases/press/index_id_7103.html | raw/2012-2013/TMTL436__winner.pdf,https://www.devb.gov.hk/en/publications_and_press_releases/press/index_id_7103.html | raw/2012-2013/TMTL436__winner.pdf,https://hk.centanet.com/estate/en/Peak-Castle/2-KEPPWPPOPD | raw/2012-2013/TMTL436__devname.pdf,unverified,,,,http://www.info.gov.hk/gia/general/201205/02/P201205020471.htm,verified,8 Kwun Fat Street | PEAK CASTLE,APPROVAL OF DEED OF MUTUAL COVENANT AND MANAGEMENT AGREEMENT | BILLION IDEAL LIMITED | CONSENT TO SELL FOR RESIDENTIAL DEVELOPMENT,Named development,29-Dec-16
2012-2013,24-May-12,tender,TKOTL 114,"AREA 66C1, TSEUNG KWAN O, NEW TERRITORIES",RESIDENTIAL R2,residential,4352,1033,,high_verified,THE WINGS IIIB,19 CHI SHIN STREET,TSEUNG KWAN O TOWN LOT NO. 114,8,Winbox Investment Limited,(1) City Champion Investments Limited;<br/>(2) Eminent Gold Investments Limited;<br/>(3) Great Horwood Limited;<br/>(4) Jet Union Development Limited;<br/>(5) New Regent Asia Limited;<br/>(6) Super Record Limited; and<br/>(7) Yiu Wah Lung. | N.A. | N.A.,22.30442439,114.2594245,govt-led,LandsD PR 2012-03-13 'Government to sell two sites by public tender' (raw/sale_regime/gia_prs/),,23936,sq m,4009,HK$/sq ft,yes,https://www.devb.gov.hk/en/publications_and_press_releases/press/index_id_7044.html,"max GFA 23,936 sq m (sale particulars Area 66C1); tenderer (24 May 2012) not located",,,https://www.devb.gov.hk/en/publications_and_press_releases/press/index_id_7044.html | raw/2012-2013/TKOTL114__result.pdf,https://www.devb.gov.hk/en/publications_and_press_releases/press/index_id_7044.html | raw/2012-2013/TKOTL114__result.pdf,https://www.shkp.com/en-US/our-business/hong-kong-properties/residential-for-sale/wings-at-sea-ii | raw/2012-2013/TKOTL114__devname.pdf,match,310,,unit-count cap: not more than 326 flats,http://www.info.gov.hk/gia/general/201205/24/P201205240307.htm,verified,The Wings IIIB,APPROVAL OF DEED OF MUTUAL COVENANT AND MANAGEMENT AGREEMENT | CONSENT TO SELL FOR RESIDENTIAL DEVELOPMENT | WINBOX INVESTMENT LIMITED,Named development,15-Oct-14
2012-2013,24-May-12,tender,STTL 562,"AREA 56A, KAU TO, SHA TIN, NEW TERRITORIES",RESIDENTIAL R3,residential,4680,531.5,,high_verified,KAU TO HIGHLAND,39-77 LAI PING ROAD,SHA TIN TOWN LOT NO. 562,16,Apex Harvest Limited,(1) Acura Enterprises Limited;<br/>(2) Choice Win (H.K.) Limited;<br/>(3) Dragon Mark International Limited;<br/>(4) Easy Success Enterprises Limited;<br/>(5) Ever Merits Investments Limited;<br/>(6) Ever World Limited;<br/>(7) Harvest Fortune Limited;<br/>(8) Manifold Limited;<br/>(9) Max Time Asia Investment Limited;<br/>(10) Mega Island (HK) Limited;<br/>(11) New Solomon Investments Limited;<br/>(12) Real Charm Investment Limited;<br/>(13) Regal Crown Development Limited;<br/>(14) Super Record Limited; and<br/>(15) Yiu Wah Lung. | N.A. | N.A.,22.41393899,114.2012722,govt-led,LandsD PR 2012-03-13 'Government to sell two sites by public tender' (raw/sale_regime/gia_prs/),,,,,,,,not found - awarded 24 May 2012 (Kau To Highland Area 56A); tenderer/max GFA not located,,,https://www.devb.gov.hk/en/publications_and_press_releases/press/index_id_7153.html | raw/2012-2013/STTL562__winner.pdf,https://www.devb.gov.hk/en/publications_and_press_releases/press/index_id_7153.html | raw/2012-2013/STTL562__winner.pdf,https://hk.centanet.com/estate/en/Kau-To-Highland/2-DBEPWPPAPA | raw/2012-2013/STTL562__devname.pdf,unverified,,,,http://www.info.gov.hk/gia/general/201205/24/P201205240307.htm,verified,Kau To Highland | kau to HIGHLAND,APEX HARVEST LIMITED | APPROVAL OF DEED OF MUTUAL COVENANT AND MANAGEMENT AGREEMENT | CONSENT TO SELL FOR RESIDENTIAL DEVELOPMENT,Named development,21-Jul-14
2012-2013,30-May-12,tender,RBL 1190,"DEEP WATER BAY DRIVE, HONG KONG",RESIDENTIAL R3,residential,10249,6000,,high_verified,8 DEEP WATER BAY DRIVE,8 DEEP WATER BAY DRIVE,RURAL BUILDING LOT NO. 1190,9,Cheerwide Investment Limited,(1) Able Brilliant Limited;<br/>(2) Amblegreen Company Limited;<br/>(3) Centre Way Development Limited;<br/>(4) Citigrand Hong Kong Limited;<br/>(5) Hinwood Investment Limited;<br/>(6) Obtain Holdings Limited;<br/>(7) Silver Treasure Investment Limited; and<br/>(8) Up Fair Limited. | N.A. | N.A.,22.25272682,114.1831802,ALS,LandsD PR 2012-04-03 'Sites in Shouson Hill and Peng Chau triggered for publi' (raw/sale_regime/gia_prs/),,23052.26,sq m,24181,HK$/sq ft,yes,https://www.devb.gov.hk/en/publications_and_press_releases/press/index_id_7166.html,Awarded 30 May 2012 Deep Water Bay Drive | REVIEW (Wave2): 8 Deep Water Bay Drive associated with Nan Fung Group.,Cheerwide Investment Limited,other,https://www.devb.gov.hk/en/publications_and_press_releases/press/index_id_7166.html | raw/2012-2013/RBL1190__result.pdf,https://www.devb.gov.hk/en/publications_and_press_releases/press/index_id_7166.html | raw/2012-2013/RBL1190__result.pdf,https://www.nanfung.com/en/property/hong-kong/8-deep-water-bay-drive/ | raw/2012-2013/RBL1190__devname.pdf,match,,,,http://www.info.gov.hk/gia/general/201205/30/P201205300256.htm,verified,8 Deep Water Bay Drive,APPROVAL OF DEED OF MUTUAL COVENANT AND MANAGEMENT AGREEMENT | CHEERWIDE INVESTMENT LIMITED | CONSENT TO SELL FOR RESIDENTIAL DEVELOPMENT,Named development,21-Mar-17
2012-2013,30-May-12,tender,LOT NO. 673 in DD PENG CHAU,"TUNG WAN, PENG CHAU, NEW TERRITORIES",RESIDENTIAL R3,residential,1142.5,15.01,,high_verified,,,LOT NO. 673 IN DEMARCATION DISTRICT PENG CHAU,30,Ocean Gain Construction Limited,"(1) Beacon Hill Garden Limited;<br/>(2) Bright Fame Properties Limited;<br/>(3) Bright Investment Limited;<br/>(4) China Vantage Properties Limited;<br/>(5) Chung King Wah;<br/>(6) Gain Insight Investment Limited;<br/>(7) Golden Grace Limited;<br/>(8) Gold Time Corporation Limited;<br/>(9) Good Master Engineering Limited;<br/>(10) Harbour Link Development Limited;<br/>(11) Hong Kong Universal Real Estate Investment Limited;<br/>(12) Joint Rise Development Limited;<br/>(13) Kai Hing Carpark Company Limited;<br/>(14) Konwo Modular House Limited and Polydom Limited;<br/>(15) Koon Yau Fai Brian, Kan Kwok Shing Samson, Kan Kwok On & Lam Hok Hin Edward;<br/>(16) Leco International Property Development Limited;<br/>(17) New Hero Properties Limited;<br/>(18) Nice Trend Properties Limited;<br/>(19) Pentac Engineering Services Limited;<br/>(20) Profit Villa International Limited;<br/>(21) Queensway (Hong Kong) Limited;<br/>(22) Regal Chance Investment Limited;<br/>(23) RISA Development & Investment Limited;<br/>(24) Santorini Sunrise Limited;<br/>(25) Silver Lipton Corporation Limited;<br/>(26) Sunny Gold Development Limited;<br/>(27) Ultratek System Limited;<br/>(28) Well Power Electronics Limited; and<br/>(29) Wing Cheong Landscape Limited. | N.A. | N.A.",22.2862759,114.0393781,ALS,LandsD PR 2012-04-03 'Sites in Shouson Hill and Peng Chau triggered for publi' (raw/sale_regime/gia_prs/),,856.8,sq m,1628,HK$/sq ft,yes,https://www.devb.gov.hk/en/publications_and_press_releases/press/index_id_7166.html,Awarded 30 May 2012 Tung Wan Peng Chau,Ocean Gain Construction Limited,other,https://www.devb.gov.hk/en/publications_and_press_releases/press/index_id_7166.html | raw/2012-2013/LOTNO673INDDPENGCHAU__result.pdf,https://www.devb.gov.hk/en/publications_and_press_releases/press/index_id_7166.html | raw/2012-2013/LOTNO673INDDPENGCHAU__result.pdf,,,,,,http://www.info.gov.hk/gia/general/201205/30/P201205300256.htm,verified,,APPROVAL OF DEED OF MUTUAL COVENANT AND MANAGEMENT AGREEMENT,Pending,
2012-2013,11-Jul-12,tender,IL 9027,"JAVA ROAD AND TIN CHIU STREET, NORTH POINT, HONG KONG",RESIDENTIAL AND COMMERCIAL,commercial_residential_mixed,23400,6910,,high_verified,,,INLAND LOT NO. 9027,7,Choice Win (H.K.) Limited,(1) Able Brilliant Limited;<br/>(2) Crown Treasure Investments Limited;<br/>(3) Ever Merits Investments Limited;<br/>(4) HLP Asia Limited;<br/>(5) iCare. com Limited; and<br/>(6) United Best Hong Kong Limited. | N.A. | N.A.,22.2930232,114.2011834,govt-led,LandsD PR 2012-04-27 'Government to sell site in North Point by public tender' (raw/sale_regime/gia_prs/),,83675,sq m,7672,HK$/sq ft,yes,https://www.info.gov.hk/gia/general/201207/11/P201207110363.htm,Awarded 11 Jul 2012 Java Rd North Point,Choice Win (H.K.) Limited,other,https://www.info.gov.hk/gia/general/201207/11/P201207110363.htm | raw/2012-2013/IL9027__result.pdf,https://www.info.gov.hk/gia/general/201207/11/P201207110363.htm | raw/2012-2013/IL9027__result.pdf,,,700,,,http://www.info.gov.hk/gia/general/201207/11/P201207110365.htm,verified,Victoria Harbour Development | Victoria Harbour Development (Phase 1B) | Victoria Harbour Development (Phase 2A) | Victoria Harbour Development (Phase 2B-1&2) | Victoria Harbour Development (Phase 2B-2 and Phase 2B-3) | Victoria Harbour Development (Phase 2B-2) | Victoria Harbour Development (Phase 2B-3),APPROVAL OF DEED OF MUTUAL COVENANT AND MANAGEMENT AGREEMENT | APPROVAL OF SUB-DEED OF MUTUAL COVENANT AND MANAGEMENT AGREEMENT | CHOICE WIN (H.K.) LIMITED | CONSENT TO ASSIGN FOR RESIDENTIAL DEVELOPMENT | CONSENT TO ASSIGN FOR RESIDENTIAL DEVELOPMENT AND NON-RESIDENTIAL DEVELOPMENT | CONSENT TO SELL FOR RESIDENTIAL DEVELOPMENT,Named development,20 May 2020 | 8 May 2020 | 9 June 2017
2012-2013,1-Aug-12,tender,TKOTL 115,"AREA 66D1, TSEUNG KWAN O, NEW TERRITORIES",RESIDENTIAL R2,residential,5026,1168.933,,high_verified,TWIN PEAKS,9 CHI SHIN STREET,TSEUNG KWAN O TOWN LOT NO. 115,7,New Regent Asia Limited,(1) Ever Merits Investments Limited;<br/>(2) Hinwood Investment Limited;<br/>(3) Joint Rise Development Limited;<br/>(4) Lucrative Venture Limited;<br/>(5) Rich Will Investment Limited; and<br/>(6) Smart Base Holdings Limited. | N.A. | N.A.,22.30442367,114.260822,govt-led,LandsD PR 2012-05-25 'Government to sell site in Tseung Kwan O by public tend' (raw/sale_regime/gia_prs/),,27643,sq m,3929,HK$/sq ft,yes,https://www.devb.gov.hk/en/publications_and_press_releases/press/index_id_7292.html,Awarded 1 Aug 2012 Area 66D1 (Twin Peaks),New Regent Asia Limited,other,https://www.devb.gov.hk/en/publications_and_press_releases/press/index_id_7292.html | raw/2012-2013/TKOTL115__result.pdf,https://www.devb.gov.hk/en/publications_and_press_releases/press/index_id_7292.html | raw/2012-2013/TKOTL115__result.pdf,https://hk.centanet.com/estate/en/Twin-Peaks/2-YAPPWWPRWY | raw/2012-2013/TKOTL115__devname.pdf,match,360,,unit-count cap: not more than 378 flats,http://www.info.gov.hk/gia/general/201208/01/P201208010394.htm,verified,Twin Peaks,APPROVAL OF DEED OF MUTUAL COVENANT AND MANAGEMENT AGREEMENT | CONSENT TO SELL FOR RESIDENTIAL DEVELOPMENT | NEW REGENT ASIA LIMITED,Named development,16-Mar-15
2012-2013,9-Aug-12,tender,TYTL 183,"NO. 171 TSING YI ROAD WEST, TSING YI, NEW TERRITORIES",PETROL FILLING STATION,petrol_or_ev,2124,259.109,,high_verified,,,TSING YI TOWN LOT NO. 183,3,Chevron Hong Kong Limited,(1) Petrochina International (Hong Kong) Corporation Limited; and<br/>(2) Sinopec (Hong Kong) Limited. | N.A. | N.A.,22.35496195,114.0991972,govt-led,specialist tender outside Application List (use=PETROL FILLING STATION); such sites never on the AL,,,,,,,,"not found - petrol filling station 171 Tsing Yi Rd West, 9 Aug 2012; tenderer/max GFA not located",,,https://www.devb.gov.hk/en/publications_and_press_releases/press/index_id_7302.html | raw/2012-2013/TYTL183__winner.pdf,https://www.devb.gov.hk/en/publications_and_press_releases/press/index_id_7302.html | raw/2012-2013/TYTL183__winner.pdf,,,,,,,,,,No consent,
2012-2013,30-Aug-12,tender,STTL 567,"AREA 56A, KAU TO, SHA TIN, NEW TERRITORIES",RESIDENTIAL R3,residential,19700,3038,,high_verified,LA VETTA,68 LAI PING ROAD,SHA TIN TOWN LOT NO. 567,10,Mega Island (HK) Limited,(1) City Champion Investments Limited;<br/>(2) Ever Merits Investments Limited;<br/>(3) Excelsior Mark Limited;<br/>(4) Great Alliance Limited;<br/>(5) Great Team Development Limited;<br/>(6) Lucrative Venture Limited;<br/>(7) Smart Base Holdings Limited;<br/>(8) Smart Champion (Hong Kong) Limited; and<br/>(9) Team China Limited. | N.A. | N.A.,22.41402008,114.2024766,govt-led,LandsD PR 2012-06-22 'Government to sell two sites by public tender' (raw/sale_regime/gia_prs/),,29550,sq m,9551,HK$/sq ft,yes,https://www.info.gov.hk/gia/general/201208/30/P201208300447.htm,Awarded 30 Aug 2012 Area 56A Kau To (La Vetta),Mega Island (HK) Limited,other,https://www.info.gov.hk/gia/general/201208/30/P201208300447.htm | raw/2012-2013/STTL567__result.pdf,https://www.info.gov.hk/gia/general/201208/30/P201208300447.htm | raw/2012-2013/STTL567__result.pdf,https://www.wingtaiproperties.com/en-US/property_developments/detail/14 | raw/2012-2013/STTL567__devname.pdf,match,,,,http://www.info.gov.hk/gia/general/201208/30/P201208300449.htm,verified,La Vetta,MEGA ISLAND (HK) LIMITED,Named development,27-Nov-17
2012-2013,30-Aug-12,tender,LOT NO. 678 in DD PENG CHAU,"PENG LEI ROAD, PENG CHAU, NEW TERRITORIES",RESIDENTIAL AND COMMERCIAL,commercial_residential_mixed,5200,80.8,,high_verified,,,LOT NO. 678 IN DEMARCATION DISTRICT PENG CHAU,8,Well Power Electronics Limited,(1) Capital Faith (Hong Kong) Limited;<br/>(2) Era International Investment Limited;<br/>(3) Global Gain Investment Limited;<br/>(4) Golden Nice Development Limited;<br/>(5) HKR Properties Limited;<br/>(6) Prosper Win Limited; and<br/>(7) Smooth Sky Development Limited. | N.A. | N.A.,22.28778166,114.0361989,govt-led,LandsD PR 2012-06-22 'Government to sell two sites by public tender' (raw/sale_regime/gia_prs/),,5200,sq m,1444,HK$/sq ft,yes,https://www.info.gov.hk/gia/general/201208/30/P201208300447.htm,"Awarded 30 Aug 2012 Peng Chau; max GFA 5,200 sq m total",Well Power Electronics Limited,other,https://www.info.gov.hk/gia/general/201208/30/P201208300447.htm | raw/2012-2013/LOTNO678INDDPENGCHAU__result.pdf,https://www.info.gov.hk/gia/general/201208/30/P201208300447.htm | raw/2012-2013/LOTNO678INDDPENGCHAU__result.pdf,,,,,,http://www.info.gov.hk/gia/general/201208/30/P201208300449.htm,verified,Treasure Cove I,APPROVAL OF DEED OF MUTUAL COVENANT AND MANAGEMENT AGREEMENT,Named development,
2012-2013,28-Sep-12,tender,TKOTL 117,"AREA 66C2, TSEUNG KWAN O, NEW TERRITORIES",RESIDENTIAL R3,residential,12915,2285,,high_verified,CORINTHIA BY THE SEA,23 TONG YIN STREET,TSEUNG KWAN O TOWN LOT NO. 117,8,Jet Union Development Limited,(1) Firstway Holdings Limited;<br/>(2) Great Horwood Limited;<br/>(3) Great Team Development Limited;<br/>(4) Hinwood Investment Limited;<br/>(5) Lucrative Venture Limited;<br/>(6) Rich View Investments Limited; and<br/>(7) Team China Limited. | N.A. | N.A.,22.30353038,114.2593949,govt-led,LandsD PR 2012-07-18 'Government to sell two sites by public tender' (raw/sale_regime/gia_prs/),Sino Land Company Limited,,,,,unverified,https://www.sino.com/en/media-centre/press-release/2015/tseung-kwan-o-world-class-seaside-resort-living-corinthia-by-the-sea-to-be-launched-soon/,"Awarded 28 Sep 2012 Area 66C2 (Corinthia By The Sea); developer Sino Land/Jet Union per LandsD vendor records; premium HK$2,285M; max GFA not from primary press",Sino Land,local_major,https://www.devb.gov.hk/en/publications_and_press_releases/press/index_id_7382.html | raw/2012-2013/TKOTL117__winner.pdf,https://www.devb.gov.hk/en/publications_and_press_releases/press/index_id_7382.html | raw/2012-2013/TKOTL117__winner.pdf,https://www.sino.com/en/media-centre/press-release/2015/tseung-kwan-o-world-class-seaside-resort-living-corinthia-by-the-sea-to-be-launched-soon/ | raw/2012-2013/TKOTL117__news.pdf,unverified,520,,unit-count cap: not more than 546 flats,http://www.info.gov.hk/gia/general/201209/28/P201209280477.htm,verified,CORINTHIA BY THE SEA | Corinthia By The Sea,APPROVAL OF DEED OF MUTUAL COVENANT AND MANAGEMENT AGREEMENT | CONSENT TO SELL FOR NON-RESIDENTIAL DEVELOPMENT | CONSENT TO SELL FOR RESIDENTIAL DEVELOPMENT | JET UNION DEVELOPMENT LIMITED,Named development,30 November 2016 | 8 June 2015
2012-2013,28-Sep-12,tender,LOT NO. 674 in DD PENG CHAU,"TUNG WAN, PENG CHAU, NEW TERRITORIES",RESIDENTIAL R3,residential,1780.3,31,,high_verified,,,LOT NO. 674 IN DEMARCATION DISTRICT PENG CHAU,3,Smart Champion (Hong Kong) Limited,(1) Beacon Hill Garden Limited; and<br/>(2) Golden Succeed (Asia) Limited. | N.A. | N.A.,22.28688555,114.0394796,govt-led,LandsD PR 2012-07-18 'Government to sell two sites by public tender' (raw/sale_regime/gia_prs/),,,,,,,,not found - awarded 28 Sep 2012 Tung Wan Peng Chau; tenderer/max GFA not located,,,,,,unverified,,,,http://www.info.gov.hk/gia/general/201209/28/P201209280477.htm,verified,,,No consent,
2012-2013,7-Nov-12,tender,TKOTL 118,"AREA 66D2, TSEUNG KWAN O, NEW TERRITORIES",RESIDENTIAL R3,residential,14954,2545,,high_verified,OCEAN WINGS,28 TONG CHUN STREET,TSEUNG KWAN O TOWN LOT NO. 118,7,Hinwood Investment Limited,(1) Eminent Gold Investments Limited;<br/>(2) Ever Crown Development Limited;<br/>(3) Ever Merits Investments Limited;<br/>(4) Lucrative Venture Limited;<br/>(5) Royal Mark Investments Limited; and<br/>(6) Silver King Investments Limited. | N.A. | N.A.,22.30352963,114.2608603,govt-led,LandsD PR 2012-08-22 'Government to sell two sites by public tender' (raw/sale_regime/gia_prs/),Sun Hung Kai Properties Limited,,,,,unverified,https://www.scmp.com/special-reports/property/topics/weekend-property/article/2059925/smart-customers-drawn-tseung-kwan-o,"Awarded 7 Nov 2012 Area 66D2 (Ocean Wings); developer SHKP per company/SCMP; premium HK$2,545M; max GFA not from primary press",Sun Hung Kai Properties,local_major,https://www.devb.gov.hk/en/publications_and_press_releases/press/index_id_7469.html | raw/2012-2013/TKOTL118__winner.pdf,https://www.devb.gov.hk/en/publications_and_press_releases/press/index_id_7469.html | raw/2012-2013/TKOTL118__winner.pdf,https://www.scmp.com/special-reports/property/topics/weekend-property/article/2059925/smart-customers-drawn-tseung-kwan-o | raw/2012-2013/TKOTL118__news.pdf,unverified,600,,unit-count cap: not more than 630 flats,http://www.info.gov.hk/gia/general/201211/07/P201211070480.htm,verified,Ocean Wings,APPROVAL OF DEED OF MUTUAL COVENANT AND MANAGEMENT AGREEMENT | CONSENT TO SELL FOR RESIDENTIAL DEVELOPMENT | HINWOOD INVESTMENT LIMITED,Named development,10-Mar-16
2012-2013,7-Nov-12,tender,STTL 574,"CHOI SHA STREET, LOK WO SHA, MA ON SHAN, SHA TIN, NEW TERRITORIES",RESIDENTIAL R2,residential,14400,2901,,high_verified,SEANORAMA,1 CHOI SHA STREET,SHA TIN TOWN LOT NO. 574,9,Crown Treasure Investments Limited,(1) Acmax Enterprises Limited;<br/>(2) Amblegreen Company Limited;<br/>(3) Autumn Fortune Limited;<br/>(4) Great Alliance Limited;<br/>(5) Manful Global Development Limited;<br/>(6) Noble Perfect Investments Limited;<br/>(7) Team China Limited; and<br/>(8) Vicper Holdings Limited. | N.A. | N.A.,22.4326204,114.2429478,govt-led,LandsD PR 2012-08-22 'Government to sell two sites by public tender' (raw/sale_regime/gia_prs/),Cheung Kong (Holdings) Limited,52219,"sq m (approx; ~562,171 sq ft per press)",5161,HK$/sq ft,unverified,https://www.skyscrapercity.com/threads/hong-kong-shatin-and-ma-on-shan-district-developments.862092/,"Awarded 7 Nov 2012 Lok Wo Sha Ma On Shan (Seanorama); developer Cheung Kong; premium HK$2,901M; GFA ~562,171 sq ft (approx)",CK Asset (Cheung Kong),local_major,https://www.devb.gov.hk/en/publications_and_press_releases/press/index_id_7469.html | raw/2012-2013/STTL574__winner.pdf,https://www.devb.gov.hk/en/publications_and_press_releases/press/index_id_7469.html | raw/2012-2013/STTL574__winner.pdf,https://www.skyscrapercity.com/threads/hong-kong-shatin-and-ma-on-shan-district-developments.862092/ | raw/2012-2013/STTL574__news.pdf,match,440,,unit-count cap: not more than 463 flats,http://www.info.gov.hk/gia/general/201211/07/P201211070480.htm,verified,Seanorama,CROWN TREASURE INVESTMENTS LIMITED,Named development,16-Jan-17
2012-2013,28-Nov-12,tender,TKOTL 95,"AREA 68A2, TSEUNG KWAN O, NEW TERRITORIES",RESIDENTIAL R3,residential,21306,2826,,high_verified,ALTO RESIDENCES,29 TONG YIN STREET,TSEUNG KWAN O TOWN LOT NO. 95,6,Strongly Limited,(1) City Champion Investments Limited;<br/>(2) Ever Merits Investments Limited;<br/>(3) Long Kinetic Limited;<br/>(4) Lucrative Venture Limited; and<br/>(5) Royal Mark Investments Limited. | N.A. | N.A.,22.30244731,114.2582005,govt-led,LandsD PR 2012-09-25 'Government to sell two sites by public tender' (raw/sale_regime/gia_prs/),,53265,sq m,4929,HK$/sq ft,yes,https://www.devb.gov.hk/en/publications_and_press_releases/press/index_id_7526.html,Awarded 28 Nov 2012 Area 68A2 (Alto Residences),Strongly Limited,other,https://www.devb.gov.hk/en/publications_and_press_releases/press/index_id_7526.html | raw/2012-2013/TKOTL95__result.pdf,https://www.devb.gov.hk/en/publications_and_press_releases/press/index_id_7526.html | raw/2012-2013/TKOTL95__result.pdf,https://hk.centanet.com/estate/en/Alto-Residences/2-YASPWPPJPY | raw/2012-2013/TKOTL95__devname.pdf,match,535,,,http://www.info.gov.hk/gia/general/201211/28/P201211280439.htm,verified,Alto Residences | Alto Residences (Commercial Accommodation),APPROVAL OF DEED OF MUTUAL COVENANT AND MANAGEMENT AGREEMENT | APPROVAL OF SUB-DEED OF MUTUAL COVENANT | CONSENT TO SELL FOR RESIDENTIAL DEVELOPMENT | STRONGLY LIMITED,Named development,8-Sep-16
2012-2013,28-Nov-12,tender,NKIL 6311,"JUNCTION OF SHEUNG YUET ROAD, WANG TAI ROAD AND WANG YUEN STREET, KOWLOON BAY, KOWLOON",BUSINESS,commercial,2579,1818.3,,high_verified,,,NEW KOWLOON INLAND LOT NO. 6311,20,Sanefire Company Limited,"(1) Amblegreen Company Limited;<br/>(2) Bravo Partner Limited;<br/>(3) Clear Gain Investments Limited;<br/>(4) Eldridge Investments Limited;<br/>(5) Globaluck Limited;<br/>(6) Manful Global Development Limited;<br/>(7) Mass Perfect Limited;<br/>(8) Mass Treasure Limited;<br/>(9) Noble Perfect Investments Limited;<br/>(10) Obtain Holdings Limited;<br/>(11) Rich Will Investment Limited;<br/>(12) Sky Vision Development Limited;<br/>(13) Smart Touch Investments Limited;<br/>(14) Star Profit Industries Limited;<br/>(15) Team China Limited;<br/>(16) The Dragon Seed Company, Limited;<br/>(17) Unique Talent Investments Limited;<br/>(18) Winstead Limited; and<br/>(19) Wolfman Developments Limited. | N.A. | N.A.",22.32143762,114.2100013,govt-led,LandsD PR 2012-09-25 'Government to sell two sites by public tender' (raw/sale_regime/gia_prs/),,30948,sq m,5458,HK$/sq ft,yes,https://www.devb.gov.hk/en/publications_and_press_releases/press/index_id_7526.html,Awarded 28 Nov 2012 Kowloon Bay business,Sanefire Company Limited,other,https://www.devb.gov.hk/en/publications_and_press_releases/press/index_id_7526.html | raw/2012-2013/NKIL6311__result.pdf,https://www.devb.gov.hk/en/publications_and_press_releases/press/index_id_7526.html | raw/2012-2013/NKIL6311__result.pdf,,match,,,,,,,,No consent,
2012-2013,13-Dec-12,tender,TKOTL 125,"AREA 68A1, TSEUNG KWAN O, NEW TERRITORIES",RESIDENTIAL R3,residential,15969,1968,,high_verified,CAPRI,33 TONG YIN STREET,TSEUNG KWAN O TOWN LOT NO. 125,6,Amblegreen Company Limited,(1) Asian View Development Limited;<br/>(2) Great Alliance Limited;<br/>(3) Rich Group Investments Limited;<br/>(4) Royal Mark Investments Limited; and<br/>(5) Vicper Holdings Limited. | N.A. | N.A.,22.30256518,114.2572495,govt-led,LandsD PR 2012-10-12 'Government to sell two sites by public tender' (raw/sale_regime/gia_prs/),Wheelock Properties Limited,,,,,unverified,https://www.wheelockcompany.com/investors/2012/04%20Business%20and%20Financial%20Review.pdf,"Awarded 13 Dec 2012 Area 68A1 (Capri); developer Wheelock; premium HK$1,968M; tenderer SPV/max GFA not from primary press",Wheelock/Wharf,local_major,https://www.devb.gov.hk/en/publications_and_press_releases/press/index_id_7557.html | raw/2012-2013/TKOTL125__winner.pdf,https://www.devb.gov.hk/en/publications_and_press_releases/press/index_id_7557.html | raw/2012-2013/TKOTL125__winner.pdf,https://www.wheelockcompany.com/investors/2012/04%20Business%20and%20Financial%20Review.pdf | raw/2012-2013/TKOTL125__news.pdf,,400,,,http://www.info.gov.hk/gia/general/201212/13/P201212130437.htm,verified,Capri,AMBLEGREEN COMPANY LIMITED | APPROVAL OF DEED OF MUTUAL COVENANT AND MANAGEMENT AGREEMENT | CONSENT TO SELL FOR NON-RESIDENTIAL DEVELOPMENT | CONSENT TO SELL FOR RESIDENTIAL DEVELOPMENT,Named development,19 October 2015 | 30 April 2017 | N.A.
2012-2013,13-Dec-12,tender,KIL 11229,"KWUN CHUNG STREET, KOWLOON",RESIDENTIAL R1,residential,271.3,193.746288,,high_verified,THE PASEO,7 KWUN CHUNG STREET,KOWLOON INLAND LOT NO. 11229,14,Keen Access Holdings Limited,(1) Billion Silver (Hong Kong) Limited;<br/>(2) Bright Up Corporation Limited;<br/>(3) HKR Properties Limited;<br/>(4) Jarton Limited;<br/>(5) Lucrative Venture Limited;<br/>(6) Manful Global Development Limited;<br/>(7) New Rich Investments Limited;<br/>(8) On Union Development Limited;<br/>(9) Perfect Horizon Limited;<br/>(10) Star Yield Investments Limited;<br/>(11) Success Sky Development Limited;<br/>(12) Vincent Limited; and<br/>(13) Wise Land Investments Limited. | N.A. | N.A.,22.30352408,114.1685282,govt-led,LandsD PR 2012-10-12 'Government to sell two sites by public tender' (raw/sale_regime/gia_prs/),Kerry Properties Limited,,,,,,,"not found (primary) - awarded 13 Dec 2012 Kwun Chung St (The Paseo); developer Kerry Properties; premium HK$193.7M; tenderer SPV/max GFA not located | REVIEW (Wave2): The Paseo developer may be Rykadan Capital, not Kerry Properties.",Kerry Properties,local_major,https://www.devb.gov.hk/en/publications_and_press_releases/press/index_id_7557.html | raw/2012-2013/KIL11229__winner.pdf,https://www.devb.gov.hk/en/publications_and_press_releases/press/index_id_7557.html | raw/2012-2013/KIL11229__winner.pdf,https://hk.centanet.com/estate/en/The-Paseo/2-ESPPWWPYWS | raw/2012-2013/KIL11229__devname.pdf,,,,,http://www.info.gov.hk/gia/general/201212/13/P201212130437.htm,verified,The Paseo,APPROVAL OF DEED OF MUTUAL COVENANT AND MANAGEMENT AGREEMENT | CONSENT TO SELL FOR COMMERCIAL DEVELOPMENT | CONSENT TO SELL FOR RESIDENTIAL DEVELOPMENT | KEEN ACCESS HOLDINGS LIMITED,Named development,24 July 2015 | 31 March 2017
2012-2013,9-Jan-13,tender,STTL 565,"AREA 56A, KAU TO, SHA TIN, NEW TERRITORIES",RESIDENTIAL R3,residential,8590,1466.888888,,high_verified,LE CAP,83 LAI PING ROAD,SHA TIN TOWN LOT NO. 565,10,Bravo Partner Limited,"(1) A & F Property Development Company Limited;<br/>(2) Art Champion Investment Limited;<br/>(3) Best Review Investments Limited;<br/>(4) Globaluck Limited;<br/>(5) Manful Global Development Limited;<br/>(6) Precise Treasure Limited;<br/>(7) Star Yield Investments Limited;<br/>(8) The Dragon Seed Company, Limited; and<br/>(9) Wise Land Investments Limited. | N.A. | N.A.",22.41563693,114.1998448,govt-led,LandsD PR 2012-11-05 'Government to sell two sites by public tender' (raw/sale_regime/gia_prs/),,13228,sq m,10302,HK$/sq ft,yes,https://www.devb.gov.hk/en/publications_and_press_releases/press/index_id_7591.html,Awarded 9 Jan 2013 Area 56A Kau To (Le Cap),Bravo Partner Limited,other,https://www.devb.gov.hk/en/publications_and_press_releases/press/index_id_7591.html | raw/2012-2013/STTL565__result.pdf,https://www.devb.gov.hk/en/publications_and_press_releases/press/index_id_7591.html | raw/2012-2013/STTL565__result.pdf,https://hk.centanet.com/estate/en/Le%20Cap/2-DBEPWPPYPA | raw/2012-2013/STTL565__devname.pdf,,,,,http://www.info.gov.hk/gia/general/201301/09/P201301090495.htm,verified,Le Cap,BRAVO PARTNER LIMITED,Named development,15-Sep-17
2012-2013,9-Jan-13,tender,LOT NO. 1949 in DD 221,"SHA KOK MEI, SAI KUNG, NEW TERRITORIES",RESIDENTIAL R3,residential,15430,1455,,high_verified,THE MEDITERRANEAN,8 TAI MONG TSAI ROAD,LOT NO. 1949 IN DEMARCATION DISTRICT NO. 221,14,Asian View Development Limited,(1) Acmax Enterprises Limited;<br/>(2) Bright Arise Limited;<br/>(3) Charm City Investments Limited;<br/>(4) Classic Gold Holdings Limited;<br/>(5) Clear Gain Investments Limited;<br/>(6) Earn Crown Investment Limited;<br/>(7) Ever Merits Investments Limited;<br/>(8) Lucrative Venture Limited;<br/>(9) Royal Mark Investments Limited;<br/>(10) Smart Touch Investments Limited;<br/>(11) Smart Tycoon Limited;<br/>(12) Star Winner Enterprises Limited; and<br/>(13) Truelink Limited. | N.A. | N.A.,22.38594877,114.2722011,govt-led,LandsD PR 2012-11-05 'Government to sell two sites by public tender' (raw/sale_regime/gia_prs/),,23145,sq m,5840,HK$/sq ft,yes,https://www.devb.gov.hk/en/publications_and_press_releases/press/index_id_7591.html,Awarded 9 Jan 2013 Sha Kok Mei Sai Kung (The Mediterranean),Asian View Development Limited,other,https://www.devb.gov.hk/en/publications_and_press_releases/press/index_id_7591.html | raw/2012-2013/LOTNO1949INDD221__result.pdf,https://www.devb.gov.hk/en/publications_and_press_releases/press/index_id_7591.html | raw/2012-2013/LOTNO1949INDD221__result.pdf,https://hk.centanet.com/estate/en/The-Mediterranean/2-YEPPWPPEPY | raw/2012-2013/LOTNO1949INDD221__devname.pdf,,240,,,http://www.info.gov.hk/gia/general/201301/09/P201301090495.htm,verified,The Mediterranean,APPROVAL OF DEED OF MUTUAL COVENANT AND MANAGEMENT AGREEMENT | ASIAN VIEW DEVELOPMENT LIMITED | CONSENT TO SELL FOR RESIDENTIAL DEVELOPMENT,Named development,10-Dec-15
2012-2013,30-Jan-13,tender,TMTL 427,"SO KWUN WAT ROAD, AREA 56, SO KWUN WAT, TUEN MUN, NEW TERRITORIES",RESIDENTIAL R3,residential,26934,1388,,high_verified,NAPA,88 SO KWUN WAT ROAD,TUEN MUN TOWN LOT NO. 427,9,Wascott Property Limited,(1) Clear Gain Investments Limited;<br/>(2) Great Alliance Limited;<br/>(3) Landwood Investment Limited;<br/>(4) Lucrative Venture Limited;<br/>(5) Manful Global Development Limited;<br/>(6) Mega Earn Corporation Limited;<br/>(7) Rich Group Investments Limited; and<br/>(8) Wise Land Investments Limited. | N.A. | N.A.,22.37312763,114.0018186,govt-led,LandsD PR 2012-11-26 'Government to sell site in Tuen Mun by public tender' (raw/sale_regime/gia_prs/),,35014,sq m,3683,HK$/sq ft,yes,https://www.info.gov.hk/gia/general/201301/30/P201301300486.htm,Awarded 30 Jan 2013 So Kwun Wat (Napa),Wascott Property Limited,other,https://www.info.gov.hk/gia/general/201301/30/P201301300486.htm | raw/2012-2013/TMTL427__result.pdf,https://www.info.gov.hk/gia/general/201301/30/P201301300486.htm | raw/2012-2013/TMTL427__result.pdf,https://www.wheelockpropertieshk.com/en-US/properties/content/34 | raw/2012-2013/TMTL427__devname.pdf,,460,,unit-count cap: not more than 480 flats,http://www.info.gov.hk/gia/general/201301/30/P201301300488.htm,verified,NAPA,APPROVAL OF DEED OF MUTUAL COVENANT AND MANAGEMENT AGREEMENT | CONSENT TO SELL FOR RESIDENTIAL DEVELOPMENT | WASCOTT PROPERTY LIMITED,Named development,5-Oct-16
2012-2013,13-Mar-13,tender,AIL 458,"NAM FUNG PATH, HONG KONG",HOSPITAL,institutional_public,27500,1688,,high_verified,,,ABERDEEN INLAND LOT NO. 458,3,GHK Hospital Limited,N.A. | N.A. | N.A.,22.25178775,114.1766803,govt-led,LandsD PR 2012-04-13 'Tenders invited on sale of land for private hospital de' (raw/sale_regime/gia_prs/),Parkway Pantai Limited / NWS Holdings Limited,,,,,yes,https://www.info.gov.hk/gia/general/201303/13/P201303130390.htm,"Awarded 13 Mar 2013 Nam Fung Path private hospital; premium HK$1,688M; total max GFA not stated",Parkway Pantai Limited + NWS Holdings Limited,consortium,https://www.info.gov.hk/gia/general/201303/13/P201303130390.htm | raw/2012-2013/AIL458__result.pdf,https://www.info.gov.hk/gia/general/201303/13/P201303130390.htm | raw/2012-2013/AIL458__result.pdf,,,,,,,,,,No consent,
2012-2013,13-Mar-13,tender,TPTL 207,"CHUEN ON ROAD, TAI PO",HOSPITAL,institutional_public,,,yes,high_verified,,,TAI PO TOWN LOT NO. 207,---------,---------,--------- | N.A. | TENDER WITHDRAWN ON 13 MARCH 2013,22.46363163,114.1765142,govt-led,LandsD PR 2012-04-13 'Tenders invited on sale of land for private hospital de' (raw/sale_regime/gia_prs/),,,,,,,,,,,,,,,,,,,,,,No consent,
2012-2013,13-Mar-13,tender,KIL 11227,"JUNCTION OF SHEUNG LOK STREET AND SHEUNG SHING STREET, HO MAN TIN, KOWLOON",RESIDENTIAL R2,residential,24077,11687.88,,high_verified,MANTIN HEIGHTS,28 SHEUNG SHING STREET,KOWLOON INLAND LOT NO. 11227,6,Classic Gold Holdings Limited (Kerry Properties Limited),(1) Ever Merits Investments Limited (Wheelock Properties Limited);<br/>(2) Fortune Top Development Limited (Henderson Land Development Company Limited);<br/>(3) Joint Rise Development Limited (Sino Land Company Limited);<br/>(4) Silver King Investments Limited (Cheung Kong (Holdings) Limited); and<br/>(5) Truelink Limited (Sun Hung Kai Properties Limited). | N.A. | N.A.,22.31828925,114.1820864,govt-led,LandsD PR 2012-12-28 'Government to sell two sites by public tender' (raw/sale_regime/gia_prs/),Kerry Properties Limited,106110,sq m,10233,HK$/sq ft,yes,https://www.devb.gov.hk/en/publications_and_press_releases/press/index_id_7728.html,Awarded 13 Mar 2013 Ho Man Tin (Mantin Heights),Kerry Properties,local_major,https://www.devb.gov.hk/en/publications_and_press_releases/press/index_id_7728.html | raw/2012-2013/KIL11227__result.pdf,https://www.devb.gov.hk/en/publications_and_press_releases/press/index_id_7728.html | raw/2012-2013/KIL11227__result.pdf,https://www.kerryprops.com/en/property-details/22/ho-man-tin-project | raw/2012-2013/KIL11227__devname.pdf,,,,,http://www.info.gov.hk/gia/general/201303/13/P201303130501.htm,verified,Mantin Heights,APPROVAL OF DEED OF MUTUAL COVENANT AND MANAGEMENT AGREEMENT | CLASSIC GOLD HOLDINGS LIMITED | CONSENT TO SELL FOR RESIDENTIAL DEVELOPMENT,Named development,14-Mar-16
2012-2013,13-Mar-13,tender,TCTL 11,"JUNCTION OF TAT TUNG ROAD AND MEI TUNG STREET, TUNG CHUNG, NEW TERRITORIES",COMMERCIAL,commercial,10026,2328,,high_verified,,,TUNG CHUNG TOWN LOT NO. 11,9,Project Success Global Limited (Newfoundworld Investment Holdings Limited),(1) Leader Dynamic Limited (Lifestyle International Holdings Limited);<br/>(2) Rich Will Investment Limited (Cheung Kong (Holdings) Limited);<br/>(3) Sky Vision Development Limited (Sino Land Company Limited);<br/>(4) Smart Base Holdings Limited (Synergy City Investments Limited);<br/>(5) Smart Touch Investments Limited;<br/>(6) Star Winner Enterprises Limited (ITC Properties Group Limited and Shaw Holdings Inc.);<br/>(7) Trillion Best Limited (Dorsett Hospitality International Limited); and<br/>(8) Wealthy Bay Limited (The Wharf (Holdings) Limited). | N.A. | N.A.,22.29000417,113.9399338,govt-led,LandsD PR 2012-12-28 'Government to sell two sites by public tender' (raw/sale_regime/gia_prs/),Newfoundworld Investment Holdings Limited,50130,sq m,4314,HK$/sq ft,yes,https://www.devb.gov.hk/en/publications_and_press_releases/press/index_id_7728.html,Awarded 13 Mar 2013 Tung Chung commercial,Newfoundworld Investment Holdings Limited,other,https://www.devb.gov.hk/en/publications_and_press_releases/press/index_id_7728.html | raw/2012-2013/TCTL11__result.pdf,https://www.devb.gov.hk/en/publications_and_press_releases/press/index_id_7728.html | raw/2012-2013/TCTL11__result.pdf,,,,,,,,Citygate,APPROVAL OF DEED OF MUTUAL COVENANT AND MANAGEMENT AGREEMENT,Named development,
2012-2013,27-Mar-13,tender,IL 9020,"NORTH POINT ESTATE LANE AND SHU KUK STREET, NORTH POINT, HONG KONG",HOTEL,hotel,5369,2722,,high_verified,,,INLAND LOT NO. 9020,11,Long Kinetic Limited (Sun Hung Kai Properties Limited),(1) Big Right Investment Limited (Emperor International Holdings Limited);<br/>(2) Capital Court Limited (Lai Sun Development Company Limited);<br/>(3) City Champion Investments Limited (Cheung Kong (Holdings) Limited);<br/>(4) Clear Gain Investments Limited (Sardimar Limited);<br/>(5) Dragon Star HK Investments Limited (K Wah International Holdings Limited);<br/>(6) Joint Rise Development Limited (Sino Land Company Limited);<br/>(7) Magic Energy Limited (Great Eagle Holdings Limited);<br/>(8) Shun Ho Construction (Holdings) Limited (Magnificent Estates Limited);<br/>(9) Star Winner Enterprises Limited (ITC Properties Group Limited and Shaw Holdings Inc); and<br/>(10) Wealthy Bay Limited (The Wharf (Holdings) Limited). | N.A. | N.A.,22.29274921,114.1992909,govt-led,LandsD PR 2013-01-11 'Government to sell two sites by public tender' (raw/sale_regime/gia_prs/),Sun Hung Kai Properties Limited,36000,sq m,7025,HK$/sq ft,yes,https://www.devb.gov.hk/en/publications_and_press_releases/press/index_id_7758.html,Awarded 27 Mar 2013 North Point hotel,Sun Hung Kai Properties,local_major,https://www.devb.gov.hk/en/publications_and_press_releases/press/index_id_7758.html | raw/2012-2013/IL9020__result.pdf,https://www.devb.gov.hk/en/publications_and_press_releases/press/index_id_7758.html | raw/2012-2013/IL9020__result.pdf,,,,,,,,,,No consent,
2012-2013,27-Mar-13,tender,STTL 566,"AREA 56A, KAU TO, SHA TIN, NEW TERRITORIES",RESIDENTIAL R3,residential,8080,1420,,high_verified,ST MORITZ,88 LAI PING ROAD,SHA TIN TOWN LOT NO. 566,14,Charmford Holdings Limited (Sun Hung Kai Properties Limited),"(1) A & F Property Development Company Limited;<br/>(2) Bright Leader Development Limited (Yuexiu Property (HK) Company Limited);<br/>(3) Ever Novel Limited (CSI Properties Limited);<br/>(4) Great Horwood Limited (Wheelock Properties Limited);<br/>(5) Loi Fu Investment Company Limited (Chime Corporation Limited);<br/>(6) Partner Ally Limited (HKR International Limited);<br/>(7) Power Mighty Investments Limited (Cornes Properties Limited);<br/>(8) Prestige City Developments Limited (Fame Way Holdings Limited);<br/>(9) Rich Group Investments Limited (Cheung Kong (Holdings) Limited);<br/>(10) Royal Mark Investments Limited (K Wah International Holdings Limited);<br/>(11) Sky Vision Development Limited (Sino Land Company Limited);<br/>(12) Smart Tycoon Limited (Silver Era Limited); and<br/>(13) The Dragon Seed Company, Limited (New World Development Company Limited). | N.A. | N.A.",22.41517622,114.2009617,govt-led,LandsD PR 2013-01-11 'Government to sell two sites by public tender' (raw/sale_regime/gia_prs/),Sun Hung Kai Properties Limited,12120,sq m,10885,HK$/sq ft,yes,https://www.devb.gov.hk/en/publications_and_press_releases/press/index_id_7758.html,Awarded 27 Mar 2013 Area 56A Kau To (St Moritz),Sun Hung Kai Properties,local_major,https://www.devb.gov.hk/en/publications_and_press_releases/press/index_id_7758.html | raw/2012-2013/STTL566__result.pdf,https://www.devb.gov.hk/en/publications_and_press_releases/press/index_id_7758.html | raw/2012-2013/STTL566__result.pdf,https://hk.centanet.com/estate/en/St-Moritz/2-DBEPWPPRPA | raw/2012-2013/STTL566__devname.pdf,,,,,http://www.info.gov.hk/gia/general/201303/27/P201303270475.htm,verified,ST. MORITZ | St Moritz,APPROVAL OF DEED OF MUTUAL COVENANT AND MANAGEMENT AGREEMENT | CHARMFORD HOLDINGS LIMITED | CONSENT TO SELL FOR RESIDENTIAL DEVELOPMENT,Named development,19-Dec-16
2013-2014,10-Apr-13,tender,TSEUNG KWAN O TOWN LOT NO. 112,"AREA 65C1, TSEUNG KWAN O, NEW TERRITORIES",RESIDENTIAL R3,residential,13922,2449.2,,high_verified,SAVANNAH,3 CHI SHIN STREET,TSEUNG KWAN O TOWN LOT NO. 112,9,Great Horwood Limited (Wheelock Properties Limited),(1) Charm City Investments Limited (Cheung Kong (Holdings) Limited);<br/>(2) Clear Gain Investments Limited (Regal Hotels International Holdings Limited);<br/>(3) Good China Development Limited (Sun Hung Kai Properties Limited);<br/>(4) Loi Fu Investment Company Limited (Chime Corporation Limited);<br/>(5) Lucrative Venture Limited (New World Development Company Limited);<br/>(6) Manful Global Development Limited (K. Wah International Holdings Limited);<br/>(7) Shun Ho Construction (Holdings) Limited (Magnificent Estates Limited); and <br/>(8) Sky Vision Development Limited (Sino Land Company Limited). | N.A. | N.A.,22.30560188,114.2644109,govt-led,FY rule: Application List abolished Feb 2013; all sales government-initiated,Wheelock Properties Limited,,,,,,,"not found (primary) - awarded 10 Apr 2013 Area 65C1 (Savannah); developer Cheung Kong; premium HK$2,449.2M; tenderer SPV/max GFA not located | CORRECTION (Wave2, primary PR + Lands consent): awarded to Great Horwood Limited (Wheelock Properties), premium $2,449.2m; NOT Cheung Kong (Charm City Investments was only a losing bidder).",Wheelock/Wharf,local_major,https://www.info.gov.hk/gia/general/201304/10/P201304100464.htm | raw/2013-2014/TSEUNGKWANOTOWNLOTNO112__winner.pdf,https://www.info.gov.hk/gia/general/201304/10/P201304100464.htm | raw/2013-2014/TSEUNGKWANOTOWNLOTNO112__winner.pdf,https://www.landsd.gov.hk/doc/en/consent/district/since1994/pdf/Sai%20Kung%5Bfrom%201994%5D.pdf | raw/2013-2014/TSEUNGKWANOTOWNLOTNO112__devname.pdf,match,655,,,http://www.info.gov.hk/gia/general/201304/10/P201304100458.htm,verified,Savannah | Savannah (Commercial Car Park Areas),APPROVAL OF DEED OF MUTUAL COVENANT AND MANAGEMENT AGREEMENT | APPROVAL OF SUB-DEED OF MUTUAL COVENANT AND MANAGEMENT AGREEMENT | CONSENT TO SELL FOR NON-RESIDENTIAL DEVELOPMENT | CONSENT TO SELL FOR RESIDENTIAL DEVELOPMENT | GREAT HORWOOD LIMITED,Named development,28 April 2016 | 31 July 2017
2013-2014,10-Apr-13,tender,TUEN MUN TOWN LOT NO. 430,"FU SHING STREET, AREA 52, FU TEI, TUEN MUN, NEW TERRITORIES",RESIDENTIAL R4,residential,3173,53.2,,high_verified,18 ROSEWOOD,18 FU SHING STREET,TUEN MUN TOWN LOT NO. 430,3,Smart Touch Investments Limited,(1) Joint Rise Development Limited (Sino Land Company Limited); and <br/>(2) Sino Kingdom Development Limited (Fame State Investments Limited). | N.A. | N.A.,22.41395885,113.9813645,govt-led,FY rule: Application List abolished Feb 2013; all sales government-initiated,,,,,,,,not found - awarded 10 Apr 2013 Fu Shing St (18 Rosewood); tenderer/max GFA not located,,,https://www.info.gov.hk/gia/general/201304/10/P201304100464.htm | raw/2013-2014/TUENMUNTOWNLOTNO430__winner.pdf,https://www.info.gov.hk/gia/general/201304/10/P201304100464.htm | raw/2013-2014/TUENMUNTOWNLOTNO430__winner.pdf,https://www.landsd.gov.hk/doc/en/consent/district/since1994/pdf/Tuen%20Mun%5Bfrom%201994%5D.pdf | raw/2013-2014/TUENMUNTOWNLOTNO430__devname.pdf,unverified,,,,http://www.info.gov.hk/gia/general/201304/10/P201304100458.htm,verified,18 Rosewood,APPROVAL OF DEED OF MUTUAL COVENANT AND MANAGEMENT AGREEMENT | CONSENT TO SELL FOR RESIDENTIAL DEVELOPMENT | SMART TOUCH INVESTMENTS LIMITED,Named development,23-Aug-16
2013-2014,15-May-13,tender,LOT NO. 1985 IN SURVEY DISTRICT NO. 2,"CLEAR WATER BAY ROAD, SAI KUNG, NEW TERRITORIES",PETROL FILLING STATION,petrol_or_ev,989.6,115.588,,high_verified,,,LOT NO. 1985 IN SURVEY DISTRICT NO. 2,3,ExxonMobil Hong Kong Limited,(1) Chevron Hong Kong Limited; and <br/>(2) Sinopec (Hong Kong) Limited (China Petroleum & Chemical Corporation). | N.A. | N.A.,22.33481659,114.2298843,govt-led,FY rule: Application List abolished Feb 2013; all sales government-initiated,,,,,,,,"not found - petrol filling station Clear Water Bay Rd, 15 May 2013; tenderer/max GFA not located",,,https://www.info.gov.hk/gia/general/201305/15/P201305150562.htm | raw/2013-2014/LOTNO1985INSURVEYDISTRICTNO2__winner.pdf,,,unverified,,,,,,,,No consent,
2013-2014,15-May-13,tender,FANLING SHEUNG SHUI TOWN LOT NO. 247,"SHA TAU KOK ROAD, FANLING, NEW TERRITORIES",PETROL FILLING STATION,petrol_or_ev,947.2,202.188,,high_verified,,,FANLING SHEUNG SHUI TOWN LOT NO. 247,5,Shell Hong Kong Limited,"(1) Chevron Hong Kong Limited;<br/>(2) ExxonMobil Hong Kong Limited ;<br/>(3) PetroChina International (Hong Kong) Corporation Limited (PetroChina International Company, Limited); and <br/>(4) Sinopec (Hong Kong) Limited (China Petroleum & Chemical Corporation). | N.A. | N.A.",22.50066091,114.1466263,govt-led,FY rule: Application List abolished Feb 2013; all sales government-initiated,,,,,,,,"not found - petrol filling station Sha Tau Kok Rd Fanling, 15 May 2013; tenderer/max GFA not located",,,https://www.info.gov.hk/gia/general/201305/15/P201305150562.htm | raw/2013-2014/FANLINGSHEUNGSHUITOWNLOTNO247__winner.pdf,,,unverified,,,,,,,,No consent,
2013-2014,28-May-13,tender,TSING YI TOWN LOT NO. 185,"JUNCTION OF TSING HUNG ROAD AND TSING YI ROAD, TSING YI, NEW TERRITORIES",LOGISTICS DEVELOPMENT PURPOSES,logistics,21000,1692.6,,high_verified,,,TSING YI TOWN LOT NO. 185,4,Mapletree TY (HKSAR) Limited (Mapletree Investments Pte Limited),(1) Best Vision Development Limited (Sun Hung Kai Properties Limited);<br/>(2) Neo Century Limited (NWS Service Management Limited); and <br/>(3) TY2 Limited (Goodman HK Investments and Goodman Industrial Trust). | N.A. | N.A.,22.33843121,114.1082908,govt-led,FY rule: Application List abolished Feb 2013; all sales government-initiated,,,,,,,,"not found - logistics site, 28 May 2013; tenderer/max GFA not located",,,https://www.info.gov.hk/gia/general/201305/28/P201305280533.htm | raw/2013-2014/TSINGYITOWNLOTNO185__winner.pdf,https://www.info.gov.hk/gia/general/201305/28/P201305280533.htm | raw/2013-2014/TSINGYITOWNLOTNO185__winner.pdf,,match,,,,,,,,No consent,
2013-2014,5-Jun-13,tender,NEW KOWLOON INLAND LOT NO. 6516,"SITE 1H1, KAI TAK, KOWLOON",RESIDENTIAL R2,residential,7771,2270,,high_verified,ONE KAI TAK (I),2 MUK NING STREET,NEW KOWLOON INLAND LOT NO. 6516,16,Ace Dragon Development Limited (China Overseas Land & Investment Limited),"(1) Cloud Fair Limited (Chime Corporation Limited);<br/>(2) Conford Investments Limited (Cheung Kong (Holdings) Limited);<br/>(3) Dragon Star H.K. Investments Limited (K. Wah International Holdings Limited);<br/>(4) Earn Crown Investment Limited (Emperor International Holdings Limited);<br/>(5) Ever Crown Development Limited (Nan Fung Development Limited);<br/>(6) Fortune Top Development Limited (Henderson Land Development Company Limited);<br/>(7) Global Conqueror Limited (Perfect Horizon Limited and Chun Wo Development Holdings Limited);<br/>(8) Great Alliance Limited (Sun Hung Kai Properties Limited);<br/>(9) Magic Energy Limited (Great Eagle Holdings Limited);<br/>(10) Precise Treasure Limited (Wheelock Properties Limited);<br/>(11) Real Charm Investment Limited (Paliburg Holdings Limited and Regal Hotels International Holdings Limited);<br/>(12) Sky Vision Development Limited (Sino Land Company Limited);<br/>(13) Smart Tycoon Limited (Silver Era Limited);<br/>(14) Super Record Limited (New World Development Company Limited, Lai Sun Development Company Limited and Star Profit Industries Limited); and <br/>(15) Town House Development Limited (Kowloon Development Company Limited). | N.A. | N.A.",22.32975187,114.2007815,govt-led,FY rule: Application List abolished Feb 2013; all sales government-initiated,China Overseas Land & Investment Limited,38855,sq m,5428,HK$/sq ft,yes,https://www.devb.gov.hk/en/publications_and_press_releases/press/index_id_7872.html,Awarded 5 Jun 2013 Kai Tak 1H1 (One Kai Tak I); HKP4HKP,China Overseas Land,mainland,https://www.devb.gov.hk/en/publications_and_press_releases/press/index_id_7872.html | raw/2013-2014/NEWKOWLOONINLANDLOTNO6516__result.pdf,https://www.devb.gov.hk/en/publications_and_press_releases/press/index_id_7872.html | raw/2013-2014/NEWKOWLOONINLANDLOTNO6516__result.pdf,https://www.landsd.gov.hk/doc/en/consent/district/since1994/pdf/KE%5Bfrom%201994%5D.pdf | raw/2013-2014/NEWKOWLOONINLANDLOTNO6516__devname.pdf,unverified,545,,HK Property for HK People (æ¸¯äººæ¸¯åœ°),http://www.info.gov.hk/gia/general/201306/05/P201306050549.htm,verified,One Kai Tak (I),ACE DRAGON DEVELOPMENT LIMITED | APPROVAL OF DEED OF MUTUAL COVENANT AND MANAGEMENT AGREEMENT (HONG KONG PROPERTY FOR HONG KONG PEOPLE PROJECT) | CONSENT TO SELL FOR RESIDENTIAL DEVELOPMENT (HONG KONG PROPERTY FOR HONG KONG PEOPLE PROJECT),Named development,18 August 2016 | 31/10/2017
2013-2014,5-Jun-13,tender,NEW KOWLOON INLAND LOT NO. 6517,"SITE 1H2, KAI TAK, KOWLOON",RESIDENTIAL R2,residential,8585,2270,,high_verified,ONE KAI TAK (II),8 MUK NING STREET,NEW KOWLOON INLAND LOT NO. 6517,13,Ace Dragon Development Limited (China Overseas Land & Investment Limited),"(1) Cloud Fair Limited (Chime Corporation Limited);<br/>(2) Dream Garden Investments Limited (New World Development Company Limited, Lai Sun Development Company Limited and Star Profit Industries Limited);<br/>(3) Eminent Gold Investments Limited (Paliburg Holdings Limited and Regal Hotels International Holdings Limited);<br/>(4) Ever Merits Investments Limited (Wheelock Properties Limited);<br/>(5) Henmell Investment Limited (Kowloon Development Company Limited);<br/>(6) Jarton Limited (Far East Consortium International Limited);<br/>(7) Joint Rise Development Limited (Sino Land Company Limited);<br/>(8) Landwood Investment Limited (Nan Fung Development Limited);<br/>(9) Manful Global Development Limited (K. Wah International Holdings Limited);<br/>(10) Team China Limited (Henderson Land Development Company Limited);<br/>(11) Truelink Limited (Sun Hung Kai Properties Limited); and <br/>(12) Wilson Investments Limited (Cheung Kong (Holdings) Limited). | N.A. | N.A.",22.32921251,114.2002658,govt-led,FY rule: Application List abolished Feb 2013; all sales government-initiated,China Overseas Land & Investment Limited,42925,sq m,4913,HK$/sq ft,yes,https://www.devb.gov.hk/en/publications_and_press_releases/press/index_id_7872.html,Awarded 5 Jun 2013 Kai Tak 1H2 (One Kai Tak II); HKP4HKP,China Overseas Land,mainland,https://www.devb.gov.hk/en/publications_and_press_releases/press/index_id_7872.html | raw/2013-2014/NEWKOWLOONINLANDLOTNO6517__result.pdf,https://www.devb.gov.hk/en/publications_and_press_releases/press/index_id_7872.html | raw/2013-2014/NEWKOWLOONINLANDLOTNO6517__result.pdf,https://www.landsd.gov.hk/doc/en/consent/district/since1994/pdf/KE%5Bfrom%201994%5D.pdf | raw/2013-2014/NEWKOWLOONINLANDLOTNO6517__devname.pdf,unverified,600,,HK Property for HK People (æ¸¯äººæ¸¯åœ°),http://www.info.gov.hk/gia/general/201306/05/P201306050549.htm,verified,One Kai Tak (II) | One Kai Tak(II),ACE DRAGON DEVELOPMENT LIMITED | APPROVAL OF DEED OF MUTUAL COVENANT AND MANAGEMENT AGREEMENT (HONG KONG PROPERTY FOR HONG KONG PEOPLE PROJECT) | CONSENT TO SELL FOR RESIDENTIAL DEVELOPMENT (HONG KONG PROPERTY FOR HONG KONG PEOPLE PROJECT),Named development,3 November 2016 | 31/10/2017
2013-2014,14-Jun-13,tender,KOWLOON INLAND LOT NO. 11228,"JUNCTION OF FAT KWONG STREET AND SHEUNG FOO STREET, HO MAN TIN, KOWLOON",RESIDENTIAL R2,residential,7714,3829,,high_verified,ONE HOMANTIN,1 SHEUNG FOO STREET,KOWLOON INLAND LOT NO. 11228,13,Easy Merit Holdings Limited (Wheelock Properties Limited),(1) Century Well Investment Limited (Chime Corporation Limited);<br/>(2) Charm City Investments Limited (Cheung Kong (Holdings) Limited);<br/>(3) Green Lotus Limited (Skyline Motion Limited);<br/>(4) Lucrative Venture Limited (New World Development Company Limited);<br/>(5) Magic Energy Limited (Great Eagle Holdings Limited);<br/>(6) Ocean Victory Investment Limited (Asia Standard International Group Limited);<br/>(7) Port Destiny Limited (Kerry Properties Limited);<br/>(8) Royal Mark Investments Limited (K. Wah International Holdings Limited);<br/>(9) Sky Vision Development Limited (Sino Land Company Limited);<br/>(10) Super Great Limited (Sun Hung Kai Properties Limited);<br/>(11) Team China Limited (Henderson Land Development Company Limited); and <br/>(12) Town House Development Limited (Kowloon Development Company Limited). | N.A. | N.A.,22.31680475,114.18128,govt-led,FY rule: Application List abolished Feb 2013; all sales government-initiated,Wheelock Properties Limited,36022,sq m,9875,HK$/sq ft,yes,https://www.devb.gov.hk/en/publications_and_press_releases/press/index_id_7882.html,Awarded 14 Jun 2013 Ho Man Tin (One Homantin),Wheelock/Wharf,local_major,https://www.devb.gov.hk/en/publications_and_press_releases/press/index_id_7882.html | raw/2013-2014/KOWLOONINLANDLOTNO11228__result.pdf,https://www.devb.gov.hk/en/publications_and_press_releases/press/index_id_7882.html | raw/2013-2014/KOWLOONINLANDLOTNO11228__result.pdf,https://www.landsd.gov.hk/doc/en/consent/district/since1994/pdf/KW%5Bfrom%201994%5D.pdf | raw/2013-2014/KOWLOONINLANDLOTNO11228__devname.pdf,unverified,,,,http://www.info.gov.hk/gia/general/201306/14/P201306140565.htm,verified,ONE HOMANTIN | One Homantin,APPROVAL OF DEED OF MUTUAL COVENANT AND MANAGEMENT AGREEMENT | CONSENT TO SELL FOR RESIDENTIAL DEVELOPMENT | EASY MERIT HOLDINGS LIMITED,Named development,9-Mar-16
2013-2014,14-Jun-13,tender,SHA TIN TOWN LOT NO. 482,"PO TAI STREET, MA ON SHAN, SHA TIN, NEW TERRITORIES",COMMERCIAL,commercial,5090,661.888999,,high_verified,,,SHA TIN TOWN LOT NO. 482,8,Real Charm Investment Limited (Paliburg Holdings Limited and Regal Hotels International Holdings Limited),(1) Art Champion Investment Limited (Cheung Kong (Holdings) Limited);<br/>(2) First Kind Enterprises Limited (Miramar Hotel and Investment Company Limited);<br/>(3) Globaluck Limited (Sun Hung Kai Properties Limited);<br/>(4) Joint Rise Development Limited (Sino Land Company Limited);<br/>(5) Pacific Ace Investments Limited (Early Light International (Holdings) Limited and Wang On Group Limited);<br/>(6) Potex Investment Limited (Jonathan Cheng & Sons Limited); and <br/>(7) Star Fort Investments Limited. | N.A. | N.A.,22.41430799,114.2239455,govt-led,FY rule: Application List abolished Feb 2013; all sales government-initiated,Paliburg Holdings Limited / Regal Hotels International Holdings Limited,15270,sq m,4027,HK$/sq ft,yes,https://www.devb.gov.hk/en/publications_and_press_releases/press/index_id_7882.html,Awarded 14 Jun 2013 Ma On Shan commercial,Paliburg Holdings Limited + Regal Hotels International Holdings Limited,consortium,https://www.devb.gov.hk/en/publications_and_press_releases/press/index_id_7882.html | raw/2013-2014/SHATINTOWNLOTNO482__result.pdf,https://www.devb.gov.hk/en/publications_and_press_releases/press/index_id_7882.html | raw/2013-2014/SHATINTOWNLOTNO482__result.pdf,,unverified,,,,,,,,No consent,
2013-2014,25-Jun-13,tender,TSEUNG KWAN O TOWN LOT NO. 93,"AREA 68B1, TSEUNG KWAN O, NEW TERRITORIES",RESIDENTIAL R3,residential,26302,3000,,high_verified,THE PAPILLONS,21 TONG CHUN STREET,TSEUNG KWAN O TOWN LOT NO.93,7,Cloud Fair Limited (Chime Corporation Limited),(1) Dragon Star H.K. Investments Limited (K. Wah International Holdings Limited and Sino Land Company Limited);<br/>(2) Precise Treasure Limited (Wheelock Properties Limited);<br/>(3) Silver King Investments Limited (Cheung Kong (Holdings) Limited);<br/>(4) Super Record Limited (New World Development Company Limited);<br/>(5) Top State Development Limited (Sun Hung Kai Properties Limited); and <br/>(6) Ultimate Lead Limited (Paliburg Holdings Limited and Regal Hotels International Holdings Limited). | N.A. | N.A.,22.30335734,114.2628996,govt-led,FY rule: Application List abolished Feb 2013; all sales government-initiated,Chime Corporation Limited,76276,sq m,3654,HK$/sq ft,yes,https://www.info.gov.hk/gia/general/201306/25/P201306250530.htm,Awarded 25 Jun 2013 Area 68B1 (The Papillons),Chinachem,local_major,https://www.info.gov.hk/gia/general/201306/25/P201306250530.htm | raw/2013-2014/TSEUNGKWANOTOWNLOTNO93__result.pdf,https://www.info.gov.hk/gia/general/201306/25/P201306250530.htm | raw/2013-2014/TSEUNGKWANOTOWNLOTNO93__result.pdf,https://www.landsd.gov.hk/doc/en/consent/district/since1994/pdf/Sai%20Kung%5Bfrom%201994%5D.pdf | raw/2013-2014/TSEUNGKWANOTOWNLOTNO93__devname.pdf,unverified,840,,,http://www.info.gov.hk/gia/general/201306/25/P201306250526.htm,verified,THE PAPILLONS | The Papillons,APPROVAL OF DEED OF MUTUAL COVENANT AND MANAGEMENT AGREEMENT | CLOUD FAIR LIMITED | CONSENT TO SELL FOR RESIDENTIAL DEVELOPMENT,Named development,16-Aug-16
2013-2014,25-Jun-13,tender,TUEN MUN TOWN LOT NO. 434,"JUNCTION OF KA WO LI HILL ROAD AND CASTLE PEAK ROAD-SO KWUN WAT, AREA 55, SO KWUN WAT, TUEN MUN, NEW TERRITORIES",RESIDENTIAL R3,residential,3457,156.8,,high_verified,ROYAL COVE,2 KA WO LI HILL ROAD,TUEN MUN TOWN LOT NO. 434,6,Golden Nice Development Limited (Wah Yip (Holdings) Limited),(1) Big Right Investment Limited (Emperor International Holdings Limited);<br/>(2) Eminent Gold Investments Limited (Paliburg Holdings Limited and Regal Hotels International Holdings Limited);<br/>(3) Manful Global Development Limited (K. Wah International Holdings Limited);<br/>(4) Sky Vision Development Limited (Sino Land Company Limited); and <br/>(5) Star Fort Investments Limited. | N.A. | N.A.,22.36898357,113.9960874,govt-led,FY rule: Application List abolished Feb 2013; all sales government-initiated,Wah Yip (Holdings) Limited,4494.1,sq m,3241,HK$/sq ft,yes,https://www.info.gov.hk/gia/general/201306/25/P201306250530.htm,Awarded 25 Jun 2013 So Kwun Wat (Royal Cove),Wah Yip (Holdings) Limited,other,https://www.info.gov.hk/gia/general/201306/25/P201306250530.htm | raw/2013-2014/TUENMUNTOWNLOTNO434__result.pdf,https://www.info.gov.hk/gia/general/201306/25/P201306250530.htm | raw/2013-2014/TUENMUNTOWNLOTNO434__result.pdf,https://www.landsd.gov.hk/doc/en/consent/district/since1994/pdf/Tuen%20Mun%5Bfrom%201994%5D.pdf | raw/2013-2014/TUENMUNTOWNLOTNO434__devname.pdf,unverified,,,,http://www.info.gov.hk/gia/general/201306/25/P201306250526.htm,verified,Royal Cove,APPROVAL OF DEED OF MUTUAL COVENANT AND MANAGEMENT AGREEMENT,Named development,
2013-2014,10-Jul-13,tender,TSEUNG KWAN O TOWN LOT NO. 126,"AREA 68B2, TSEUNG KWAN O, NEW TERRITORIES",RESIDENTIAL R3,residential,27421,3670.8,,high_verified,MONTEREY,23 TONG CHUN STREET,TSEUNG KWAN O TOWN LOT NO. 126,7,Precise Treasure Limited (Wheelock Properties Limited),"(1) City Champion Investments Limited (Cheung Kong (Holdings) Limited);<br/>(2) Clear Gain Investments Limited (Regal Hotels International Holdings Limited);<br/>(3) Cloud Fair Limited (Chime Corporation Limited);<br/>(4) Dragon Star H.K. Investments Limited (K. Wah International Holdings Limited, Sino Land Company Limited and Nan Fung Group (Holdings) Limited);<br/>(5) Super Record Limited (New World Development Company Limited); and <br/>(6) Trioland Limited (Sun Hung Kai Properties Limited). | N.A. | N.A.",22.30229241,114.2626288,govt-led,FY rule: Application List abolished Feb 2013; all sales government-initiated,Wheelock Properties Limited,79521,sq m,4289,HK$/sq ft,yes,https://www.devb.gov.hk/en/publications_and_press_releases/press/index_id_7936.html,Awarded 10 Jul 2013 Area 68B2 (Monterey),Wheelock/Wharf,local_major,https://www.devb.gov.hk/en/publications_and_press_releases/press/index_id_7936.html | raw/2013-2014/TSEUNGKWANOTOWNLOTNO126__result.pdf,https://www.devb.gov.hk/en/publications_and_press_releases/press/index_id_7936.html | raw/2013-2014/TSEUNGKWANOTOWNLOTNO126__result.pdf,https://www.landsd.gov.hk/doc/en/consent/district/since1994/pdf/Sai%20Kung%5Bfrom%201994%5D.pdf | raw/2013-2014/TSEUNGKWANOTOWNLOTNO126__devname.pdf,unverified,875,,,http://www.info.gov.hk/gia/general/201307/10/P201307100705.htm,verified,MONTEREY | MONTEREY (Commercial Car Park Areas),APPROVAL OF DEED OF MUTUAL COVENANT AND MANAGEMENT AGREEMENT | APPROVAL OF SUB-DEED OF MUTUAL COVENANT AND MANAGEMENT AGREEMENT | CONSENT TO SELL FOR NON-RESIDENTIAL DEVELOPMENT | CONSENT TO SELL FOR RESIDENTIAL DEVELOPMENT | PRECISE TREASURE LIMITED,Named development,-- | 18 January 2017 | 28 February 2018
2013-2014,10-Jul-13,tender,LOT NO. 750 IN DEMARCATION DISTRICT NO. 332,"SOUTH LANTAU ROAD, CHEUNG SHA, LANTAU ISLAND, NEW TERRITORIES",RESIDENTIAL R4,residential,1438.2,93.5,,high_verified,,,LOT NO. 750 IN DEMARCATION DISTRICT NO. 332,27,Dawn Rider Limited (John Swire & Sons (H.K.) Limited),(1) 1957 & Co. (CS) Limited (1957 & Co. Limited);<br/>(2) Beacon Hill Garden Limited;<br/>(3) Chase Profit Investment Holdings Limited;<br/>(4) Coastal International Holdings Limited;<br/>(5) Ever Shine Development Limited (Letrich Property Limited);<br/>(6) Fast Imaging Technology Limited;<br/>(7) Glory Rich Development Limited;<br/>(8) Golden Yield Hong Kong Development Limited (Chain Profit Investment Development Limited);<br/>(9) Great Prosper Development Limited (Chun Wo Development Holdings Limited);<br/>(10) Growson International Limited (Score (Holdings) Limited);<br/>(11) High Point Properties Limited;<br/>(12) Hugo Rich Hong Kong Group Limited;<br/>(13) JW Asia Limited;<br/>(14) Mark-Gold Limited (Asia Standard International Group Limited);<br/>(15) Max Friendship Limited;<br/>(16) Melbourne Properties Investment Limited;<br/>(17) Rainbow Alpha Holdings Limited (HKR International Limited);<br/>(18) Self Rich Development Limited;<br/>(19) Sky Vision Development Limited (Sino Land Company Limited);<br/>(20) Star Fort Investments Limited;<br/>(21) Sun Pillar Investment Limited;<br/>(22) Tactful Land Investment Limited (Tactful Land Development Limited);<br/>(23) Taifair Capital Services Limited;<br/>(24) Tongli Investments Limited;<br/>(25) Wincash International Limited; and <br/>(26) Wisdom Gold Holdings Limited (Abasons Limited). | N.A. | N.A.,22.23358475,113.9601857,govt-led,FY rule: Application List abolished Feb 2013; all sales government-initiated,John Swire & Sons (H.K.) Limited,575.2,sq m,15102,HK$/sq ft,yes,https://www.devb.gov.hk/en/publications_and_press_releases/press/index_id_7936.html,Awarded 10 Jul 2013 Cheung Sha Lantau,Swire Properties,local_major,https://www.devb.gov.hk/en/publications_and_press_releases/press/index_id_7936.html | raw/2013-2014/LOTNO750INDEMARCATIONDISTRICTNO332__result.pdf,https://www.devb.gov.hk/en/publications_and_press_releases/press/index_id_7936.html | raw/2013-2014/LOTNO750INDEMARCATIONDISTRICTNO332__result.pdf,,unverified,,,,http://www.info.gov.hk/gia/general/201307/10/P201307100705.htm,verified,,,No consent,
2013-2014,1-Aug-13,tender,SHA TIN TOWN LOT NO. 563,"AREA 56A, KAU TO, SHA TIN, NEW TERRITORIES",RESIDENTIAL R3,residential,5950,1220,,high_verified,LA CRESTA,37 LAI PING ROAD,SHA TIN TOWN LOT NO. 563,11,Everbeam Investments Limited (Advantage Investor Limited),(1) Ever Merits Investments Limited (Wheelock Properties Limited);<br/>(2) Joint Rise Development Limited (Sino Land Company Limited);<br/>(3) Manful Global Development Limited (K. Wah International Holdings Limited);<br/>(4) Pacific Ace Investments Limited (Early Light International (Holdings) Limited and Wang On Group Limited);<br/>(5) Smart Tycoon Limited (Silver Era Limited);<br/>(6) Star Fort Investments Limited;<br/>(7) Top State Development Limited (Sun Hung Kai Properties Limited);<br/>(8) Town House Development Limited (Kowloon Development Company Limited);<br/>(9) Ultimate Lead Limited (Paliburg Holdings Limited and Regal Hotels International Holdings Limited); and <br/>(10) Wilson Investments Limited (Cheung Kong (Holdings) Limited). | N.A. | N.A.,22.41307761,114.20234,govt-led,FY rule: Application List abolished Feb 2013; all sales government-initiated,Advantage Investor Limited,12495,sq m,9071,HK$/sq ft,yes,https://www.devb.gov.hk/en/publications_and_press_releases/press/index_id_7968.html,Awarded 1 Aug 2013 Area 56A Kau To (La Cresta),Advantage Investor Limited,other,https://www.devb.gov.hk/en/publications_and_press_releases/press/index_id_7968.html | raw/2013-2014/SHATINTOWNLOTNO563__result.pdf,https://www.devb.gov.hk/en/publications_and_press_releases/press/index_id_7968.html | raw/2013-2014/SHATINTOWNLOTNO563__result.pdf,https://www.landsd.gov.hk/doc/en/consent/district/since1994/pdf/Shatin%5Bfrom%201994%5D.pdf | raw/2013-2014/SHATINTOWNLOTNO563__devname.pdf,unverified,,,,http://www.info.gov.hk/gia/general/201308/01/P201308010615.htm,verified,La Cresta,EVERBEAM INVESTMENTS LIMITED,Named development,22-Dec-16
2013-2014,1-Aug-13,tender,TUEN MUN TOWN LOT NO. 435,"CASTLE PEAK ROAD-TAI LAM, AREA 55, SIU SAU, TUEN MUN, NEW TERRITORIES",RESIDENTIAL R3,residential,11626,563.18,,high_verified,THE CARMEL,168 CASTLE PEAK ROAD TAI LAM,TUEN MUN TOWN LOT NO. 435,9,Green Lotus Limited (Skyline Motion Limited),(1) Conford Investments Limited (Cheung Kong (Holdings) Limited);<br/>(2) Eminent Gold Investments Limited (Paliburg Holdings Limited and Regal Hotels International Holdings Limited);<br/>(3) Modern Expert Limited (Wheelock Properties Limited);<br/>(4) Obtain Holdings Limited;<br/>(5) Queenie Property Management Limited;<br/>(6) Royal Mark Investments Limited (K. Wah International Holdings Limited);<br/>(7) Truelink Limited (Sun Hung Kai Properties Limited); and <br/>(8) World Talent (Hong Kong) Limited (Sino Land Company Limited). | N.A. | N.A.,22.36827178,114.0003313,govt-led,FY rule: Application List abolished Feb 2013; all sales government-initiated,Skyline Motion Limited,14806,sq m,3534,HK$/sq ft,yes,https://www.devb.gov.hk/en/publications_and_press_releases/press/index_id_7968.html,Awarded 1 Aug 2013 Siu Sau (The Carmel),Skyline Motion Limited,other,https://www.devb.gov.hk/en/publications_and_press_releases/press/index_id_7968.html | raw/2013-2014/TUENMUNTOWNLOTNO435__result.pdf,https://www.devb.gov.hk/en/publications_and_press_releases/press/index_id_7968.html | raw/2013-2014/TUENMUNTOWNLOTNO435__result.pdf,https://www.landsd.gov.hk/doc/en/consent/district/since1994/pdf/Tuen%20Mun%5Bfrom%201994%5D.pdf | raw/2013-2014/TUENMUNTOWNLOTNO435__devname.pdf,unverified,175,,,http://www.info.gov.hk/gia/general/201308/01/P201308010615.htm,verified,The Carmel,APPROVAL OF DEED OF MUTUAL COVENANT AND MANAGEMENT AGREEMENT | CONSENT TO SELL FOR RESIDENTIAL DEVELOPMENT | GREEN LOTUS LIMITED,Named development,27-Nov-18
2013-2014,4-Sep-13,tender,SHA TIN TOWN LOT NO. 579,"AREA 56A, KAU TO, SHA TIN, NEW TERRITORIES",RESIDENTIAL R3,residential,32900,2710,,high_verified,THE CAVARIDGE,38 LAI PING ROAD,SHA TIN TOWN LOT NO. 579,9,Golden Concept Development Limited (Chun Wo Development Holdings Limited),(1) Art Champion Investment Limited (Cheung Kong (Holdings) Limited);<br/>(2) Eminent Gold Investments Limited (Paliburg Holdings Limited and Regal Hotels International Holdings Limited);<br/>(3) Great Alliance Limited (Sun Hung Kai Properties Limited);<br/>(4) Handy Solution Limited (Wheelock Properties Limited);<br/>(5) Manful Global Development Limited (K. Wah International Holdings Limited);<br/>(6) Smart Tycoon Limited (Silver Era Limited);<br/>(7) Super Record Limited (New World Development Company Limited); and <br/>(8) World Talent (Hong Kong) Limited (Sino Land Company Limited). | N.A. | N.A.,22.41198051,114.2018548,govt-led,FY rule: Application List abolished Feb 2013; all sales government-initiated,Chun Wo Development Holdings Limited,30036,sq m,8382,HK$/sq ft,yes,https://www.devb.gov.hk/en/publications_and_press_releases/press/index_id_7981.html,Awarded 4 Sep 2013 Area 56A Kau To (The Cavaridge),Chun Wo,local_minor,https://www.devb.gov.hk/en/publications_and_press_releases/press/index_id_7981.html | raw/2013-2014/SHATINTOWNLOTNO579__result.pdf,https://www.devb.gov.hk/en/publications_and_press_releases/press/index_id_7981.html | raw/2013-2014/SHATINTOWNLOTNO579__result.pdf,https://www.landsd.gov.hk/doc/en/consent/district/since1994/pdf/Shatin%5Bfrom%201994%5D.pdf | raw/2013-2014/SHATINTOWNLOTNO579__devname.pdf,unverified,,,,http://www.info.gov.hk/gia/general/201309/04/P201309040566.htm,verified,The Cavaridge,APPROVAL OF DEED OF MUTUAL COVENANT AND MANAGEMENT AGREEMENT | CONSENT TO SELL FOR RESIDENTIAL DEVELOPMENT | GOLDEN CONCEPT DEVELOPMENT LIMITED,Named development,7-Nov-19
2013-2014,4-Sep-13,tender,YUEN LONG TOWN LOT NO. 528,"TAK YIP STREET, TUNG TAU, YUEN LONG, NEW TERRITORIES",RESIDENTIAL R2,residential,4303,751,,high_verified,TWIN REGENCY,11 TAK YIP STREET,YUEN LONG TOWN LOT NO. 528,9,Trioland Limited (Sun Hung Kai Properties Limited),(1) Casanova Investments Limited (Cheung Kong (Holdings) Limited);<br/>(2) Jarton Limited (Far East Consortium International Limited);<br/>(3) Joint Rise Development Limited (Sino Land Company Limited);<br/>(4) Rainbow Alpha Holdings Limited (HKR International Limited);<br/>(5) Royal Mark Investments Limited (K. Wah International Holdings Limited);<br/>(6) Ultimate Chance Investments Limited;<br/>(7) Ultimate Lead Limited (Paliburg Holdings Limited and Regal Hotels International Holdings Limited); and <br/>(8) Winstead Limited (Lai Sun Development Company Limited). | N.A. | N.A.,22.4523176,114.029689,govt-led,FY rule: Application List abolished Feb 2013; all sales government-initiated,Sun Hung Kai Properties Limited,21515,sq m,3243,HK$/sq ft,yes,https://www.devb.gov.hk/en/publications_and_press_releases/press/index_id_7981.html,Awarded 4 Sep 2013 Tak Yip St (Twin Regency),Sun Hung Kai Properties,local_major,https://www.devb.gov.hk/en/publications_and_press_releases/press/index_id_7981.html | raw/2013-2014/YUENLONGTOWNLOTNO528__result.pdf,https://www.devb.gov.hk/en/publications_and_press_releases/press/index_id_7981.html | raw/2013-2014/YUENLONGTOWNLOTNO528__result.pdf,https://www.landsd.gov.hk/doc/en/consent/district/since1994/pdf/Yuen%20Long%5Bfrom%201994%5D.pdf | raw/2013-2014/YUENLONGTOWNLOTNO528__devname.pdf,unverified,430,,,http://www.info.gov.hk/gia/general/201309/04/P201309040566.htm,verified,Twin Regency,APPROVAL OF DEED OF MUTUAL COVENANT AND MANAGEMENT AGREEMENT | CONSENT TO SELL FOR RESIDENTIAL DEVELOPMENT | TRIOLAND LIMITED,Named development,15-Jan-16
2013-2014,18-Sep-13,tender,SHA TIN TOWN LOT NO. 578,"AREA 56A, KAU TO, SHA TIN, NEW TERRITORIES",RESIDENTIAL R3,residential,17476,2389.888888,,high_verified,MOUNT REGALIA,23 LAI PING ROAD,SHA TIN TOWN LOT NO. 578,8,Eminent Gold Investments Limited (Paliburg Holdings Limited and Regal Hotels International Holdings Limited),(1) City Champion Investments Limited (Cheung Kong (Holdings) Limited);<br/>(2) Dream Garden Investments Limited (New World Development Company Limited and CSI Properties Limited);<br/>(3) Good Assets Limited (Sun Hung Kai Properties Limited);<br/>(4) Handy Solution Limited (Wheelock Properties Limited);<br/>(5) Royal Mark Investments Limited (K. Wah International Holdings Limited);<br/>(6) Sun Brand Limited (Smart Source Management Limited); and <br/>(7) World Talent (Hong Kong) Limited (Sino Land Company Limited). | N.A. | N.A.,22.41159098,114.2007341,govt-led,FY rule: Application List abolished Feb 2013; all sales government-initiated,,,,,,,,not found - awarded 18 Sep 2013 Area 56A Kau To (Mount Regalia); tenderer/max GFA not located,,,https://www.info.gov.hk/gia/general/201309/18/P201309180607.htm | raw/2013-2014/SHATINTOWNLOTNO578__winner.pdf,https://www.info.gov.hk/gia/general/201309/18/P201309180607.htm | raw/2013-2014/SHATINTOWNLOTNO578__winner.pdf,https://www.landsd.gov.hk/doc/en/consent/district/since1994/pdf/Shatin%5Bfrom%201994%5D.pdf | raw/2013-2014/SHATINTOWNLOTNO578__devname.pdf,match,,,,http://www.info.gov.hk/gia/general/201309/18/P201309180603.htm,verified,,EMINENT GOLD INVESTMENTS LIMITED,Pending,19-Dec-17
2013-2014,18-Sep-13,tender,INLAND LOT NO. 9049,"SIK ON STREET, WAN CHAI, HONG KONG",RESIDENTIAL R2,residential,208,139.9,,high_verified,,,INLAND LOT NO. 9049,15,Joint Rise Development Limited (Sino Land Company Limited),"(1) Advance Fame Development Limited (Hopewell Holdings Limited and Chun Wo Development Holdings Limited);<br/>(2) Big Ocean Corporation Limited (Jet Ocean Properties Limited and Harvest Creative Limited);<br/>(3) Blissful International Holdings Limited (å¤©æ´¥æ¿±æµ·æŠ•è³‡é›†åœ˜è‚¡ä»½æœ‰é™å…¬å¸ and Tactful Group (Holdings) Limited);<br/>(4) Capital Benefit Limited (Great Plan Global Limited);<br/>(5) Champion Rise Development Limited (Sun Hing Holdings Limited);<br/>(6) Diamond Step Limited;<br/>(7) Earn Crown Investment Limited (Emperor International Holdings Limited);<br/>(8) Easy Success Enterprises Limited (Chuangâ€™s Consortium International Limited);<br/>(9) Ever Creation Properties Limited;<br/>(10) Nan Hua International Engineering Company Limited (China Metallurgical Group Corporation);<br/>(11) Perfect Horizon Limited (Bonds Land Investment Company, Limited);<br/>(12) Rainbow Alpha Holdings Limited (HKR International Limited);<br/>(13) Success Sky Development Limited; and <br/>(14) Ultimate Chance Investments Limited. | N.A. | N.A.",22.27580265,114.1699892,govt-led,FY rule: Application List abolished Feb 2013; all sales government-initiated,,,,,,,,not found - awarded 18 Sep 2013 Sik On St Wan Chai; tenderer/max GFA not located,,,https://www.info.gov.hk/gia/general/201309/18/P201309180607.htm | raw/2013-2014/INLANDLOTNO9049__winner.pdf,https://www.info.gov.hk/gia/general/201309/18/P201309180607.htm | raw/2013-2014/INLANDLOTNO9049__winner.pdf,,match,,,,http://www.info.gov.hk/gia/general/201309/18/P201309180603.htm,verified,,,No consent,
2013-2014,9-Oct-13,tender,TSEUNG KWAN O TOWN LOT NO. 122,"AREA 85, TSEUNG KWAN O, NEW TERRITORIES",HIGH-TIER DATA CENTRE,data_centre,10300,428,,high_verified,,,TSEUNG KWAN O TOWN LOT NO. 122,5,Wealth Up Development Limited (SunEvision Holdings Limited),(1) HKCOLO Limited (Goodcolo (Holding) Limited);<br/>(2) iTech Tower 3 Limited (Grand Ming Group Holdings Limited);<br/>(3) Outer Space Technology (HK) Limited; and <br/>(4) Sunlight Developments Limited (Goodman HK Investments). | N.A. | N.A.,22.29329047,114.2742349,govt-led,FY rule: Application List abolished Feb 2013; all sales government-initiated,SUNeVision Holdings Limited,,,,,yes,https://www.info.gov.hk/gia/general/201310/09/P201310090534.htm,"Awarded 9 Oct 2013 Area 85 data centre; min GFA 26,400 sq m; max GFA not stated",SUNeVision,non_property,https://www.info.gov.hk/gia/general/201310/09/P201310090534.htm | raw/2013-2014/TSEUNGKWANOTOWNLOTNO122__result.pdf,https://www.info.gov.hk/gia/general/201310/09/P201310090534.htm | raw/2013-2014/TSEUNGKWANOTOWNLOTNO122__result.pdf,,unverified,,,,,,,,No consent,
2013-2014,17-Oct-13,tender,TUEN MUN TOWN LOT NO. 498,"WU ON STREET, AREA 44, TUEN MUN, NEW TERRITORIES",RESIDENTIAL R2,residential,2231,551,,high_verified,2GETHER,8 WU ON STREET,TUEN MUN TOWN LOT NO. 498,10,Rainbow Alpha Holdings Limited (HKR International Limited),(1) Earn Crown Investment Limited (Emperor International Holdings Limited);<br/>(2) Fine Time Development Limited (Hong Kong Ferry (Holdings) Company Limited);<br/>(3) Manful Global Development Limited (K. Wah International Holdings Limited);<br/>(4) Oriental Allied Investment Limited (Wang On Group Limited);<br/>(5) Truelink Limited (Sun Hung Kai Properties Limited);<br/>(6) Ultimate Chance Investments Limited;<br/>(7) Ultimate Lead Limited (Paliburg Holdings Limited and Regal Hotels International Holdings Limited);<br/>(8) Wilson Investments Limited (Cheung Kong (Holdings) Limited); and <br/>(9) World Talent (Hong Kong) Limited (Sino Land Company Limited). | N.A. | N.A.,22.3760934,113.9676654,govt-led,FY rule: Application List abolished Feb 2013; all sales government-initiated,,,,,,,,not found - awarded 17 Oct 2013 Wu On St (2GETHER); tenderer/max GFA not located,,,https://www.info.gov.hk/gia/general/201310/17/P201310170529.htm | raw/2013-2014/TUENMUNTOWNLOTNO498__winner.pdf,https://www.info.gov.hk/gia/general/201310/17/P201310170529.htm | raw/2013-2014/TUENMUNTOWNLOTNO498__winner.pdf,https://www.landsd.gov.hk/doc/en/consent/district/since1994/pdf/Tuen%20Mun%5Bfrom%201994%5D.pdf | raw/2013-2014/TUENMUNTOWNLOTNO498__devname.pdf,unverified,220,,purchaser to build elderly day care centre (é•·è€…æ—¥é–“è­·ç†ä¸­å¿ƒ) as Government accommodation,http://www.info.gov.hk/gia/general/201310/17/P201310170523.htm,verified,2GETHER | 2gether,APPROVAL OF DEED OF MUTUAL COVENANT AND MANAGEMENT AGREEMENT | CONSENT TO SELL FOR RESIDENTIAL DEVELOPMENT | RAINBOW ALPHA HOLDINGS LIMITED,Named development,4 October 2016 | 8/7/2017
2013-2014,17-Oct-13,tender,LOT NO. 1003 IN DEMARCATION DISTRICT NO. 40,"JUNCTION OF SHUN LUNG STREET AND SHUN CHEONG STREET, SHA TAU KOK, NEW TERRITORIES",RESIDENTIAL R2,residential,3344,143,,high_verified,MARIN POINT,31 SHUN LUNG STREET,LOT NO. 1003 IN DEMARCATION DISTRICT NO. 40,5,Jarton Limited (Far East Consortium International Limited),(1) Dragon Achieve Limited;<br/>(2) East Region Limited (Sino Land Company Limited);<br/>(3) Grandwall Investment Limited (Wang On Group Limited); and <br/>(4) Time Fort Limited. | N.A. | N.A.,22.54404005,114.2254218,govt-led,FY rule: Application List abolished Feb 2013; all sales government-initiated,,,,,,,,not found - awarded 17 Oct 2013 Sha Tau Kok (Marin Point); tenderer/max GFA not located,,,https://www.info.gov.hk/gia/general/201310/17/P201310170529.htm | raw/2013-2014/LOTNO1003INDEMARCATIONDISTRICTNO40__winner.pdf,https://www.info.gov.hk/gia/general/201310/17/P201310170529.htm | raw/2013-2014/LOTNO1003INDEMARCATIONDISTRICTNO40__winner.pdf,https://www.landsd.gov.hk/doc/en/consent/district/since1994/pdf/North%5Bfrom%201994%5D.pdf | raw/2013-2014/LOTNO1003INDEMARCATIONDISTRICTNO40__devname.pdf,unverified,240,,,http://www.info.gov.hk/gia/general/201310/17/P201310170523.htm,verified,Marin Point,APPROVAL OF DEED OF MUTUAL COVENANT AND MANAGEMENT AGREEMENT | CONSENT TO SELL FOR NON-RESIDENTIAL DEVELOPMENT | CONSENT TO SELL FOR RESIDENTIAL DEVELOPMENT | JARTON LIMITED,Named development,13 April 2017 | 31 October 2018
2013-2014,6-Nov-13,tender,INLAND LOT NO. 9036,"COTTON TREE DRIVE, HONG KONG",HOTEL,hotel,6330,4400,,high_verified,,,INLAND LOT NO. 9036,18,Smart Event Investments Limited (Harbour Centre Development Limited),"(1) A & F Property Development Company Limited;<br/>(2) Best Vision Development Limited (Sun Hung Kai Properties Limited);<br/>(3) Clear Gain Investments Limited (Regal Hotels International Holdings Limited);<br/>(4) Concord Excellent Limited (Smart Launch Limited);<br/>(5) Elite Prize Limited (Wisetop Plus Limited);<br/>(6) Heaven Power Hotel (HK) Limited (Heaven Power Group (China) Limited);<br/>(7) Land Favour Investments Limited (New World Hotels (Holdings) Limited);<br/>(8) Magic Energy Limited (Great Eagle Holdings Limited);<br/>(9) OUE Properties (Hong Kong) Co., Limited (OUE Limited);<br/>(10) Prime Asia Inc Limited;<br/>(11) Shun Ho Real Estate Limited (Magnificent Estates Limited);<br/>(12) Sky Vision Development Limited (Sino Land Company Limited, CSI Properties Limited, Empire Group Holdings Limited and Lai Sun Development Company Limited);<br/>(13) Smart Tycoon Limited (Silver Era Limited);<br/>(14) Star Bright Development Limited (Galaxy Entertainment Group Limited);<br/>(15) Treasure King Investment Limited (Cheung Kong (Holdings) Limited);<br/>(16) Ultimate Chance Investments Limited; and <br/>(17) Victor Solution Limited (Dorsett Hospitality International Limited). | N.A. | N.A.",22.27803629,114.1601645,govt-led,FY rule: Application List abolished Feb 2013; all sales government-initiated,Harbour Centre Development Limited,30200,sq m,13536,HK$/sq ft,yes,https://www.devb.gov.hk/en/publications_and_press_releases/press/index_id_8055.html,Awarded 6 Nov 2013 Murray Building Cotton Tree Dr hotel,Harbour Centre Development Limited,other,https://www.devb.gov.hk/en/publications_and_press_releases/press/index_id_8055.html | raw/2013-2014/INLANDLOTNO9036__result.pdf,https://www.devb.gov.hk/en/publications_and_press_releases/press/index_id_8055.html | raw/2013-2014/INLANDLOTNO9036__result.pdf,,unverified,,,,,,,,No consent,
2013-2014,6-Nov-13,tender,NEW KOWLOON INLAND LOT NO. 6312,"JUNCTION OF WANG CHIU ROAD AND LAM LEE STREET, KOWLOON BAY, KOWLOON",COMMERCIAL,commercial,4297,2638,,high_verified,,,NEW KOWLOON INLAND LOT NO. 6312,17,Star Wing International Limited (Swire Properties Limited),(1) Conford Investments Limited (Cheung Kong (Holdings) Limited);<br/>(2) Dragon Achieve Limited;<br/>(3) East Region Limited (Sino Land Company Limited);<br/>(4) Ever Merits Investments Limited (Wheelock Properties Limited);<br/>(5) Globaluck Limited (Sun Hung Kai Properties Limited);<br/>(6) Leader Dynamic Limited (Glory Ocean Investments Limited);<br/>(7) Lucky Nice Limited (Chinese Estates Holdings Limited);<br/>(8) Mass Treasure Limited;<br/>(9) Ocean Victory Investment Limited (Asia Standard International Group Limited);<br/>(10) Royal Billion Investment Limited (Billion Ample Holdings Inc);<br/>(11) Royal Mark Investments Limited (K. Wah International Holdings Limited);<br/>(12) Sun Brand Limited (Smart Source Management Limited);<br/>(13) Sunstone KB (HKSAR) Limited (Mapletree Investments Pte Limited);<br/>(14) Super Record Limited (New World Development Company Limited);<br/>(15) Ultimate Chance Investments Limited; and <br/>(16) Ultimate Lead Limited (Paliburg Holdings Limited and Regal Hotels International Holdings Limited). | N.A. | N.A.,22.32370839,114.2095368,govt-led,FY rule: Application List abolished Feb 2013; all sales government-initiated,Swire Properties Limited,51564,sq m,4753,HK$/sq ft,yes,https://www.info.gov.hk/gia/general/201311/06/P201311060618.htm,Awarded 6 Nov 2013 Kowloon Bay commercial,Swire Properties,local_major,https://www.info.gov.hk/gia/general/201311/06/P201311060618.htm | raw/2013-2014/NEWKOWLOONINLANDLOTNO6312__result.pdf,https://www.info.gov.hk/gia/general/201311/06/P201311060618.htm | raw/2013-2014/NEWKOWLOONINLANDLOTNO6312__result.pdf,,unverified,,,,,,,,No consent,
2013-2014,6-Nov-13,tender,LOT NO. 1180 IN DEMARCATION DISTRICT NO. 215,"HONG TSUEN ROAD, SAI KUNG TUK, SAI KUNG, NEW TERRITORIES",RESIDENTIAL R3,residential,8073,850,,high_verified,PARK MEDITERRANEAN,9 HONG TSUEN ROAD,LOT NO. 1180 IN DEMARCATION DISTRICT NO. 215,9,World Talent (Hong Kong) Limited (Sino Land Company Limited),(1) Acura Enterprises Limited (Tai Cheung Holdings Limited);<br/>(2) Big Right Investment Limited (Emperor International Holdings Limited);<br/>(3) Casanova Investments Limited (Cheung Kong (Holdings) Limited);<br/>(4) Manful Global Development Limited (K. Wah International Holdings Limited);<br/>(5) Pacific Ace Investments Limited (Early Light International (Holdings) Limited and Wang On Group Limited);<br/>(6) Time Fort Limited;<br/>(7) Top State Development Limited (Sun Hung Kai Properties Limited); and <br/>(8) Winstead Limited (Lai Sun Development Company Limited). | N.A. | N.A.,22.37850691,114.2660208,govt-led,FY rule: Application List abolished Feb 2013; all sales government-initiated,Sino Land Company Limited,16146,sq m,4891,HK$/sq ft,yes,https://www.info.gov.hk/gia/general/201311/06/P201311060618.htm,Awarded 6 Nov 2013 Sai Kung Tuk (Park Mediterranean),Sino Land,local_major,https://www.info.gov.hk/gia/general/201311/06/P201311060618.htm | raw/2013-2014/LOTNO1180INDEMARCATIONDISTRICTNO215__result.pdf,https://www.info.gov.hk/gia/general/201311/06/P201311060618.htm | raw/2013-2014/LOTNO1180INDEMARCATIONDISTRICTNO215__result.pdf,https://www.landsd.gov.hk/doc/en/consent/district/since1994/pdf/Sai%20Kung%5Bfrom%201994%5D.pdf | raw/2013-2014/LOTNO1180INDEMARCATIONDISTRICTNO215__devname.pdf,unverified,270,,,http://www.info.gov.hk/gia/general/201311/06/P201311060622.htm,verified,Park Mediterranean,APPROVAL OF DEED OF MUTUAL COVENANT AND MANAGEMENT AGREEMENT | CONSENT TO SELL FOR RESIDENTIAL DEVELOPMENT | WORLD TALENT (HONG KONG) LIMITED,Named development,30-Jun-16
2013-2014,13-Nov-13,tender,LOT NO. 2640 IN DEMARCATION DISTRICT NO. 92,"CASTLE PEAK ROAD-KWU TUNG, SHEUNG SHUI, NEW TERRITORIES",RESIDENTIAL R2,residential,14333,2888,,high_verified,EDEN MANOR,88 CASTLE PEAK ROAD KWU TUNG,LOT NO. 2640 IN DEMARCATION DISTRICT NO. 92,13,Winjoy Development Limited (Henderson Land Development Company Limited),"(1) Able Smart Development Limited (Poly Property Group Co., Limited);<br/>(2) Century Well Investment Limited (Chime Corporation Limited);<br/>(3) City Champion Investments Limited (Cheung Kong (Holdings) Limited);<br/>(4) Dragon Star H.K. Investments Limited (K. Wah International Holdings Limited);<br/>(5) Fortune Glory Development Limited (Ryoden Development Limited);<br/>(6) Great Alliance Limited (Sun Hung Kai Properties Limited);<br/>(7) Handy Solution Limited (Wheelock Properties Limited);<br/>(8) Kingland Century Limited (Lai Sun Development Company Limited);<br/>(9) Lucrative Venture Limited (New World Development Company Limited);<br/>(10) Smart Base Holdings Limited (Paliburg Holdings Limited and Regal Hotels International Holdings Limited);<br/>(11) Sure Strong Corporation Limited (Emperor International Holdings Limited); and <br/>(12) Ultimate Chance Investments Limited. | N.A. | N.A.",22.49984065,114.1198378,govt-led,FY rule: Application List abolished Feb 2013; all sales government-initiated,Henderson Land Development Company Limited,51598,sq m,5200,HK$/sq ft,yes,https://www.info.gov.hk/gia/general/201311/13/P201311130563.htm,Awarded 13 Nov 2013 Kwu Tung (Eden Manor),Henderson Land,local_major,https://www.info.gov.hk/gia/general/201311/13/P201311130563.htm | raw/2013-2014/LOTNO2640INDEMARCATIONDISTRICTNO92__result.pdf,https://www.info.gov.hk/gia/general/201311/13/P201311130563.htm | raw/2013-2014/LOTNO2640INDEMARCATIONDISTRICTNO92__result.pdf,https://www.landsd.gov.hk/doc/en/consent/district/since1994/pdf/North%5Bfrom%201994%5D.pdf | raw/2013-2014/LOTNO2640INDEMARCATIONDISTRICTNO92__devname.pdf,unverified,515,,,http://www.info.gov.hk/gia/general/201311/13/P201311130561.htm,verified,Eden Manor,APPROVAL OF DEED OF MUTUAL COVENANT AND MANAGEMENT AGREEMENT | CONSENT TO SELL FOR RESIDENTIAL DEVELOPMENT | WINJOY DEVELOPMENT LIMITED,Named development,10-Jan-17
2013-2014,13-Nov-13,tender,TSING LUNG TAU TOWN LOT NO. 70,"TSING LUNG TAU, TSUEN WAN, NEW TERRITORIES",RESIDENTIAL R3,residential,4868,500.18,,high_verified,L'AQUATIQUE,108 CASTLE PEAK ROAD TSING LUNG TAU,,,Nan Hua International Engineering Company Limited,,,,govt-led,FY rule: Application List abolished Feb 2013; all sales government-initiated,,12267,sq m,3788,HK$/sq ft,yes,https://www.info.gov.hk/gia/general/201311/13/P201311130563.htm,Awarded 13 Nov 2013 Tsing Lung Tau (L'AQUATIQUE),Nan Hua International Engineering Company Limited,other,https://www.info.gov.hk/gia/general/201311/13/P201311130563.htm | raw/2013-2014/TSINGLUNGTAUTOWNLOTNO70__result.pdf,https://www.info.gov.hk/gia/general/201311/13/P201311130563.htm | raw/2013-2014/TSINGLUNGTAUTOWNLOTNO70__result.pdf,https://www.landsd.gov.hk/doc/en/consent/district/since1994/pdf/Tsuen%20Wan%5Bfrom%201994%5D.pdf | raw/2013-2014/TSINGLUNGTAUTOWNLOTNO70__devname.pdf,unverified,175,,,http://www.info.gov.hk/gia/general/201311/13/P201311130561.htm,verified,,,No consent,
2013-2014,11-Dec-13,tender,TUEN MUN TOWN LOT NO. 490,"CASTLE PEAK ROAD, TAI LAM, TUEN MUN, NEW TERRITORIES",RESIDENTIAL R3,residential,2050,138.8,,high_verified,SEASIDE CASTLE,9 CHING LAI ROAD,TUEN MUN TOWN LOT NO. 490,3,Sure Strong Corporation Limited (Emperor International Holdings Limited),(1) East Region Limited (Sino Land Company Limited); and <br/>(2) Time Fort Limited. | N.A. | N.A.,22.36518157,114.0119949,govt-led,FY rule: Application List abolished Feb 2013; all sales government-initiated,,,,,,,,not found - awarded 11 Dec 2013 Tai Lam (Seaside Castle); tenderer/max GFA not located,,,https://www.info.gov.hk/gia/general/201312/11/P201312110519.htm | raw/2013-2014/TUENMUNTOWNLOTNO490__winner.pdf,https://www.info.gov.hk/gia/general/201312/11/P201312110519.htm | raw/2013-2014/TUENMUNTOWNLOTNO490__winner.pdf,https://www.landsd.gov.hk/doc/en/consent/district/since1994/pdf/Tuen%20Mun%5Bfrom%201994%5D.pdf | raw/2013-2014/TUENMUNTOWNLOTNO490__devname.pdf,match,,,,http://www.info.gov.hk/gia/general/201312/11/P201312110523.htm,verified,Seaside Castle,APPROVAL OF DEED OF MUTUAL COVENANT AND MANAGEMENT AGREEMENT | CONSENT TO SELL FOR RESIDENTIAL DEVELOPMENT | SURE STRONG CORPORATION LIMITED,Named development,27-May-20
2013-2014,11-Dec-13,tender,TUEN MUN TOWN LOT NO. 495,"KWUN FUNG STREET, SIU LAM, TUEN MUN, NEW TERRITORIES",RESIDENTIAL R4,residential,1960,60.08,,high_verified,,,TUEN MUN TOWN LOT NO. 495,11,Fortune Loyal Development Limited,(1) Capital Bright Development Limited (Sino Land Company Limited);<br/>(2) Charm Harvest Development Limited (Shell Electric Holdings Limited);<br/>(3) City Sight Limited (Far East Consortium International Limited);<br/>(4) Eurosia Holdings (Development) Limited;<br/>(5) JW Asia Limited;<br/>(6) Regenton Limited;<br/>(7) Root Investment Limited;<br/>(8) Top House Properties Limited (MCC Overseas HK Limited);<br/>(9) Treasure Mega Limited; and <br/>(10) Ultimate Chance Investments Limited. | N.A. | N.A.,22.36889149,114.0083325,govt-led,FY rule: Application List abolished Feb 2013; all sales government-initiated,,,,,,,,not found - awarded 11 Dec 2013 Kwun Fung St Siu Lam; tenderer/max GFA not located,,,https://www.info.gov.hk/gia/general/201312/11/P201312110519.htm | raw/2013-2014/TUENMUNTOWNLOTNO495__winner.pdf,https://www.info.gov.hk/gia/general/201312/11/P201312110519.htm | raw/2013-2014/TUENMUNTOWNLOTNO495__winner.pdf,,match,,,,http://www.info.gov.hk/gia/general/201312/11/P201312110523.htm,verified,,,No consent,
2013-2014,27-Dec-13,tender,NEW KOWLOON INLAND LOT NO. 6521,"79 LAI CHI KOK ROAD, KOWLOON",PETROL FILLING STATION,petrol_or_ev,,,yes,high_verified,,,NEW KOWLOON INLAND LOT NO. 6521,---------,---------,--------- | N.A. | TENDER WITHDRAWN ON 27 DECEMBER 2013,22.33419527,114.1530202,govt-led,FY rule: Application List abolished Feb 2013; all sales government-initiated,,,,,,,,,,,,,,,,,,,,,,No consent,
2013-2014,15-Jan-14,tender,KWUN TONG INLAND LOT NO. 761,"JUNCTION OF HANG YIP STREET, YAN YIP STREET AND KWUN TONG ROAD, KWUN TONG, KOWLOON",COMMERCIAL,commercial,5112,3769,,high_verified,,,KWUN TONG INLAND LOT NO. 761,12,Sunstone KB (HKSAR) Limited (Mapletree Investments Pte Limited),(1) Dragon Epoch Limited;<br/>(2) East Region Limited (Sino Land Company Limited);<br/>(3) Macro East Limited;<br/>(4) Modern Hong Kong Limited (Swire Properties Limited);<br/>(5) Rosy Advance Limited (Rosy Isle Limited);<br/>(6) Smart Base Holdings Limited (Paliburg Holdings Limited & Regal Hotels International Holdings Limited);<br/>(7) Smart Union Limited (Chinese Estates Holdings Limited);<br/>(8) Super Record Limited (New World Development Company Limited);<br/>(9) Ultimate Chance Investments Limited;<br/>(10) Wealthy Bay Limited (The Wharf (Holdings) Limited); and <br/>(11) Wilson Investments Limited (Cheung Kong (Holdings) Limited). | N.A. | N.A.,22.31507774,114.2172111,govt-led,FY rule: Application List abolished Feb 2013; all sales government-initiated,Mapletree Investments Pte Limited,61344,sq m,5708,HK$/sq ft,yes,https://www.devb.gov.hk/en/publications_and_press_releases/press/index_id_8129.html,Awarded 15 Jan 2014 Kwun Tong commercial,Mapletree,non_property_logistics,https://www.devb.gov.hk/en/publications_and_press_releases/press/index_id_8129.html | raw/2013-2014/KWUNTONGINLANDLOTNO761__result.pdf,https://www.devb.gov.hk/en/publications_and_press_releases/press/index_id_8129.html | raw/2013-2014/KWUNTONGINLANDLOTNO761__result.pdf,,unverified,,,,,,,,No consent,
2013-2014,15-Jan-14,tender,SHA TIN TOWN LOT NO. 603,"LOK LAM ROAD, FO TAN, SHA TIN, NEW TERRITORIES",RESIDENTIAL R3,residential,1190,210.1,,high_verified,MOUNT VIENNA,8 LOK LAM ROAD,SHA TIN TOWN LOT NO. 603,13,Eltara Limited (AG Acquisition O (BVI) Limited),(1) Capital Bright Development Limited (Sino Land Company Limited);<br/>(2) Century Wisdom Limited (National Electronics Holdings Limited);<br/>(3) City Sight Limited (Far East Consortium International Limited);<br/>(4) Ever Shine Development Limited (Letrich Property Limited);<br/>(5) Get Nice International Limited (Get Nice Holdings Limited);<br/>(6) HKRP Management Limited (HKR International Limited);<br/>(7) New Rich Investments Limited (Wang On Group Limited);<br/>(8) Rich Asia Management Limited (Yau Lee Holdings Limited);<br/>(9) Royal Billion Investment Limited (Billion Ample Holdings Inc);<br/>(10) Sunshine Business Holdings Limited;<br/>(11) Ultimate Lead Limited (Paliburg Holdings Limited & Regal Hotels International Holdings Limited); and <br/>(12) World Goal Limited (Emperor International Holdings Limited). | N.A. | N.A.,22.39949922,114.1998854,govt-led,FY rule: Application List abolished Feb 2013; all sales government-initiated,AG Acquisition O (BVI) Limited,2499,sq m,7811,HK$/sq ft,yes,https://www.devb.gov.hk/en/publications_and_press_releases/press/index_id_8129.html,Awarded 15 Jan 2014 Fo Tan (Mount Vienna),AG Acquisition O (BVI) Limited,other,https://www.devb.gov.hk/en/publications_and_press_releases/press/index_id_8129.html | raw/2013-2014/SHATINTOWNLOTNO603__result.pdf,https://www.devb.gov.hk/en/publications_and_press_releases/press/index_id_8129.html | raw/2013-2014/SHATINTOWNLOTNO603__result.pdf,https://www.landsd.gov.hk/doc/en/consent/district/since1994/pdf/Shatin%5Bfrom%201994%5D.pdf | raw/2013-2014/SHATINTOWNLOTNO603__devname.pdf,unverified,,,,http://www.info.gov.hk/gia/general/201401/15/P201401150546.htm,verified,Mount Vienna,ELTARA LIMITED,Named development,15-May-17
2013-2014,12-Feb-14,tender,TUEN MUN TOWN LOT NO. 508,"JUNCTION OF TSUN WEN ROAD AND LEUNG TAK STREET, AREA 2, TUEN MUN, NEW TERRITORIES",RESIDENTIAL R1,residential,3109,455.878888,,high_verified,ORI,3 LEUNG TAK STREET,TUEN MUN TOWN LOT NO. 508,8,Enormous Asset Limited (Easeon Assets Management Limited),(1) East Region Limited (Sino Land Company Limited);<br/>(2) Manful Global Development Limited (K. Wah International Holdings Limited);<br/>(3) Super Great Limited (Sun Hung Kai Properties Limited);<br/>(4) Swiss Investments Limited (Cheung Kong (Holdings) Limited);<br/>(5) Ultimate Chance Investments Limited (K&K Property Holdings Limited);<br/>(6) Ultimate Lead Limited (Paliburg Holdings Limited and Regal Hotels International Holdings Limited); and <br/>(7) World Goal Limited (Emperor International Holdings Limited). | N.A. | N.A.,22.40904946,113.968203,govt-led,FY rule: Application List abolished Feb 2013; all sales government-initiated,,,,,,,,not found - awarded 12 Feb 2014 Tsun Wen Rd (ORI); tenderer/max GFA not located,,,https://www.info.gov.hk/gia/general/201402/12/P201402120479.htm | raw/2013-2014/TUENMUNTOWNLOTNO508__winner.pdf,https://www.info.gov.hk/gia/general/201402/12/P201402120479.htm | raw/2013-2014/TUENMUNTOWNLOTNO508__winner.pdf,https://www.landsd.gov.hk/doc/en/consent/district/since1994/pdf/Tuen%20Mun%5Bfrom%201994%5D.pdf | raw/2013-2014/TUENMUNTOWNLOTNO508__devname.pdf,unverified,370,,,http://www.info.gov.hk/gia/general/201402/12/P201402120484.htm,verified,Ori,APPROVAL OF DEED OF MUTUAL COVENANT AND MANAGEMENT AGREEMENT | CONSENT TO SELL FOR NON-RESIDENTIAL DEVELOPMENT | CONSENT TO SELL FOR RESIDENTIAL DEVELOPMENT | ENORMOUS ASSET LIMITED,Named development,21 July 2016 | 30 September 2018
2013-2014,12-Feb-14,tender,TUEN MUN TOWN LOT NO. 509,"LEUNG TAK STREET, AREA 2, TUEN MUN, NEW TERRITORIES",RESIDENTIAL R1,residential,2440,430,,high_verified,EIGHT REGENCY,8 LEUNG TAK STREET,TUEN MUN TOWN LOT NO. 509,8,Top State Development Limited (Sun Hung Kai Properties Limited),(1) Capital Bright Development Limited (Sino Land Company Limited);<br/>(2) Charm City Investments Limited (Cheung Kong (Holdings) Limited);<br/>(3) City Sight Limited (Far East Consortium International Limited);<br/>(4) HKRP Management Limited (HKR International Limited);<br/>(5) Landwood Investment Limited (Nan Fung Development Limited);<br/>(6) Smart Base Holdings Limited (Paliburg Holdings Limited and Regal Hotels International Holdings Limited); and <br/>(7) Turnwell Limited (K. Wah International Holdings Limited). | N.A. | N.A.,22.40760747,113.9677255,govt-led,FY rule: Application List abolished Feb 2013; all sales government-initiated,,,,,,,,not found - awarded 12 Feb 2014 Leung Tak St (Eight Regency); tenderer/max GFA not located,,,https://www.info.gov.hk/gia/general/201402/12/P201402120479.htm | raw/2013-2014/TUENMUNTOWNLOTNO509__winner.pdf,https://www.info.gov.hk/gia/general/201402/12/P201402120479.htm | raw/2013-2014/TUENMUNTOWNLOTNO509__winner.pdf,https://www.landsd.gov.hk/doc/en/consent/district/since1994/pdf/Tuen%20Mun%5Bfrom%201994%5D.pdf | raw/2013-2014/TUENMUNTOWNLOTNO509__devname.pdf,unverified,290,,,http://www.info.gov.hk/gia/general/201402/12/P201402120484.htm,verified,Eight Regency,APPROVAL OF DEED OF MUTUAL COVENANT AND MANAGEMENT AGREEMENT | CONSENT TO SELL FOR NON-RESIDENTIAL DEVELOPMENT | CONSENT TO SELL FOR RESIDENTIAL DEVELOPMENT | TOP STATE DEVELOPMENT LIMITED,Named development,26 August 2016 | N.A.
2013-2014,25-Feb-14,tender,NEW KOWLOON INLAND LOT NO. 6525,"SITE 1, KAI TAK, KOWLOON",RESIDENTIAL R1,residential,8780,2911,,high_verified,VICTORIA SKYE,1 MUK NING STREET,NEW KOWLOON INLAND LOT NO. 6525,7,Ultimate Chance Investments Limited (K&K Property Holdings Limited),"(1) Jet Group Limited (Sun Hung Kai Properties Limited);<br/>(2) Juliyam Limited (Henderson Land Development Company Limited);<br/>(3) Manful Global Development Limited (K. Wah International Holdings Limited);<br/>(4) Ruby Global Limited (New World Development Company Limited;<br/> Sino Land Company Limited;<br/> Nan Fung Development Limited;<br/> CSI Properties Limited and Emperor International Holdings Limited);<br/>(5) Silver King Investments Limited (Cheung Kong (Holdings) Limited); and <br/>(6) Treasure Way (Hong Kong) Limited (Poly Property Group Co., Limited). | N.A. | N.A.",22.32832548,114.2021158,govt-led,FY rule: Application List abolished Feb 2013; all sales government-initiated,K&K Property Holdings Limited,48290,sq m,5600,HK$/sq ft,yes,https://www.info.gov.hk/gia/general/201402/25/P201402250468.htm,Awarded 25 Feb 2014 Kai Tak Site 1 (Victoria Skye),K&K Property,local_minor,https://www.info.gov.hk/gia/general/201402/25/P201402250468.htm | raw/2013-2014/NEWKOWLOONINLANDLOTNO6525__result.pdf,https://www.info.gov.hk/gia/general/201402/25/P201402250468.htm | raw/2013-2014/NEWKOWLOONINLANDLOTNO6525__result.pdf,https://www.landsd.gov.hk/doc/en/consent/district/since1994/pdf/KE%5Bfrom%201994%5D.pdf | raw/2013-2014/NEWKOWLOONINLANDLOTNO6525__devname.pdf,unverified,805,,,http://www.info.gov.hk/gia/general/201402/25/P201402250461.htm,verified,Victoria Skye,APPROVAL OF DEED OF MUTUAL COVENANT AND MANAGEMENT AGREEMENT | CONSENT TO SELL FOR RESIDENTIAL DEVELOPMENT | ULTIMATE CHANCE INVESTMENTS LIMITED,Named development,6-Apr-17
2013-2014,25-Feb-14,tender,NEW KOWLOON INLAND LOT NO. 6526,"SITE 2, KAI TAK, KOWLOON",RESIDENTIAL R1,residential,9313,2938.8,,high_verified,K. CITY,7 MUK NING STREET,NEW KOWLOON INLAND LOT NO. 6526,9,Royal Mark Investments Limited (K. Wah International Holdings Limited),"(1) Able Lucky Development Limited (Poly Property Group Co., Limited);<br/>(2) Art Champion Investment Limited (Cheung Kong (Holdings) Limited);<br/>(3) City Sight Limited (Far East Consortium International Limited);<br/>(4) Fortune Top Development Limited (Henderson Land Development Company Limited);<br/>(5) Good Assets Limited (Sun Hung Kai Properties Limited);<br/>(6) Grace Friend Limited;<br/>(7) Handy Solution Limited (Wheelock Properties Limited); and <br/>(8) Rainbow Dream Limited (New World Development Company Limited;<br/> Sino Land Company Limited;<br/> Nan Fung Development Limited;<br/> CSI Properties Limited and Emperor International Holdings Limited). | N.A. | N.A.",22.32798567,114.2016953,govt-led,FY rule: Application List abolished Feb 2013; all sales government-initiated,K. Wah International Holdings Limited,51221,sq m,5330,HK$/sq ft,yes,https://www.info.gov.hk/gia/general/201402/25/P201402250468.htm,Awarded 25 Feb 2014 Kai Tak Site 2 (K. City),K. Wah International,local_major,https://www.info.gov.hk/gia/general/201402/25/P201402250468.htm | raw/2013-2014/NEWKOWLOONINLANDLOTNO6526__result.pdf,https://www.info.gov.hk/gia/general/201402/25/P201402250468.htm | raw/2013-2014/NEWKOWLOONINLANDLOTNO6526__result.pdf,https://www.landsd.gov.hk/doc/en/consent/district/since1994/pdf/KE%5Bfrom%201994%5D.pdf | raw/2013-2014/NEWKOWLOONINLANDLOTNO6526__devname.pdf,unverified,855,,,http://www.info.gov.hk/gia/general/201402/25/P201402250461.htm,verified,K. City,APPROVAL OF DEED OF MUTUAL COVENANT AND MANAGEMENT AGREEMENT | CONSENT TO SELL FOR RESIDENTIAL DEVELOPMENT | ROYAL MARK INVESTMENTS LIMITED,Named development,3-Oct-16
2013-2014,25-Feb-14,tender,NEW KOWLOON INLAND LOT NO. 6527,"SITE 3, KAI TAK, KOWLOON",RESIDENTIAL R1,residential,10149,3923.420999,,high_verified,VIBE CENTRO,9 MUK NING STREET,NEW KOWLOON INLAND LOT NO. 6527,12,"Big Nice Development Limited (Poly Property Group Co., Limited)",(1) Autumn Fortune Limited (Autumn Dragon Limited);<br/>(2) Brand Rise Limited (Shimao Property Holdings Limited);<br/>(3) Dragon Star H.K. Investments Limited (K. Wah International Holdings Limited);<br/>(4) Golden Centurion Limited (Wheelock Properties Limited);<br/>(5) Grace Friend Limited;<br/>(6) Great Alliance Limited (Sun Hung Kai Properties Limited);<br/>(7) Magic Energy Limited (Great Eagle Holdings Limited);<br/>(8) Smart Base Holdings Limited (Paliburg Holdings Limited and Regal Hotels International Holdings Limited);<br/>(9) Smart Bright Development Limited (Henderson Land Development Company Limited);<br/>(10) Spring Advance Holdings Limited (New World Development Company Limited;<br/> Sino Land Company Limited;<br/> Nan Fung Development Limited;<br/> CSI Properties Limited and Emperor International Holdings Limited); and <br/>(11) Treasure King Investment Limited (Cheung Kong (Holdings) Limited). | N.A. | N.A.,22.32754515,114.201198,govt-led,FY rule: Application List abolished Feb 2013; all sales government-initiated,"Poly Property Group Co., Limited",55819,sq m,6530,HK$/sq ft,yes,https://www.info.gov.hk/gia/general/201402/25/P201402250468.htm,Awarded 25 Feb 2014 Kai Tak Site 3 (Vibe Centro),Poly Property,mainland,https://www.info.gov.hk/gia/general/201402/25/P201402250468.htm | raw/2013-2014/NEWKOWLOONINLANDLOTNO6527__result.pdf,https://www.info.gov.hk/gia/general/201402/25/P201402250468.htm | raw/2013-2014/NEWKOWLOONINLANDLOTNO6527__result.pdf,https://www.landsd.gov.hk/doc/en/consent/district/since1994/pdf/KE%5Bfrom%201994%5D.pdf | raw/2013-2014/NEWKOWLOONINLANDLOTNO6527__devname.pdf,unverified,930,,,http://www.info.gov.hk/gia/general/201402/25/P201402250461.htm,verified,Vibe Centro,APPROVAL OF DEED OF MUTUAL COVENANT AND MANAGEMENT AGREEMENT | BIG NICE DEVELOPMENT LIMITED | CONSENT TO SELL FOR RESIDENTIAL DEVELOPMENT,Named development,9-Feb-17
2013-2014,12-Mar-14,tender,LOT NO. 1681 IN DEMARCATION DISTRICT NO. 243,"JUNCTION OF PIK SHA ROAD AND CLEAR WATER BAY ROAD, SAI KUNG, NEW TERRITORIES",RESIDENTIAL R3,residential,1242.7,160,,high_verified,,,LOT NO. 1681 IN DEMARCATION DISTRICT NO. 243,17,Ever Shine Development Limited (Letrich Property Limited),(1) All Great Investment Limited (Emperor International Holdings Limited);<br/>(2) Big Ocean Corporation Limited (Jet Ocean Properties Limited);<br/>(3) Ease Treasure Investment Limited (Great Eagle Holdings Limited);<br/>(4) East Region Limited (Sino Land Company Limited);<br/>(5) Firstway Holdings Limited (Paliburg Holdings Limited and Regal Hotels International Holdings Limited);<br/>(6) Fortune Investment Holding Limited;<br/>(7) Gain Prosperity Limited;<br/>(8) Grace Friend Limited;<br/>(9) Moral Smart Capital Investment Limited (Gemini Investments (Holdings) Limited);<br/>(10) New Acme Holdings Limited;<br/>(11) Noble Fame Development Limited (Chuang's Consortium International Limited);<br/>(12) On Grand (H.K.) Limited (Vigour City Limited (B.V.I.));<br/>(13) Rich Asia Management Limited (Yau Lee Holdings Limited);<br/>(14) Star Eagle Enterprises Limited (Outerspace Development Limited);<br/>(15) Sunny Eastern Limited (Bonds Group Company Limited); and <br/>(16) Time Fort Limited (K&K Property Holdings Limited). | N.A. | N.A.,22.31866459,114.2736977,govt-led,FY rule: Application List abolished Feb 2013; all sales government-initiated,,,,,,,,not found - awarded 12 Mar 2014 Pik Sha Rd Sai Kung; tenderer/max GFA not located,,,https://www.info.gov.hk/gia/general/201403/12/P201403120545.htm | raw/2013-2014/LOTNO1681INDEMARCATIONDISTRICTNO243__winner.pdf,https://www.info.gov.hk/gia/general/201403/12/P201403120545.htm | raw/2013-2014/LOTNO1681INDEMARCATIONDISTRICTNO243__winner.pdf,,match,,,,http://www.info.gov.hk/gia/general/201403/12/P201403120544.htm,verified,,,No consent,
2013-2014,12-Mar-14,tender,TAI PO TOWN LOT NO. 213,"FO CHUN ROAD, PAK SHEK KOK, TAI PO, NEW TERRITORIES",RESIDENTIAL R2,residential,,,yes,high_verified,,,TAI PO TOWN LOT NO. 213,7,---------,(1) Capital Bright Development Limited (Sino Land Company Limited);<br/>(2) Citypoint Investment Limited (Cheung Kong (Holdings) Limited);<br/>(3) Handy Solution Limited (Wheelock Properties Limited);<br/>(4) Magic Energy Limited (Great Eagle Holdings Limited);<br/>(5) Smart Base Holdings Limited (Paliburg Holdings Limited and Regal Hotels International Holdings Limited);<br/>(6) Super Great Limited (Sun Hung Kai Properties Limited); and<br/>(7) Super Record Limited (New World Development Company Limited). | N.A. | TENDER WITHDRAWN ON 12 MARCH 2014,22.429805,114.2069997,govt-led,FY rule: Application List abolished Feb 2013; all sales government-initiated,,,,,,,,,,,,,,,,,,http://www.info.gov.hk/gia/general/201401/02/P201401020269.htm,verified,THE HORIZON | The Horizon,APPROVAL OF DEED OF MUTUAL COVENANT AND MANAGEMENT AGREEMENT | CONSENT TO SELL FOR RESIDENTIAL DEVELOPMENT | TOP FINDER LIMITED,Named development,3-Sep-18
2013-2014,25-Mar-14,tender,SHA TIN TOWN LOT NO. 581,"WHITEHEAD, MA ON SHAN, SHA TIN, NEW TERRITORIES",RESIDENTIAL R3,residential,37700,1826,,high_verified,ST. BARTHS DEVELOPMENT,9 YIU SHA ROAD,SHA TIN TOWN LOT NO. 581,11,Good Assets Limited (Sun Hung Kai Properties Limited),(1) Capital Bright Development Limited (Sino Land Company Limited);<br/>(2) Dream Garden Investments Limited (New World Development Company Limited and Henderson Land Development Company Limited);<br/>(3) Ease Treasure Investment Limited (Great Eagle Holdings Limited);<br/>(4) Handy Solution Limited (Wheelock Properties Limited);<br/>(5) Manful Global Development Limited (K. Wah International Holdings Limited);<br/>(6) NMC 8 Limited (Kerry Properties Limited);<br/>(7) Polyland Development Limited (Far East Consortium International Limited);<br/>(8) Smart Base Holdings Limited (Paliburg Holdings Limited and Regal Hotels International Holdings Limited);<br/>(9) Time Fort Limited (K&K Property Holdings Limited); and <br/>(10) Wilson Investments Limited (Cheung Kong (Holdings) Limited). | N.A. | N.A.,22.43417444,114.2409669,govt-led,FY rule: Application List abolished Feb 2013; all sales government-initiated,Sun Hung Kai Properties Limited,40000,sq m,4241,HK$/sq ft,yes,https://www.info.gov.hk/gia/general/201403/25/P201403250509.htm,Awarded 25 Mar 2014 Whitehead Ma On Shan (St. Barths),Sun Hung Kai Properties,local_major,https://www.info.gov.hk/gia/general/201403/25/P201403250509.htm | raw/2013-2014/SHATINTOWNLOTNO581__result.pdf,https://www.info.gov.hk/gia/general/201403/25/P201403250509.htm | raw/2013-2014/SHATINTOWNLOTNO581__result.pdf,https://www.landsd.gov.hk/doc/en/consent/district/since1994/pdf/Shatin%5Bfrom%201994%5D.pdf | raw/2013-2014/SHATINTOWNLOTNO581__devname.pdf,unverified,,,,http://www.info.gov.hk/gia/general/201403/25/P201403250507.htm,verified,St. Barths Development (Phase 1) | St. Barths Development (Phase 2),GOOD ASSETS LIMITED,Named development,13 March 2017 | N.A.
2013-2014,25-Mar-14,tender,LOT NO. 682 IN DEMARCATION DISTRICT PENG CHAU,"KAU YUK ROAD, PENG CHAU, NEW TERRITORIES",RESIDENTIAL R3,residential,1742,21,,high_verified,,,LOT NO. 682 IN DEMARCATION DISTRICT PENG CHAU,3,Sino Kingdom Development Limited (Fame State Investments Limited),(1) Beacon Hill Garden Limited; and <br/>(2) Fortune In Wealth Company Limited. | N.A. | N.A.,22.28583511,114.0391294,govt-led,FY rule: Application List abolished Feb 2013; all sales government-initiated,Fame State Investments Limited,1306.5,sq m,1493,HK$/sq ft,yes,https://www.info.gov.hk/gia/general/201403/25/P201403250509.htm,Awarded 25 Mar 2014 Kau Yuk Rd Peng Chau,Fame State Investments Limited,other,https://www.info.gov.hk/gia/general/201403/25/P201403250509.htm | raw/2013-2014/LOTNO682INDEMARCATIONDISTRICTPENGCHAU__result.pdf,https://www.info.gov.hk/gia/general/201403/25/P201403250509.htm | raw/2013-2014/LOTNO682INDEMARCATIONDISTRICTPENGCHAU__result.pdf,,unverified,,,,http://www.info.gov.hk/gia/general/201403/25/P201403250507.htm,verified,Treasure Cove II,APPROVAL OF DEED OF MUTUAL COVENANT AND MANAGEMENT AGREEMENT,Named development,
2014-2015,9/4/2014,tender,KOWLOON 650 INLAND LOT NO. 6410,"CHEUNG SHA WAN ROAD, KOWLOON",COMMERCIAL OFFICE,commercial,1498.4,1002,,high,,,,,First Assets Investment Company Limited,,,,govt-led,FY rule: Application List abolished Feb 2013; all sales government-initiated,First Group Holdings Limited,17980,sq m,5177,HK$/sq ft,yes,https://www.info.gov.hk/gia/general/201404/09/P201404090741.htm,Lot = New Kowloon Inland Lot No. 6410 (650 Cheung Sha Wan Rd); commercial/office,First Group Holdings Limited,other,https://www.info.gov.hk/gia/general/201404/09/P201404090741.htm | raw/2014-2015/KOWLOON650INLANDLOTNO6410__result.pdf,https://www.info.gov.hk/gia/general/201404/09/P201404090741.htm | raw/2014-2015/KOWLOON650INLANDLOTNO6410__result.pdf,,,,,,,,,,No consent,
2014-2015,9/4/2014,tender,SHAU KEI WAN INLAND LOT NO. 854 KEI,"JUNCTION OF OI KAN ROAD AND OI TAK STREET, SHAU WAN, HONG KONG",RESIDENTIAL R1,residential,476.4,433.599,,high,,,SHAU KEI WAN INLAND LOT NO.854,10,Oasis Rainbow Limited (Star Touch Limited),(1) Capital Benefit Limited (Great Plan Global Limited);<br/>(2) Circle World Limited (Emperor International Holdings Limited);<br/>(3) Easy Success Enterprises Limited (Chuang's Consortium International Limited);<br/>(4) Get Nice International Limited (Get Nice Holdings Limited);<br/>(5) Grace Friend Limited;<br/>(6) Grandwall Investment Limited (Wang On Group Limited);<br/>(7) Ocean Victory Investment Limited (Asia Standard International Group Limited);<br/>(8) Rich Asia Management Limited (Yau Lee Holdings Limited); and <br/>(9) Time Fort Limited (K&K Property Holdings Limited). | N.A. | N.A.,22.28273918,114.2258139,govt-led,FY rule: Application List abolished Feb 2013; all sales government-initiated,not found,4287,sq m,9397,HK$/sq ft,yes,https://www.info.gov.hk/gia/general/201404/09/P201404090741.htm,OCR-garbled lot string; = Shau Kei Wan Inland Lot No. 854,Oasis Rainbow Limited,other,https://www.info.gov.hk/gia/general/201404/09/P201404090741.htm | raw/2014-2015/SHAUKEIWANINLANDLOTNO854KEI__result.pdf,https://www.info.gov.hk/gia/general/201404/09/P201404090741.htm | raw/2014-2015/SHAUKEIWANINLANDLOTNO854KEI__result.pdf,,,,,,http://www.info.gov.hk/gia/general/201404/09/P201404090738.htm,verified,,APPROVAL OF DEED OF MUTUAL COVENANT AND MANAGEMENT AGREEMENT | CONSENT TO SELL FOR RESIDENTIAL DEVELOPMENT | OASIS RAINBOW LIMITED,Pending,26-Jul-17
2014-2015,9/4/2014,tender,TIN TOWN MEI LOT NO. 604,"TIN ROAD, TAI WAI, SHA TIN, NEW TERRITORIES",RESIDENTIAL R1,residential,687,148,,high,THE GARRISON,28 MEI TIN ROAD,,,Polyland Development Limited,,,,govt-led,FY rule: Application List abolished Feb 2013; all sales government-initiated,not found,2061,sq m,6672,HK$/sq ft,yes,https://www.info.gov.hk/gia/general/201404/09/P201404090741.htm,OCR-garbled; = Sha Tin Town Lot No. 604 (Mei Tin Rd); GFA is non-industrial max,Polyland Development Limited,other,https://www.info.gov.hk/gia/general/201404/09/P201404090741.htm | raw/2014-2015/TINTOWNMEILOTNO604__result.pdf,https://www.info.gov.hk/gia/general/201404/09/P201404090741.htm | raw/2014-2015/TINTOWNMEILOTNO604__result.pdf,https://hk.centanet.com/estate/en/The%20Garrison/2-GYPPWWPJWK | raw/2014-2015/TINTOWNMEILOTNO604__devname.pdf,,,,,http://www.info.gov.hk/gia/general/201404/09/P201404090738.htm,verified,,,No consent,
2014-2015,14/05/2014,tender,RURAL BUILDING LOT NO. 1198,"JUNCTION OF SHOUSON HILL ROAD WEST AND WONG CHUK HANG PATH, HONG KONG",RESIDENTIAL R3,residential,10860,2708.08,,high,NO.15 SHOUSON,15 SHOUSON HILL ROAD,RURAL BUILDING LOT NO. 1198,16,"Talent Charm Corporation Limited (Emperor International Holdings Limited, Smart Launch Limited and Mingfa Group (International) Company Limited)",(1) A & F Property Development Company Limited (A & F Capital Management Limited);<br/>(2) City Champion Investments Limited (Cheung Kong (Holdings) Limited);<br/>(3) Conventional Wisdom Limited (Sunny Autumn Limited);<br/>(4) Ease Treasure Investment Limited (Great Eagle Holdings Limited);<br/>(5) East Region Limited (Sino Land Company Limited);<br/>(6) Juliyam Limited (Henderson Land Development Company Limited);<br/>(7) Landwood Investment Limited (Apex Horizon Investments Limited);<br/>(8) Lucky Nice Limited (Chinese Estates Holdings Limited);<br/>(9) Manful Global Development Limited (K. Wah International Holdings Limited);<br/>(10) NMC 8 Limited (Kerry Properties Limited);<br/>(11) Star Fort Investments Limited (K&K Property Holdings Limited);<br/>(12) Super Great Limited (Sun Hung Kai Properties Limited);<br/>(13) Super Record Limited (New World Development Company Limited);<br/>(14) Ventures Smart Limited (Wheelock Properties Limited); and <br/>(15) Victory Field Development Limited (Tai Cheung Holdings Limited). | N.A. | N.A.,22.25220715,114.1799336,govt-led,FY rule: Application List abolished Feb 2013; all sales government-initiated,Emperor International Holdings / Mingfa Group (International),8145,sq m,30889,HK$/sq ft,yes,https://www.info.gov.hk/gia/general/201405/14/P201405140795.htm,Parents also incl Smart Launch Ltd,Emperor International + Mingfa,consortium,https://www.info.gov.hk/gia/general/201405/14/P201405140795.htm | raw/2014-2015/RURALBUILDINGLOTNO1198__result.pdf,https://www.info.gov.hk/gia/general/201405/14/P201405140795.htm | raw/2014-2015/RURALBUILDINGLOTNO1198__result.pdf,https://www.emperorgroup.com/en/media_centre/latest_news/2014-05-15/ | raw/2014-2015/RURALBUILDINGLOTNO1198__devname.pdf,,,,,http://www.info.gov.hk/gia/general/201405/14/P201405140785.htm,verified,No.15 SHOUSON,APPROVAL OF DEED OF MUTUAL COVENANT | CONSENT TO SELL FOR RESIDENTIAL DEVELOPMENT | TALENT CHARM CORPORATION LIMITED,Named development,27-Apr-20
2014-2015,14/05/2014,tender,TUEN MUN TOWN LOT NO. 499,"TSENG CHOI STREET, AREA 4, TUEN MUN, NEW TERRITORIES",RESIDENTIAL R2,residential,2202,232.8,,high,T-PLUS,2 TSING MIN PATH,TUEN MUN TOWN LOT NO. 499,6,Champ Success Development Limited (Chun Wo Development Holdings Limited and Excel Billion Corporation Limited),(1) City Sight Limited (Far East Consortium International Limited);<br/>(2) Elite Land Development Limited (Sino Land Company Limited);<br/>(3) Get Nice International Limited (Get Nice Holdings Limited);<br/>(4) Smart Base Holdings Limited (Paliburg Holdings Limited and Regal Hotels International Holdings Limited); and <br/>(5) Time Fort Limited (K&K Property Holdings Limited). | N.A. | N.A.,22.40438166,113.9787087,govt-led,FY rule: Application List abolished Feb 2013; all sales government-initiated,Chun Wo Development Holdings Limited,6606,sq m,3274,HK$/sq ft,yes,https://www.info.gov.hk/gia/general/201405/14/P201405140795.htm,Parents incl Excel Billion Corp; GFA = non-industrial max,Chun Wo,local_minor,https://www.info.gov.hk/gia/general/201405/14/P201405140795.htm | raw/2014-2015/TUENMUNTOWNLOTNO499__result.pdf,https://www.info.gov.hk/gia/general/201405/14/P201405140795.htm | raw/2014-2015/TUENMUNTOWNLOTNO499__result.pdf,https://www.chunwo.com/en/what-we-develop/t-plus | raw/2014-2015/TUENMUNTOWNLOTNO499__devname.pdf,,140,,Purchaser must build residential care home for the elderly (å®‰è€é™¢) and elderly day care centre,http://www.info.gov.hk/gia/general/201405/14/P201405140785.htm,verified,T Plus,APPROVAL OF DEED OF MUTUAL COVENANT AND MANAGEMENT AGREEMENT | CHAMP SUCCESS DEVELOPMENT LIMITED | CONSENT TO SELL FOR NON-RESIDENTIAL DEVELOPMENT | CONSENT TO SELL FOR RESIDENTIAL DEVELOPMENT,Named development,22 February 2018 | 30 June 2018
2014-2015,28/05/2014,tender,TAI PO TOWN FO LOT NO. 214,"YIN ROAD, PAK SHEK KOK, TAI PO, NEW TERRITORIES",RESIDENTIAL R2,residential,19400,2412,,high,ONTOLO,7 FO YIN ROAD,,,Ease Treasure Investment Limited,,,,govt-led,FY rule: Application List abolished Feb 2013; all sales government-initiated,Great Eagle Holdings Limited,67900,sq m,3300,HK$/sq ft,yes,https://www.info.gov.hk/gia/general/201405/28/P201405280663.htm,OCR-garbled; = Tai Po Town Lot No. 214 (Fo Yin Rd),Great Eagle,local_major,https://www.info.gov.hk/gia/general/201405/28/P201405280663.htm | raw/2014-2015/TAIPOTOWNFOLOTNO214__result.pdf,https://www.info.gov.hk/gia/general/201405/28/P201405280663.htm | raw/2014-2015/TAIPOTOWNFOLOTNO214__result.pdf,https://www.greateagle.com.hk/press-releases/great-eagle-holdings-introduces-new-waterfront-residential-development-ontolo-in-pak-shek-kok-tai-po | raw/2014-2015/TAIPOTOWNFOLOTNO214__devname.pdf,,,,,http://www.info.gov.hk/gia/general/201405/28/P201405280658.htm,verified,,,No consent,
2014-2015,28/05/2014,tender,KOWLOON KAI INLAND LOT NO. 6541,"TAK AREA 1H SITE 3, KOWLOON",RESIDENTIAL R2,residential,7674,2520,,high,OASIS KAI TAK,10 MUK NING STREET,,,Handy Solution Limited,,,,govt-led,FY rule: Application List abolished Feb 2013; all sales government-initiated,Wheelock Properties Limited,38370,sq m,6101,HK$/sq ft,yes,https://www.info.gov.hk/gia/general/201405/28/P201405280663.htm,OCR-garbled; = New Kowloon Inland Lot No. 6541 (Kai Tak A1H S3),Wheelock/Wharf,local_major,https://www.info.gov.hk/gia/general/201405/28/P201405280663.htm | raw/2014-2015/KOWLOONKAIINLANDLOTNO6541__result.pdf,https://www.info.gov.hk/gia/general/201405/28/P201405280663.htm | raw/2014-2015/KOWLOONKAIINLANDLOTNO6541__result.pdf,https://www.wheelockpropertieshk.com/en-US/properties/content/41 | raw/2014-2015/KOWLOONKAIINLANDLOTNO6541__devname.pdf,,630,,,http://www.info.gov.hk/gia/general/201405/28/P201405280658.htm,verified,,,No consent,
2014-2015,4/6/2014,tender,INLAND LOT NO. 9048,"SCHOONER STREET, WAN CHAI, HONG KONG P. 1",RESIDENTIAL R2,residential,270,233,,high,,,INLAND LOT NO. 9048,10,Kingline Enterprises Limited (Hopewell Holdings Limited),(1) Best Venture International Limited (Wealthmark Investments Limited);<br/>(2) Bright Land Development Limited (Sino Land Company Limited);<br/>(3) Castle & Field International Investment Limited;<br/>(4) Champion Rise Development Limited (Sun Hing Holdings Limited);<br/>(5) Circle World Limited (Emperor International Holdings Limited);<br/>(6) Grandwall Investment Limited (Wang On Group Limited);<br/>(7) Moral Smart Capital Investment Limited (Gemini Investments (Holdings) Limited);<br/>(8) Rise Top Properties Limited (Best Theme Investments Limited); and <br/>(9) Success Sky Development Limited. | N.A. | N.A.,22.27541216,114.1697386,govt-led,FY rule: Application List abolished Feb 2013; all sales government-initiated,Hopewell Holdings Limited,1350,sq m,16035,HK$/sq ft,yes,https://www.info.gov.hk/gia/general/201406/04/P201406040593.htm,,Hopewell Holdings Limited,other,https://www.info.gov.hk/gia/general/201406/04/P201406040593.htm | raw/2014-2015/INLANDLOTNO9048__result.pdf,https://www.info.gov.hk/gia/general/201406/04/P201406040593.htm | raw/2014-2015/INLANDLOTNO9048__result.pdf,,,,,,http://www.info.gov.hk/gia/general/201406/04/P201406040588.htm,verified,,,No consent,
2014-2015,13/06/2014,tender,INLAND LOT NO. 9056 ON,"NEAR THE JUNCTION OF TAI STREET AND OI KAN ROAD, SAI WAN HO, HONG KONG",MARINE FUELLING STATION,petrol_or_ev,226.4,2.388,,high,,,INLAND LOT NO. 9056,1,Rich Media Conferencing Limited,--------- | N.A. | N.A.,22.28451988,114.2250673,govt-led,FY rule: Application List abolished Feb 2013; all sales government-initiated,not found,,,,,n/a,,Marine fuelling station; tenderer not found in press releases; no building GFA - AV n/a,,,,,,unverified,,,,,,,,No consent,
2014-2015,18/06/2014,tender,TIN TOWN 1 LOT NO. 589 TAI,"MAN LAI ROAD, WAI, SHA TIN, NEW TERRITORIES",PETROL FILLING STATION,petrol_or_ev,1070,136.868,,high,,,,,not found,,,,govt-led,FY rule: Application List abolished Feb 2013; all sales government-initiated,not found,,,,,n/a,,OCR-garbled; = Sha Tin Town Lot No. 589 petrol filling station; tenderer not found; no building GFA - AV n/a,,,,,,unverified,,,,,,,,No consent,
2014-2015,18/06/2014,tender,KOWLOON 779 INLAND LOT NO. 6543,"LAI CHI KOK ROAD, KOWLOON",PETROL FILLING STATION,petrol_or_ev,,,yes,high,,,,,not found,,,,govt-led,FY rule: Application List abolished Feb 2013; all sales government-initiated,not found,,,,,n/a,,OCR-garbled; = Kowloon Inland Lot No. 6543 petrol filling station (re-tendered after cancellation); tenderer not found; no building GFA - AV n/a,,,,,,unverified,,,,,,,,No consent,
2014-2015,25/06/2014,tender,TIN TOWN MA LOT NO. 599 MA,"KAM STREET, ON SHAN, SHA TIN, NEW TERRITORIES",RESIDENTIAL R1,residential,3091,703.8,,high,THE MET. BLOSSOM,9 MA KAM STREET,,,Grandwall Investment Limited,,,,govt-led,FY rule: Application List abolished Feb 2013; all sales government-initiated,Wang On Properties Limited / Wang On Group Limited,18580,sq m,3519,HK$/sq ft,yes,https://www.woproperties.com/en/business/detail.php?id=21,OCR-garbled; = Sha Tin Town Lot No. 599 (Ma Kam St); GFA approx 200000 sq ft (developer fig); AV computed on ~200000 sq ft,Wang On,local_minor,,,https://www.woproperties.com/en/business/detail.php?id=21 | raw/2014-2015/TINTOWNMALOTNO599MA__news.pdf,unverified,310,,,http://www.info.gov.hk/gia/general/201406/25/P201406250815.htm,verified,,,No consent,
2014-2015,9/7/2014,tender,TIN SHUI WAI TOWN LOT NO. 33,"AREA 112, TIN SHUI WAI, YUEN LONG, NEW TERRITORIES",RESIDENTIAL R3,residential,75500,2221.039864,,high,WETLAND LOT NO.33 DEVELOPMENT | WETLAND LOT NO. 33 DEVELOPMENT,1 WETLAND PARK ROAD | 1 WETLAND PARK ROAD,TIN SHUI WAI TOWN LOT NO. 33,4,Jet Group Limited (Sun Hung Kai Properties Limited),(1) East Region Limited (Sino Land Company Limited and Wing Tai Properties Limited);<br/>(2) Juliyam Limited (Henderson Land Development Company Limited); and <br/>(3) Karfond Limited (Far East Consortium International Limited). | N.A. | N.A.,22.47118283,114.0036709,govt-led,FY rule: Application List abolished Feb 2013; all sales government-initiated,Sun Hung Kai Properties Limited,113250,sq m,1822,HK$/sq ft,yes,https://www.info.gov.hk/gia/general/201407/09/P201407090673.htm,,Sun Hung Kai Properties,local_major,https://www.info.gov.hk/gia/general/201407/09/P201407090673.htm | raw/2014-2015/TINSHUIWAITOWNLOTNO33__result.pdf,https://www.info.gov.hk/gia/general/201407/09/P201407090673.htm | raw/2014-2015/TINSHUIWAITOWNLOTNO33__result.pdf,https://www.wetlandseasonsbay.com.hk/en/ | raw/2014-2015/TINSHUIWAITOWNLOTNO33__devname.pdf,,1330,,,http://www.info.gov.hk/gia/general/201407/09/P201407090671.htm,verified,Wetland Lot No. 33 Development  (Phase 2 â€“ Wetland Seasons Bay) | Wetland Lot No. 33 Development (Phase 1 & Phase 2 â€“ Wetland Seasons Bay) | Wetland Lot No. 33 Development (Phase 1 and Phase 2) - Wetland Seasons Bay | Wetland Lot No. 33 Development (Phase 1 â€“ Westland Seasons Bay) | Wetland Lot No. 33 Development (Phase 1) - Wetland Seasons Bay | Wetland Lot No. 33 Development (Phase 2 â€“ Wetland Seasons Bay) | Wetland Lot No. 33 Development (Phase 3 â€“ Wetland Seasons Bay) | Wetland Lot No. 33 Development (Phase 3) - Wetland Seasons Bay,APPROVAL OF DEED OF MUTUAL COVENANT AND MANAGEMENT AGREEMENT | APPROVAL OF SUB-DEED OF MUTUAL COVENANT AND MANAGEMENT AGREEMENT | CONSENT TO ASSIGN FOR NON-RESIDENTIAL DEVELOPMENT | CONSENT TO ASSIGN FOR RESIDENTIAL DEVELOPMENT | CONSENT TO SELL FOR RESIDENTIAL DEVELOPMENT | JET GROUP LIMITED,Named development,1 | 1 August 2022 | 20 July 2021 | 20 October 2021
2014-2015,9/7/2014,tender,TIN SHUI WAI TOWN LOT NO. 34,"AREA 115, TIN SHUI WAI, YUEN LONG, NEW TERRITORIES",RESIDENTIAL R3,residential,64400,1968.328149,,high,WETLAND LOT NO.34 DEVELOPMENT,9 WETLAND PARK ROAD,TIN SHUI WAI TOWN LOT NO. 34,4,Pacific Gold Limited (Sun Hung Kai Properties Limited),(1) Bright Land Development Limited (Sino Land Company Limited;<br/> K. Wah International Holdings Limited and Wing Tai Properties Limited);<br/>(2) City Sight Limited (Far East Consortium International Limited); and <br/>(3) Fortune Top Development Limited (Henderson Land Development Company Limited). | N.A. | N.A.,22.46719354,114.006131,govt-led,FY rule: Application List abolished Feb 2013; all sales government-initiated,Sun Hung Kai Properties Limited,96600,sq m,1893,HK$/sq ft,yes,https://www.info.gov.hk/gia/general/201407/09/P201407090673.htm,,Sun Hung Kai Properties,local_major,https://www.info.gov.hk/gia/general/201407/09/P201407090673.htm | raw/2014-2015/TINSHUIWAITOWNLOTNO34__result.pdf,https://www.info.gov.hk/gia/general/201407/09/P201407090673.htm | raw/2014-2015/TINSHUIWAITOWNLOTNO34__result.pdf,https://www.shkp.com/en-US/our-business/hong-kong-properties/residential-for-sale/phase-1-of-wetland-seasons-park | raw/2014-2015/TINSHUIWAITOWNLOTNO34__devname.pdf,,1140,,,http://www.info.gov.hk/gia/general/201407/09/P201407090671.htm,verified,Wetland Lot No. 34 Development | Wetland Lot No. 34 Development (Phase 1 - Westland Seasons Park) | Wetland Lot No. 34 Development (Phase 1 â€“ Wetland Seasons Park) | Wetland Lot No. 34 Development (Phase 1) - Wetland Seasons Park | Wetland Lot No. 34 Development (Phase 2 - Westland Seasons Park) | Wetland Lot No. 34 Development (Phase 2 â€“ Wetland Seasons Park) | Wetland Lot No. 34 Development (Phase 2) - Wetland Seasons Park | Wetland Lot No. 34 Development (Phase 3 â€“ Wetland Seasons Park) | Wetland Lot No. 34 Development (Phase 3) - Wetland Seasons Park,APPROVAL OF DEED OF MUTUAL COVENANT AND MANAGEMENT AGREEMENT | APPROVAL OF SUB-DEED OF MUTUAL COVENANT AND MANAGEMENT AGREEMENT | CONSENT TO ASSIGN FOR NON-RESIDENTIAL DEVELOPMENT | CONSENT TO ASSIGN FOR RESIDENTIAL DEVELOPMENT | CONSENT TO SELL FOR RESIDENTIAL DEVELOPMENT | PACIFIC GOLD LIMITED,Named development,19 December 2019 | 25 August 2020 | 28 Feb 2020 | N.A.
2014-2015,13/08/2014,tender,TSUEN WAN TOWN LOT NO. 393,"YEUNG UK ROAD, TSUEN WAN, NEW TERRITORIES",RESIDENTIAL AND COMMERCIAL HOTEL,hotel_mixed,14160,3939.8,,high,,,TSUEN WAN TOWN LOT NO. 393,11,Vincord Limited,(1) Brand Rise Limited (Shimao Property Holdings Limited);<br/>(2) East Region Limited (Sino Land Company Limited);<br/>(3) Great Rainbow Investments Limited (Cheung Kong (Holdings) Limited);<br/>(4) Juliyam Limited (Henderson Land Development Company Limited);<br/>(5) Leading Elite Limited (Wheelock Properties Limited);<br/>(6) Shun Ho Construction (Holdings) Limited (Magnificent Estates Limited);<br/>(7) Super Great Limited (Sun Hung Kai Properties Limited);<br/>(8) Super Record Limited (New World Development Company Limited);<br/>(9) Victor Solution Limited (Dorsett Hospitality International Limited); and <br/>(10) Wealth Start Development Limited (Tai Cheung Holdings Limited). | N.A. | N.A.,22.36720673,114.1150447,govt-led,FY rule: Application List abolished Feb 2013; all sales government-initiated,not found,99120,sq m,3690,HK$/sq ft,yes,https://www.info.gov.hk/gia/general/201408/13/P201408130820.htm,Residential and commercial hotel; no parent stated in press release,Vincord Limited,other,https://www.info.gov.hk/gia/general/201408/13/P201408130820.htm | raw/2014-2015/TSUENWANTOWNLOTNO393__result.pdf,https://www.info.gov.hk/gia/general/201408/13/P201408130820.htm | raw/2014-2015/TSUENWANTOWNLOTNO393__result.pdf,,,,,,,,The Aurora,APPROVAL OF DEED OF MUTUAL COVENANT AND MANAGEMENT AGREEMENT | CONSENT TO SELL FOR RESIDENTIAL DEVELOPMENT | VINCORD LIMITED,Named development,18-Jul-19
2014-2015,13/08/2014,tender,TIN TOWN LOT NO. 598,"HANG KWONG STREET, MA ON SHAN, SHA TIN, NEW TERRITORIES",RESIDENTIAL R2,residential,3100,428,,high,THE MET. BLISS,15 HANG KWONG STREET,,,New Rich Investments Limited,,,,govt-led,FY rule: Application List abolished Feb 2013; all sales government-initiated,Wang On Group Limited,10692,sq m,3719,HK$/sq ft,yes,https://www.info.gov.hk/gia/general/201408/13/P201408130820.htm,OCR-garbled; = Sha Tin Town Lot No. 598; parents incl Kam Wah Sure Win Ltd,Wang On,local_minor,https://www.info.gov.hk/gia/general/201408/13/P201408130820.htm | raw/2014-2015/TINTOWNLOTNO598__result.pdf,https://www.info.gov.hk/gia/general/201408/13/P201408130820.htm | raw/2014-2015/TINTOWNLOTNO598__result.pdf,https://www.themet.com.hk/bliss/en/ | raw/2014-2015/TINTOWNLOTNO598__devname.pdf,,180,,,http://www.info.gov.hk/gia/general/201408/13/P201408130819.htm,verified,,,No consent,
2014-2015,20/08/2014,tender,TUEN MUN TOWN LOT NO. 513,"YAN CHING STREET, AREA 10, TUEN MUN, NEW TERRITORIES",RESIDENTIAL R1,residential,1174,427.1,,high,COO RESIDENCE,8 KAI FAT PATH,TUEN MUN TOWN LOT NO. 513,27,Hoyden Holdings Limited (CSI Properties Limited),"(1) Billion Site Property Limited;<br/>(2) Century Link Investments Limited (Kam Wah Evergreen Limited and Wang On Group Limited);<br/>(3) China Cyberworld Limited (Chuang's China Investments Limited);<br/>(4) Dragon Mount Development Limited (Grand Ming Group Holdings Limited);<br/>(5) Easy On Enterprise Limited (Chun Wo Development Holdings Limited and Excel Billion Capital Limited);<br/>(6) Fancy Excellent Limited;<br/>(7) Fine Time Development Limited (Hong Kong Ferry (Holdings) Company Limited);<br/>(8) Get Nice International Limited (Get Nice Holdings Limited);<br/>(9) Goldfort Corporation Limited;<br/>(10) Hanforth Limited;<br/>(11) High Glory Development Limited (Tai Hung Fai Enterprise Company Limited);<br/>(12) Karfond Limited (Far East Consortium International Limited);<br/>(13) Lucky Famous Development Limited (Hon Kwok Land Investment Company, Limited);<br/>(14) Lucky Loyal Limited;<br/>(15) Master Gain Development Limited (Land Acumen Limited);<br/>(16) Mazy Asia Limited (K. Wah International Holdings Limited);<br/>(17) Moonlight Shadow Holdings Limited;<br/>(18) Regal Crown Development Limited (Sino Land Company Limited);<br/>(19) Royal Wealth Development Limited (Sino Rise Properties Limited);<br/>(20) Sino Lead International Limited;<br/>(21) Supreme Word Limited;<br/>(22) Time Fort Limited (K&K Property Holdings Limited);<br/>(23) Total Rich Development Limited;<br/>(24) Town House Development Limited (Kowloon Development Company Limited);<br/>(25) Treasure Land Development Limited; and <br/>(26) Ultimate Lead Limited (Paliburg Holdings Limited and Regal Hotels International Holdings Limited). | N.A. | N.A.",22.39501572,113.9760094,govt-led,FY rule: Application List abolished Feb 2013; all sales government-initiated,CSI Properties Limited,,,,,yes,https://www.info.gov.hk/gia/general/201408/20/P201408200752.htm,Max residential GFA formula-based in Conditions of Sale; not a single figure - GFA/AV not found,CSI Properties,local_minor,https://www.info.gov.hk/gia/general/201408/20/P201408200752.htm | raw/2014-2015/TUENMUNTOWNLOTNO513__result.pdf,https://www.info.gov.hk/gia/general/201408/20/P201408200752.htm | raw/2014-2015/TUENMUNTOWNLOTNO513__result.pdf,https://www.csigroup.hk/en/property-details/5b7158e6018ae/ | raw/2014-2015/TUENMUNTOWNLOTNO513__devname.pdf,,125,,,http://www.info.gov.hk/gia/general/201408/20/P201408200748.htm,verified,COO Residence,APPROVAL OF DEED OF MUTUAL COVENANT AND MANAGEMENT AGREEMENT | CONSENT TO SELL FOR NON-RESIDENTIAL DEVELOPMENT | CONSENT TO SELL FOR RESIDENTIAL DEVELOPMENT | HOYDEN HOLDINGS LIMITED,Named development,-- | 22 August 2017 | 29 September 2019
2014-2015,20/08/2014,tender,TUEN MUN TOWN LOT NO. 512,"LOK CHUI STREET, AREA 59, TUEN MUN, NEW TERRITORIES P. 2",RESIDENTIAL R3,residential,1044.6,156.435713,,high,THE DUET,9& 11 LOK CHUI STREET,TUEN MUN TOWN LOT NO. 512,24,Treasure Mega Limited,"(1) Best King Development Limited (Chuang's China Investments Limited);<br/>(2) Beverley Enterprises Limited;<br/>(3) Century Wisdom Limited (National Electronics Holdings Limited);<br/>(4) Chan Kwok Wing;<br/>(5) Cheer Glory Properties Limited (Sino Land Company Limited);<br/>(6) Chinese Treasure Limited;<br/>(7) Colorise Development Limited (Rykadan Capital Limited);<br/>(8) Eurosia Holdings (Development) Limited;<br/>(9) Fung Son Investments Limited;<br/>(10) Get Nice International Limited (Get Nice Holdings Limited);<br/>(11) Gold Famous Development Limited (Hon Kwok Land Investment Company, Limited);<br/>(12) Good Orient Development Limited;<br/>(13) HKRP Management Limited (HKR International Limited);<br/>(14) Kelpoint Limited (Asia Standard International Group Limited);<br/>(15) Moon Shun Investment Limited;<br/>(16) Noble Profit Holdings Limited;<br/>(17) Poon Shuen Fai;<br/>(18) Seabrook Investment Limited;<br/>(19) Smart Base Holdings Limited (Paliburg Holdings Limited and Regal Hotels International Holdings Limited);<br/>(20) Target Investment (HK) Limited;<br/>(21) Tesco Trading Limited;<br/>(22) Willex Enterprises Limited; and <br/>(23) Yuen Long Kam Kwong Church Limited. | N.A. | N.A.",22.36557086,114.0076523,govt-led,FY rule: Application List abolished Feb 2013; all sales government-initiated,not found,1253,sq m,11599,HK$/sq ft,yes,https://www.info.gov.hk/gia/general/201408/20/P201408200752.htm,No parent stated in press release,Treasure Mega Limited,other,https://www.info.gov.hk/gia/general/201408/20/P201408200752.htm | raw/2014-2015/TUENMUNTOWNLOTNO512__result.pdf,https://www.info.gov.hk/gia/general/201408/20/P201408200752.htm | raw/2014-2015/TUENMUNTOWNLOTNO512__result.pdf,https://www.wongtung.com/en/projects/the-duet/ | raw/2014-2015/TUENMUNTOWNLOTNO512__devname.pdf,,,,,http://www.info.gov.hk/gia/general/201408/20/P201408200748.htm,verified,The Duet,APPROVAL OF DEED OF MUTUAL COVENANT AND MANAGEMENT AGREEMENT,Named development,
2014-2015,3/9/2014,tender,KOWLOON 15 INLAND LOT NO. 11237,"MIDDLE ROAD, TSIM SHA TSUI, KOWLOON",COMMERCIAL OFFICE / HOTEL,hotel_mixed,2630,4688,,high,,,,,Smart Bright Development Limited,,,,govt-led,FY rule: Application List abolished Feb 2013; all sales government-initiated,Henderson Land Development Company Limited,31560,sq m,13800,HK$/sq ft,yes,https://www.info.gov.hk/gia/general/201409/03/P201409030688.htm,OCR-garbled; = Kowloon Inland Lot No. 11237; office/hotel,Henderson Land,local_major,https://www.info.gov.hk/gia/general/201409/03/P201409030688.htm | raw/2014-2015/KOWLOON15INLANDLOTNO11237__result.pdf,https://www.info.gov.hk/gia/general/201409/03/P201409030688.htm | raw/2014-2015/KOWLOON15INLANDLOTNO11237__result.pdf,,,,,,,,,,No consent,
2014-2015,18/09/2014,tender,ABERDEEN 3 INLAND LOT NO. 465,"WONG CHUK HANG ROAD, HONG KONG",PETROL FILLING STATION,petrol_or_ev,620.7,258.6845,,high,,,,,not found,,,,govt-led,FY rule: Application List abolished Feb 2013; all sales government-initiated,not found,,,,,n/a,,OCR-garbled; = Aberdeen Inland Lot No. 465 petrol filling station; tenderer not found; no building GFA - AV n/a,,,,,,unverified,,,,,,,,No consent,
2014-2015,18/09/2014,tender,INLAND LOT NO. 9060,"WONG NAI CHUNG GAP ROAD, HONG KONG",PETROL FILLING STATION,petrol_or_ev,668.9,187.983,,high,,,INLAND LOT NO. 9060,4,ExxonMobil Hong Kong Limited,(1) Chevron Hong Kong Limited;<br/>(2) Shell Hong Kong Limited; and <br/>(3) Sinopec (Hong Kong) Limited (China Petroleum & Chemical Corporation). | N.A. | N.A.,22.25906528,114.1922391,govt-led,FY rule: Application List abolished Feb 2013; all sales government-initiated,not found,,,,,n/a,,Petrol filling station; tenderer not found in press releases; no building GFA - AV n/a,,,,,,unverified,,,,,,,,No consent,
2014-2015,18/09/2014,tender,KOWLOON 779 INLAND LOT NO. 6543,"LAI CHI KOK ROAD, KOWLOON",PETROL FILLING STATION,petrol_or_ev,606.9,74.069998,,high,,,,,not found,,,,govt-led,FY rule: Application List abolished Feb 2013; all sales government-initiated,not found,,,,,n/a,,OCR-garbled; = Kowloon Inland Lot No. 6543 petrol filling station (re-tendered after cancellation); tenderer not found; no building GFA - AV n/a,,,,,,unverified,,,,,,,,No consent,
2014-2015,29/09/2014,tender,FANLING SHEUNG SHUI TOWN LOT NO. 255,"JUNCTION OF LUEN HING STREET, WO FUNG STREET AND LUEN SHING STREET, LUEN WO HUI, FANLING, NEW TERRITORIES",RESIDENTIAL R2,residential,2828,730,,high,COMMUNE MODERN,28 WO FUNG STREET,FANLING SHEUNG SHUI TOWN LOT NO. 255,23,Bright Land Development Limited (Sino Land Company Limited),"(1) Alliance Grace Limited (Vanke Property (Hong Kong) Company Limited);<br/>(2) Assets Island Limited (ITC Properties Group Limited);<br/>(3) Best Vision Development Limited (Sun Hung Kai Properties Limited);<br/>(4) Capitol Investments Limited (Coda Properties Limited);<br/>(5) Charm City Investments Limited (Cheung Kong (Holdings) Limited);<br/>(6) Dragon Mount Development Limited (Grand Ming Group Holdings Limited);<br/>(7) Dragon Star H.K. Investments Limited (K. Wah International Holdings Limited);<br/>(8) Ease Success Limited (Great Eagle Holdings Limited);<br/>(9) Fine Time Development Limited (Hong Kong Ferry (Holdings) Company Limited);<br/>(10) Gold Famous Development Limited (Hon Kwok Land Investment Company, Limited);<br/>(11) Grace Friend Limited;<br/>(12) Hanforth Limited;<br/>(13) Harbour Bright Limited (Peterson Holdings Company Limited);<br/>(14) Henrik Investment Limited (Far East Consortium Limited);<br/>(15) HKRP Management Limited (HKR International Limited);<br/>(16) Hong Fok Corporation (H.K.) Limited (Hong Fok Corporation Limited);<br/>(17) K Wise Limited (K&K Property Holdings Limited);<br/>(18) Lucky Nice Limited (Chinese Estates Holdings Limited);<br/>(19) Million Success Holdings Limited (Kingboard Property Development (HK) Company Limited);<br/>(20) Rich Asia Management Limited (Yau Lee Holdings Limited);<br/>(21) Smart Base Holdings Limited (Paliburg Holdings Limited and Regal Hotels International Holdings Limited); and <br/>(22) United Horizon Limited (Kam Wah Evergreen Limited and Wang On Group Limited). | N.A. | N.A.",22.4985511,114.1427908,govt-led,FY rule: Application List abolished Feb 2013; all sales government-initiated,Sino Land Company Limited,19501,sq m,3478,HK$/sq ft,yes,https://www.info.gov.hk/gia/general/201409/29/P201409290796.htm,GFA incl public car park,Sino Land,local_major,https://www.info.gov.hk/gia/general/201409/29/P201409290796.htm | raw/2014-2015/FANLINGSHEUNGSHUITOWNLOTNO255__result.pdf,https://www.info.gov.hk/gia/general/201409/29/P201409290796.htm | raw/2014-2015/FANLINGSHEUNGSHUITOWNLOTNO255__result.pdf,https://www.28hse.com/en/estate/detail/commune-modern-8859 | raw/2014-2015/FANLINGSHEUNGSHUITOWNLOTNO255__devname.pdf,,250,,,http://www.info.gov.hk/gia/general/201409/29/P201409290795.htm,verified,Commune Modern,APPROVAL OF DEED OF MUTUAL COVENANT AND MANAGEMENT AGREEMENT | BRIGHT LAND DEVELOPMENT LIMITED | CONSENT TO SELL FOR RESIDENTIAL DEVELOPMENT,Named development,27-May-16
2014-2015,22/10/2014,tender,TUNG CHUNG TOWN LOT NO. 38,"AREA 53A, TUNG CHUNG, LANTAU ISLAND, NEW TERRITORIES",HOTEL,hotel,12902,1830,,high,,,TUNG CHUNG TOWN LOT NO. 38,6,Brand Rise Limited (Shimao Property Holdings Limited and Mingfa Group (International) Company Limited),(1) Assets Island Limited (ITC Properties Group Limited;<br/>  CSI Properties Limited and Asia Standard International Group Limited);<br/>(2) Capital Charm Holdings Limited (Regal Hotels International Holdings Limited);<br/>(3) Joy Rise Limited (Sino Land Company Limited);<br/>(4) Super Great Limited (Sun Hung Kai Properties Limited); and <br/>(5) Victor Solution Limited (Dorsett Hospitality International Limited). | N.A. | N.A.,22.29532436,113.9462676,govt-led,FY rule: Application List abolished Feb 2013; all sales government-initiated,Shimao Property Holdings / Mingfa Group (International),56715,sq m,2998,HK$/sq ft,yes,https://www.info.gov.hk/gia/general/201410/22/P201410220705.htm,Hotel,Shimao + Mingfa,consortium,https://www.info.gov.hk/gia/general/201410/22/P201410220705.htm | raw/2014-2015/TUNGCHUNGTOWNLOTNO38__result.pdf,https://www.info.gov.hk/gia/general/201410/22/P201410220705.htm | raw/2014-2015/TUNGCHUNGTOWNLOTNO38__result.pdf,,,,,,,,,,No consent,
2014-2015,5/11/2014,tender,"TAI PO TOWN FO LOT NO. 213 PO,","CHUN ROAD, PAK SHEK KOK, TAI NEW TERRITORIES",RESIDENTIAL R2,residential,19000,2542.88,,high,THE HORIZON,18 FO CHUN ROAD,,,Top Finder Limited,,,,govt-led,FY rule: Application List abolished Feb 2013; all sales government-initiated,not found,66500,sq m,3552,HK$/sq ft,yes,https://www.info.gov.hk/gia/general/201411/05/P201411050696.htm,OCR-garbled; = Tai Po Town Lot No. 213 (Fo Chun Rd); no parent stated in press release,Top Finder Limited,other,https://www.info.gov.hk/gia/general/201411/05/P201411050696.htm | raw/2014-2015/TAIPOTOWNFOLOTNO213PO__result.pdf,https://www.info.gov.hk/gia/general/201411/05/P201411050696.htm | raw/2014-2015/TAIPOTOWNFOLOTNO213PO__result.pdf,https://www.thehorizon.com.hk/?lang=en | raw/2014-2015/TAIPOTOWNFOLOTNO213PO__devname.pdf,,,,,http://www.info.gov.hk/gia/general/201411/05/P201411050693.htm,verified,,,No consent,
2014-2015,12/11/2014,tender,TUEN MUN TOWN LOT NO. 515,"KING SAU LANE, AREA 4, TUEN MUN, NEW TERRITORIES",RESIDENTIAL R2,residential,11048,1051,,high,MOUNT REGENCY DEVELOPMENT,8 KING SAU LANE,TUEN MUN TOWN LOT NO. 515,11,Great Alliance Limited (Sun Hung Kai Properties Limited),"(1) Assets Island Limited (ITC Properties Group Limited, Get Nice Holdings Limited and Asia Standard International Group Limited);<br/>(2) Dragon Mount Development Limited (Grand Ming Group Holdings Limited);<br/>(3) Dragon Star H.K. Investments Limited (K. Wah International Holdings Limited);<br/>(4) East Region Limited (Sino Land Company Limited);<br/>(5) Fine Time Development Limited (Hong Kong Ferry (Holdings) Company Limited);<br/>(6) Hanforth Limited;<br/>(7) Ready Town Limited (Far East Consortium International Limited);<br/>(8) Smart Base Holdings Limited (Paliburg Holdings Limited and Regal Hotels International Holdings Limited);<br/>(9) Time Fort Limited (K&K Property Holdings Limited); and <br/>(10) Wilson Investments Limited (Cheung Kong (Holdings) Limited). | N.A. | N.A.",22.40542717,113.9810179,govt-led,FY rule: Application List abolished Feb 2013; all sales government-initiated,Sun Hung Kai Properties Limited,44192,sq m,2210,HK$/sq ft,yes,https://www.info.gov.hk/gia/general/201411/26/P201411260287.htm,Project = Mount Regency,Sun Hung Kai Properties,local_major,https://www.info.gov.hk/gia/general/201411/26/P201411260287.htm | raw/2014-2015/TUENMUNTOWNLOTNO515__result.pdf,https://www.info.gov.hk/gia/general/201411/26/P201411260287.htm | raw/2014-2015/TUENMUNTOWNLOTNO515__result.pdf,https://www.shkp.com/en-US/our-business/hong-kong-properties/residential-for-sale/mount-regency | raw/2014-2015/TUENMUNTOWNLOTNO515__devname.pdf,,735,,,http://www.info.gov.hk/gia/general/201411/12/P201411120661.htm,verified,Mount Regency Development | Mount Regency Development (Phase 1) | Mount Regency Development (Phase 2),APPROVAL OF DEED OF MUTUAL COVENANT AND MANAGEMENT AGREEMENT | APPROVAL OF SUB-DEED OF MUTUAL COVENANT | CONSENT TO ASSIGN FOR RESIDENTIAL DEVELOPMENT | CONSENT TO SELL FOR RESIDENTIAL DEVELOPMENT | GREAT ALLIANCE LIMITED,Named development,16 March 2018 | 21 June 2018 | N.A.
2014-2015,10/12/2014,tender,TIN TOWN YIU LOT NO. 601,"SHA ROAD, WHITEHEAD, MA ON SHAN, SHA TIN, NEW TERRITORIES P. 3",RESIDENTIAL R3,residential,23500,2138,,high,ALTISSIMO,11 YIU SHA ROAD,,,Loyal Pioneer Limited,,,,govt-led,FY rule: Application List abolished Feb 2013; all sales government-initiated,Chun Wo Development Holdings / China City Construction (Intl),36000,sq m,5517,HK$/sq ft,yes,https://www.info.gov.hk/gia/general/201412/10/P201412100706.htm,OCR-garbled; = Sha Tin Town Lot No. 601 (Yiu Sha Rd); project Altissimo,Chun Wo + China City Construction (Intl),consortium,https://www.info.gov.hk/gia/general/201412/10/P201412100706.htm | raw/2014-2015/TINTOWNYIULOTNO601__result.pdf,https://www.info.gov.hk/gia/general/201412/10/P201412100706.htm | raw/2014-2015/TINTOWNYIULOTNO601__result.pdf,https://www.woproperties.com/en/business/detail.php?id=31 | raw/2014-2015/TINTOWNYIULOTNO601__devname.pdf,,,,,http://www.info.gov.hk/gia/general/201412/10/P201412100701.htm,verified,,,No consent,
2014-2015,17/12/2014,tender,YAU TONG LEI INLAND LOT NO. LEI 42,"YUE MUN PATH, YUE MUN, KOWLOON",RESIDENTIAL R1,residential,3240,1582,,high,ONE EAST COAST,1 LEI YUE MUN PATH,,,Henmell Investment Limited,,,,govt-led,FY rule: Application List abolished Feb 2013; all sales government-initiated,Kowloon Development Company Limited,29160,sq m,5040,HK$/sq ft,yes,https://www.info.gov.hk/gia/general/201412/17/P201412170844.htm,OCR-garbled; = Yau Tong Inland Lot No. 42; GFA incl public car park,Kowloon Development Company Limited,other,https://www.info.gov.hk/gia/general/201412/17/P201412170844.htm | raw/2014-2015/YAUTONGLEIINLANDLOTNOLEI42__result.pdf,https://www.info.gov.hk/gia/general/201412/17/P201412170844.htm | raw/2014-2015/YAUTONGLEIINLANDLOTNOLEI42__result.pdf,,,345,,,http://www.info.gov.hk/gia/general/201412/17/P201412170851.htm,verified,,,No consent,
2014-2015,24/12/2014,tender,LOT NO. 758 IN DEMARCATION DISTRICT NO. 332,"CHEUNG SHA, LANTAU ISLAND, NEW TERRITORIES",RESIDENTIAL R3,residential,4212,290,,high,MT. LA VIE,7 HOI SHA PATH,LOT NO. 758 IN DEMARCATION DISTRICT NO. 332,2,New Advance Limited (Neutron Property Fund Limited),(1) Joy Rise Limited (Sino Land Company Limited). | N.A. | N.A.,22.23642788,113.9567524,govt-led,FY rule: Application List abolished Feb 2013; all sales government-initiated,not found,,,,,n/a,,Tenderer/GFA not found in press releases; project MT. LA VIE,,,,,https://www.mtlavie.com/en/intro | raw/2014-2015/LOTNO758INDEMARCATIONDISTRICTNO332__devname.pdf,unverified,,,,http://www.info.gov.hk/gia/general/201412/24/P201412240581.htm,verified,,,No consent,
2014-2015,7/1/2015,tender,TIN TOWN TAI LOT NO. 587,"PO ROAD â€“ TAI WAI, SHA TIN, NEW TERRITORIES",RESIDENTIAL R3,residential,6550,773,,high,THE MET. ACAPPELLA,7838 TAI PO ROAD TAI WAI,,,Ever World Limited,,,,govt-led,FY rule: Application List abolished Feb 2013; all sales government-initiated,Wang On Properties Limited / Wang On Group Limited,13749,sq m,5223,HK$/sq ft,yes,https://www.woproperties.com/en/business/detail.php?id=23,OCR-garbled; = Sha Tin Town Lot No. 587 (The Met Acappella); GFA approx 148000 sq ft (developer fig); AV computed on ~148000 sq ft,Wang On,local_minor,,,https://www.woproperties.com/en/business/detail.php?id=23 | raw/2014-2015/TINTOWNTAILOTNO587__news.pdf,unverified,,,,http://www.info.gov.hk/gia/general/201501/07/P201501070686.htm,verified,,,No consent,
2014-2015,14/01/2015,tender,KWAI CHUNG KIN TOWN LOT NO. 495,"CHUEN STREET, KWAI CHUNG, NEW TERRITORIES",BUSINESS,commercial,2781,686.8,,high,,,,,Gold Famous Development Limited,,,,govt-led,FY rule: Application List abolished Feb 2013; all sales government-initiated,Hon Kwok Land Investment Company Limited,21185,sq m,3012,HK$/sq ft,yes,https://www.info.gov.hk/gia/general/201501/14/P201501140689.htm,OCR-garbled; = Kwai Chung Town Lot No. 495 (Kin Chuen St); business,Hon Kwok Land Investment Company Limited,other,https://www.info.gov.hk/gia/general/201501/14/P201501140689.htm | raw/2014-2015/KWAICHUNGKINTOWNLOTNO495__result.pdf,https://www.info.gov.hk/gia/general/201501/14/P201501140689.htm | raw/2014-2015/KWAICHUNGKINTOWNLOTNO495__result.pdf,,,,,,,,,,No consent,
2014-2015,27/01/2015,tender,KOWLOON INLAND LOT NO. YIP 6512 YIP YIP HOI,"JUNCTION OF HUNG STREET, WAI STREET, SHUN STREET AND BUN ROAD, KWUN TONG, KOWLOON",COMMERCIAL OFFICE,commercial,6843,5860,,high,,,,,Century Land Investment Limited,,,,govt-led,FY rule: Application List abolished Feb 2013; all sales government-initiated,Assets Guard Holdings Limited,82116,sq m,6629,HK$/sq ft,yes,https://www.info.gov.hk/gia/general/201501/27/P201501270700.htm,OCR-garbled; = New Kowloon Inland Lot No. 6512 (Kwun Tong); commercial/office,Assets Guard Holdings Limited,other,https://www.info.gov.hk/gia/general/201501/27/P201501270700.htm | raw/2014-2015/KOWLOONINLANDLOTNOYIP6512YIPYIPHOI__result.pdf,https://www.info.gov.hk/gia/general/201501/27/P201501270700.htm | raw/2014-2015/KOWLOONINLANDLOTNOYIP6512YIPYIPHOI__result.pdf,,,,,,,,,,No consent,
2014-2015,27/01/2015,tender,KWAI CHUNG TOWN LOT NO. 518,"HING FONG ROAD, KWAI CHUNG, NEW TERRITORIES",RESIDENTIAL R1,residential,810,372.1,,high,EDITION 178,178 HING FONG ROAD,KWAI CHUNG TOWN LOT NO. 518,19,Team Worldwide Limited (Global Convention Limited),(1) Century Link Investments Limited (Wang On Group Limited);<br/>(2) China Cyberworld Limited (Chuang's China Investments Limited);<br/>(3) Dragon Mount Development Limited (Grand Ming Group Holdings Limited);<br/>(4) Fine Time Development Limited (Hong Kong Ferry (Holdings) Company Limited);<br/>(5) Full Supreme Limited;<br/>(6)  Get Nice International Limited (Get Nice Holdings Limited);<br/>(7)  Hanforth Limited;<br/>(8) Hong Fok Corporation (HK) Limited (Hong Fok Corporation Limited);<br/>(9)  Joy Rise Limited (Sino Land Company Limited);<br/>(10) Master Gain Development Limited (Land Acumen Limited);<br/>(11) Pristine Mark Limited (Lai Sun Garment (International) Limited);<br/>(12) Ready Town Limited (Far East Consortium International Limited);<br/>(13) Rich Asia Management Limited (Yau Lee Holdings Limited);<br/>(14) Royal Wealth Development Limited (Sino Rise Properties Limited);<br/>(15) Smart Base Holdings Limited (Paliburg Holdings Limited and Regal Hotels International Holdings Limited);<br/>(16) Time Fort Limited (K&K Property Holdings Limited);<br/>(17) Wallas (Chung's) Development Limited; and <br/>(18) WG Venture Limited (Richfield Group Holdings Limited). | N.A. | N.A.,22.35990458,114.128176,govt-led,FY rule: Application List abolished Feb 2013; all sales government-initiated,Global Convention Limited,,,,,yes,https://www.info.gov.hk/gia/general/201501/27/P201501270700.htm,Max residential GFA formula-based (non-resi cap 810 sq m); GFA/AV not found; project Edition 178,Global Convention Limited,other,https://www.info.gov.hk/gia/general/201501/27/P201501270700.htm | raw/2014-2015/KWAICHUNGTOWNLOTNO518__result.pdf,https://www.info.gov.hk/gia/general/201501/27/P201501270700.htm | raw/2014-2015/KWAICHUNGTOWNLOTNO518__result.pdf,http://www.edition178.com/en/index.html,,,,,http://www.info.gov.hk/gia/general/201501/27/P201501270703.htm,verified,Edition 178,APPROVAL OF DEED OF MUTUAL COVENANT | CONSENT TO SELL FOR RESIDENTIAL DEVELOPMENT | TEAM WORLDWIDE LIMITED,Named development,24-Jul-17
2014-2015,4/2/2015,tender,TUEN MUN YIP TOWN LOT NO. 514,"WONG ROAD, AREA 18, TUEN MUN, NEW TERRITORIES",RESIDENTIAL R2,residential,2428,428.8,,high,THE ESPLANADE,101 YIP WONG ROAD,,,China Cyberworld Limited,,,,govt-led,FY rule: Application List abolished Feb 2013; all sales government-initiated,Chuang's China Investments Limited,,,,,yes,https://www.info.gov.hk/gia/general/201502/04/P201502040782.htm,OCR-garbled; = Tuen Mun Town Lot No. 514 (Yip Wong Rd); residential GFA formula-based (min 7975 sq m); GFA/AV not found; project The Esplanade,Chuang's China Investments Limited,other,https://www.info.gov.hk/gia/general/201502/04/P201502040782.htm | raw/2014-2015/TUENMUNYIPTOWNLOTNO514__result.pdf,https://www.info.gov.hk/gia/general/201502/04/P201502040782.htm | raw/2014-2015/TUENMUNYIPTOWNLOTNO514__result.pdf,https://chuangs.com.hk/en/properties/the-esplanade/ | raw/2014-2015/TUENMUNYIPTOWNLOTNO514__devname.pdf,,,,,http://www.info.gov.hk/gia/general/201502/04/P201502040777.htm,verified,,,No consent,
2014-2015,11/2/2015,tender,KOWLOON INLAND LOT NO. 6532,"LUNG CHEUNG ROAD, BEACON HILL, KOWLOON",RESIDENTIAL R3,residential,10642,2389.8,,high,,,,,NMC 8 Limited,,,,govt-led,FY rule: Application List abolished Feb 2013; all sales government-initiated,Kerry Properties Limited,10812,sq m,20535,HK$/sq ft,yes,https://www.info.gov.hk/gia/general/201502/11/P201502110774.htm,= New Kowloon Inland Lot No. 6532,Kerry Properties,local_major,https://www.info.gov.hk/gia/general/201502/11/P201502110774.htm | raw/2014-2015/KOWLOONINLANDLOTNO6532__result.pdf,https://www.info.gov.hk/gia/general/201502/11/P201502110774.htm | raw/2014-2015/KOWLOONINLANDLOTNO6532__result.pdf,,,,,,http://www.info.gov.hk/gia/general/201502/11/P201502110767.htm,verified,,,No consent,
2014-2015,11/2/2015,tender,KWAI CHUNG TOWN LOT NO. YIU 487 KEI,"JUNCTION OF SHING STREET, WING ROAD AND KWAI FUK ROAD, KWAI CHUNG, NEW TERRITORIES P. 4",INDUSTRIAL,industrial,1264.6,448.9,,high,,,,,Ideal Ease Limited,,,,govt-led,FY rule: Application List abolished Feb 2013; all sales government-initiated,Shun Hing Enterprises (H.K.) Limited,12013,sq m,3472,HK$/sq ft,yes,https://www.info.gov.hk/gia/general/201502/11/P201502110774.htm,OCR-garbled; = Kwai Chung Town Lot No. 487; industrial,Shun Hing Enterprises (H.K.) Limited,other,https://www.info.gov.hk/gia/general/201502/11/P201502110774.htm | raw/2014-2015/KWAICHUNGTOWNLOTNOYIU487KEI__result.pdf,https://www.info.gov.hk/gia/general/201502/11/P201502110774.htm | raw/2014-2015/KWAICHUNGTOWNLOTNOYIU487KEI__result.pdf,,,,,,,,,,No consent,
2014-2015,4/3/2015,tender,"TAI PO TOWN AT LOT NO. 225 OF PO,","THE JUNCTION FO CHUN ROAD AND POK YIN ROAD, PAK SHEK KOK, TAI NEW TERRITORIES P. 5",RESIDENTIAL R2,residential,23239,3480,,high,ST MARTIN DEVELOPMENT,12 FO CHUN ROAD,,,Superwick Limited,,,,govt-led,FY rule: Application List abolished Feb 2013; all sales government-initiated,Sun Hung Kai Properties Limited,83660,sq m,3865,HK$/sq ft,yes,https://www.info.gov.hk/gia/general/201503/04/P201503040620_print.htm,OCR-garbled; = Tai Po Town Lot No. 225; project St Martin,Sun Hung Kai Properties,local_major,https://www.info.gov.hk/gia/general/201503/04/P201503040620_print.htm | raw/2014-2015/TAIPOTOWNATLOTNO225OFPO__result.pdf,https://www.info.gov.hk/gia/general/201503/04/P201503040620_print.htm | raw/2014-2015/TAIPOTOWNATLOTNO225OFPO__result.pdf,https://www.shkp.com/en-US/our-business/hong-kong-properties/residential-for-sale/st-martin-phase-1 | raw/2014-2015/TAIPOTOWNATLOTNO225OFPO__devname.pdf,,,,,http://www.info.gov.hk/gia/general/201503/04/P201503040618.htm,verified,,,No consent,
2015-2016,15/04/2015,tender,LOT NO. 1909 IN DEMARCATION DISTRICT NO. 100,"FAN KAM ROAD, SHEUNG SHUI, NEW TERRITORIES",RESIDENTIAL R3,residential,6409,302.2,,high,CADENZA,333 FAN KAM ROAD,LOT NO. 1909 IN DEMARCATION DISTRICT NO. 100,14,Spring Wonder Limited (CSI Properties Limited),(1) Asia Bright Development Limited (Sino Land Company Limited);<br/>(2) Century Link Investments Limited (Wang On Group Limited);<br/>(3) Dragon Mount Development Limited (Grand Ming Group Holdings Limited);<br/>(4) Ease Success Limited (Great Eagle Holdings Limited);<br/>(5) Get Nice International Limited (Get Nice Holdings Limited);<br/>(6) Henrik Investment Limited (Far East Consortium International Limited);<br/>(7) HKRP Management Limited (HKR International Limited);<br/>(8) K Wise Limited (K&K Property Holdings Limited);<br/>(9) Mazy Asia Limited (K. Wah International Holdings Limited);<br/>(10) Merit Ascent International Limited (Southeast Asia Properties & Finance Limited);<br/>(11) Pristine Mark Limited (Lai Sun Garment (International) Limited);<br/>(12) Smart Base Holdings Limited (Paliburg Holdings Limited and Regal Hotels International Holdings Limited); and <br/>(13) United Aluminium Suppliers Limited (Chiaphua Limited). | N.A. | N.A.,22.47971559,114.1113507,govt-led,FY rule: Application List abolished Feb 2013; all sales government-initiated,CSI Properties Limited,3076,sq m,9127,HK$/sq ft,yes,https://www.info.gov.hk/gia/general/201504/15/P201504150698.htm,Project Cadenza,CSI Properties,local_minor,https://www.info.gov.hk/gia/general/201504/15/P201504150698.htm | raw/2015-2016/LOTNO1909INDEMARCATIONDISTRICTNO100__result.pdf,https://www.info.gov.hk/gia/general/201504/15/P201504150698.htm | raw/2015-2016/LOTNO1909INDEMARCATIONDISTRICTNO100__result.pdf,https://hk.centanet.com/estate/en/Cadenza/3-GESPWPPAPS | raw/2015-2016/LOTNO1909INDEMARCATIONDISTRICTNO100__devname.pdf,,,,,https://www.legco.gov.hk/research-publications/english/essentials-2022ise09-regulation-on-minimum-home-size-in-london.htm,inferred-N,CADENZA,APPROVAL OF DEED OF MUTUAL COVENANT AND MANAGEMENT AGREEMENT,Named development,
2015-2016,29/04/2015,tender,LOT NO. 1181 IN DEMARCATION DISTRICT NO. 215,"HONG KIN ROAD, TUI MIN HOI, SAI KUNG, NEW TERRITORIES",RESIDENTIAL R3,residential,3424,609,,high,133 PORTOFINO,133 HONG KIN ROAD,LOT NO. 1181 IN DEMARCATION DISTRICT NO. 215,18,Joy Rise Limited (Sino Land Company Limited),(1) Century Link Investments Limited (Wang On Group Limited);<br/>(2) Colorise Development Limited (Rykadan Capital Limited);<br/>(3) Dragon Mount Development Limited (Grand Ming Group Holdings Limited);<br/>(4) Eagle Fort Global Limited (Holdwin Limited);<br/>(5) Excel Match Limited (Nimble Run Limited);<br/>(6) Fine Time Development Limited (Hong Kong Ferry (Holdings) Company Limited);<br/>(7) Full Supreme Limited;<br/>(8) Get Nice International Limited (Get Nice Holdings Limited);<br/>(9) Hanforth Limited;<br/>(10) K Wise Limited (K&K Property Holdings Limited);<br/>(11) Smart Base Holdings Limited (Paliburg Holdings Limited and Regal Hotels International Holdings Limited);<br/>(12) Smart Union Limited (Chinese Estates Holdings Limited);<br/>(13) Turnwell Limited (K. Wah International Holdings Limited);<br/>(14) Union Faith Development Limited (Minmetals Land Limited);<br/>(15) United Aluminium Suppliers Limited (Chiaphua Limited);<br/>(16) Victory Field Development Limited (Tai Cheung Holdings Limited); and <br/>(17) Wilson Investments Limited (CK Hutchison Holdings Limited). | N.A. | N.A.,22.37665772,114.2701699,govt-led,FY rule: Application List abolished Feb 2013; all sales government-initiated,Sino Land Company Limited,4793,sq m,11804,HK$/sq ft,yes,https://www.info.gov.hk/gia/general/201504/29/P201504290671.htm,Project 133 Portofino,Sino Land,local_major,https://www.info.gov.hk/gia/general/201504/29/P201504290671.htm | raw/2015-2016/LOTNO1181INDEMARCATIONDISTRICTNO215__result.pdf,https://www.info.gov.hk/gia/general/201504/29/P201504290671.htm | raw/2015-2016/LOTNO1181INDEMARCATIONDISTRICTNO215__result.pdf,https://www.sino.com/en/our-business/residential/133-portofino/ | raw/2015-2016/LOTNO1181INDEMARCATIONDISTRICTNO215__devname.pdf,,,,,https://www.legco.gov.hk/research-publications/english/essentials-2022ise09-regulation-on-minimum-home-size-in-london.htm,inferred-N,133 Portofino,APPROVAL OF DEED OF MUTUAL COVENANT AND MANAGEMENT AGREEMENT | JOY RISE LIMITED,Named development,9-Jan-20
2015-2016,13/05/2015,tender,SHA TIN TOWN LOT NO. 605,"LOK WO SHA LANE, MA ON SHAN, SHA TIN, NEW TERRITORIES",RESIDENTIAL R2,residential,5830,1468.888888,,high,THE ENTRANCE,1 LOK WO SHA LANE,SHA TIN TOWN LOT NO. 605,19,Jumbo Vision Holdings Limited (CITIC Pacific Limited),(1) Adventure Success Limited (Emperor International Holdings Limited and Shimao Property Holdings Limited);<br/>(2) Asia Bright Development Limited (Sino Land Company Limited);<br/>(3) Century Link Investments Limited (Wang On Group Limited);<br/>(4) Ease Success Limited (Great Eagle Holdings Limited);<br/>(5) Fortune Choice Development Limited (Henderson Land Development Company Limited);<br/>(6) Gainwick Limited (HKR International Limited);<br/>(7) Golden Centurion Limited (Wheelock Properties Limited);<br/>(8) Hanforth Limited;<br/>(9) K Wise Limited (K&K Property Holdings Limited);<br/>(10) Kingright International Limited (Lai Sun Garment (International) Limited and Pine Billion Enterprises Limited);<br/>(11) Kong Smart Investment Limited (Sun Hung Kai Properties Limited);<br/>(12) Manful Global Development Limited (K. Wah International Holdings Limited);<br/>(13) Master Green Limited (Soundwill Holdings Limited);<br/>(14) Rich View Investments Limited (CK Hutchison Holdings Limited);<br/>(15) Sanon Limited (Far East Consortium International Limited);<br/>(16) Smart Base Holdings Limited (Paliburg Holdings Limited and Regal Hotels International Holdings Limited);<br/>(17) Super Record Limited (New World Development Company Limited); and <br/>(18) Victory Asset Inc Limited (Angel Stars International Limited and Wealthy Sino Limited). | N.A. | N.A.,22.42957333,114.2475633,govt-led,FY rule: Application List abolished Feb 2013; all sales government-initiated,CITIC Pacific Limited,20988,sq m,6502,HK$/sq ft,yes,https://www.info.gov.hk/gia/general/201505/13/P201505130710.htm,Project The Entrance,CITIC,mainland,https://www.info.gov.hk/gia/general/201505/13/P201505130710.htm | raw/2015-2016/SHATINTOWNLOTNO605__result.pdf,https://www.info.gov.hk/gia/general/201505/13/P201505130710.htm | raw/2015-2016/SHATINTOWNLOTNO605__result.pdf,https://www.citicpacific.com/en/property_projects/the-entrance/ | raw/2015-2016/SHATINTOWNLOTNO605__devname.pdf,,,,,https://www.legco.gov.hk/research-publications/english/essentials-2022ise09-regulation-on-minimum-home-size-in-london.htm,inferred-N,The Entrance | å³»æº,APPROVAL OF DEED OF MUTUAL COVENANT AND MANAGEMENT AGREEMENT | CONSENT TO SELL FOR RESIDENTIAL DEVELOPMENT | JUMBO VISION HOLDINGS LIMITED,Named development,24-Jan-19
2015-2016,13/05/2015,tender,NEW KOWLOON INLAND LOT NO. 6313,"JUNCTION OF CHEUNG YIP STREET, SHEUNG YEE ROAD AND WAI YIP STREET, KOWLOON BAY, KOWLOON",COMMERCIAL OFFICE,commercial,3795,3038.88,,high,,,NEW KOWLOON INLAND LOT NO. 6313,13,Great Maker Limited,(1) Best King Limited (Chinese Estates Holdings Limited);<br/>(2) Bright Vision International Limited (CITIC Pacific Limited);<br/>(3) Conford Investments Limited (CK Hutchison Holdings Limited);<br/>(4) Conventional Wisdom Limited (Sunny Autumn Limited);<br/>(5) Ever Merits Investments Limited (Wheelock Properties Limited);<br/>(6) Juliyam Limited (Henderson Land Development Company Limited);<br/>(7) Luck Huge Limited;<br/>(8) Newly Development Limited (New World Development Company Limited);<br/>(9) Silver Grace Company Limited (K. Wah Properties (Holdings) Limited);<br/>(10) Sunrise Treasure Limited (Great Eagle Holdings Limited);<br/>(11) Super Great Limited (Sun Hung Kai Properties Limited); and <br/>(12) Time Fort Limited (K&K Property Holdings Limited). | N.A. | N.A.,22.31896423,114.2116448,govt-led,FY rule: Application List abolished Feb 2013; all sales government-initiated,not found,45540,sq m,6199,HK$/sq ft,yes,https://www.info.gov.hk/gia/general/201505/13/P201505130710.htm,Commercial/office; no parent stated in press release,Great Maker Limited,other,https://www.info.gov.hk/gia/general/201505/13/P201505130710.htm | raw/2015-2016/NEWKOWLOONINLANDLOTNO6313__result.pdf,https://www.info.gov.hk/gia/general/201505/13/P201505130710.htm | raw/2015-2016/NEWKOWLOONINLANDLOTNO6313__result.pdf,,,,,,,,38 Wai Yip Street,CONSENT TO SELL FOR NON-RESIDENTIAL DEVELOPMENT | GREAT MAKER LIMITED,Named development,31 May 2019 | 31/05/2019
2015-2016,10/6/2015,tender,TUEN MUN TOWN LOT NO. 539,"JUNCTION OF HOI WING ROAD AND HANG FU STREET, AREA 16, TUEN MUN, NEW TERRITORIES",RESIDENTIAL R1,residential,4831,1319,,high,REGENCY BAY DEVELOPMENT,23 HOI WONG ROAD,TUEN MUN TOWN LOT NO. 539,14,Kong Smart Investment Limited (Sun Hung Kai Properties Limited),"(1) Able Lucky Development Limited (Poly Property Group Co., Limited);<br/>(2) Adventure Success Limited (Emperor International Holdings Limited and Shimao Property Holdings Limited);<br/>(3) Bestley Properties Limited (Sino Land Company Limited);<br/>(4) Charm City Investments Limited (CK Hutchison Holdings Limited);<br/>(5) China Land Resources Development Limited (Chuang's China Investments Limited);<br/>(6) Dragon Mount Development Limited (Grand Ming Group Holdings Limited);<br/>(7) Hanforth Limited;<br/>(8) HYFCO Development Company Limited (Hong Kong Ferry (Holdings) Company Limited);<br/>(9) K Wise Limited (K&K Property Holdings Limited);<br/>(10) Lucky Nice Limited (Chinese Estates Holdings Limited);<br/>(11) Master Green Limited (Soundwill Holdings Limited);<br/>(12) Sanon Limited (Far East Consortium International Limited); and <br/>(13) Well Plant Limited (K. Wah International Holdings Limited). | N.A. | N.A.",22.381576,113.9706797,govt-led,FY rule: Application List abolished Feb 2013; all sales government-initiated,Sun Hung Kai Properties Limited,,,,,yes,https://www.info.gov.hk/gia/general/201506/10/P201506100695.htm,Residential R1; residential GFA formula-based (non-resi cap 13908 sq m); GFA/AV not found; project Regency Bay,Sun Hung Kai Properties,local_major,https://www.info.gov.hk/gia/general/201506/10/P201506100695.htm | raw/2015-2016/TUENMUNTOWNLOTNO539__result.pdf,https://www.info.gov.hk/gia/general/201506/10/P201506100695.htm | raw/2015-2016/TUENMUNTOWNLOTNO539__result.pdf,https://www.shkp.com/en-US/our-business/hong-kong-properties/residential-for-sale/regency-bay,,,,,https://www.legco.gov.hk/research-publications/english/essentials-2022ise09-regulation-on-minimum-home-size-in-london.htm,inferred-N,Pending (Phase 1) | Pending (Phase 2 ) | Regency Bay Development | Regency Bay Development (Phase 1) | Regency Bay Development (Phase 2),APPROVAL OF DEED OF MUTUAL COVENANT AND MANAGEMENT AGREEMENT | CONSENT TO SELL FOR RESIDENTIAL DEVELOPMENT | KONG SMART INVESTMENT LIMITED,Named development,6-Feb-20
2015-2016,17/06/2015,tender,SHA TIN TOWN LOT NO. 607,"21 ON SHAN LANE, MA ON SHAM, SHA TIN, NEW TERRITORIES",PETROL FILLING STATION,petrol_or_ev,2506,434.894999,,high,,,SHA TIN TOWN LOT NO. 607,4,Shell Hong Kong Limited,(1) Chevron Hong Kong Limited;<br/>(2) ExxonMobil Hong Kong Limited; and <br/>(3) Sinopec (Hong Kong) Limited (China Petroleum & Chemical Corporation). | N.A. | A single amount of tender premium for the purchase of [SHA TIN TOWN LOT NO. 607] and SHA TIN TOWN LOT NO. 612] collectively as one package.,22.41889545,114.2325253,govt-led,FY rule: Application List abolished Feb 2013; all sales government-initiated,not found,,,,,n/a,https://www.landsd.gov.hk/doc/en/landsale/records/2015-2016.pdf,Petrol filling station (premium covers STTL 607 & 612 jointly); tenderer not found; no building GFA - AV n/a,,,,https://www.landsd.gov.hk/doc/en/landsale/records/2015-2016.pdf | raw/2015-2016/SHATINTOWNLOTNO607__consent.pdf,,,,,,,,,,No consent,
2015-2016,17/06/2015,tender,SHA TIN TOWN LOT NO. 612,"8500 TAI PO ROAD â€“ SHA TIN HEIGHTS, SHA TIN, NEW TERRITORIES",PETROL FILLING STATION,petrol_or_ev,920.1,,,high,,,SHA TIN TOWN LOT NO. 612,4,Shell Hong Kong Limited,(1) Chevron Hong Kong Limited;<br/>(2) ExxonMobil Hong Kong Limited; and <br/>(3) Sinopec (Hong Kong) Limited (China Petroleum & Chemical Corporation). | N.A. | A single amount of tender premium for the purchase of [SHA TIN TOWN LOT NO. 607] and SHA TIN TOWN LOT NO. 612] collectively as one package.,22.36079738,114.1616608,govt-led,FY rule: Application List abolished Feb 2013; all sales government-initiated,,,,,,,,,,,,,,,,,,,,,,No consent,
2015-2016,17/06/2015,tender,TUEN MUN TOWN LOT NO. 500,"KWUN CHUI ROAD, AREA 56, TUEN MUN, NEW TERRITORIES",RESIDENTIAL R2,residential,24336,3628.9,,high,"OCEAN CAMINO (BEFORE 19 FEBRUARY 2024, THE DEVELOPMENT IS KNOWN AS EMERALD BAY)",8 KWUN CHUI ROAD,TUEN MUN TOWN LOT NO. 500,9,Fortune Choice Development Limited (Henderson Land Development Company Limited),"(1) Asia Bright Development Limited (Sino Land Company Limited, K. Wah International Holdings Limited, Manhattan Garments (International) Limited and Wing Tai Properties Limited);<br/>(2) Big Chance Corporation Limited (Emperor International Holdings Limited and Grand Ming Group Holdings Limited);<br/>(3) Citypoint Investment Limited (Cheung Kong Property Holdings Limited);<br/>(4) Golden Centurion Limited (Wheelock Properties Limited);<br/>(5) Super Great Limited (Sun Hung Kai Properties Limited);<br/>(6) Super Record Limited (New World Development Company Limited);<br/>(7) Teampearl Company Limited (Far East Consortium International Limited); and <br/>(8) Time Fort Limited (K&K Property Holdings Limited). | N.A. | N.A.",22.3723639,114.0003022,govt-led,FY rule: Application List abolished Feb 2013; all sales government-initiated,Henderson Land Development Company Limited,72960,sq m,4621,HK$/sq ft,yes,https://www.info.gov.hk/gia/general/201506/17/P201506170727.htm,Project Ocean Camino / Emerald Bay,Henderson Land,local_major,https://www.info.gov.hk/gia/general/201506/17/P201506170727.htm | raw/2015-2016/TUENMUNTOWNLOTNO500__result.pdf,https://www.info.gov.hk/gia/general/201506/17/P201506170727.htm | raw/2015-2016/TUENMUNTOWNLOTNO500__result.pdf,https://hk.centanet.com/info/en/new-property/%E5%B1%AF%E9%96%80-Tuen-Mun/%E6%81%86%E5%A4%A7-%E7%8F%BA%E7%93%8F%E7%81%A3-Emerald-Bay/1699,,,,,https://www.legco.gov.hk/research-publications/english/essentials-2022ise09-regulation-on-minimum-home-size-in-london.htm,inferred-N,Emerald Bay (Phase 1) | Ocean Camino | Ocean Camino (Phase 1) | Ocean Camino (Phase 2) | Pending (Phase 1) | Pending (Phase 2),APPROVAL OF DEED OF MUTUAL COVENANT AND MANAGEMENT AGREEMENT | APPROVAL OF SUB-DEED OF MUTUAL COVENANT | CONSENT TO ASSIGN FOR RESIDENTIAL DEVELOPMENT | CONSENT TO SELL FOR RESIDENTIAL DEVELOPMENT | FORTUNE CHOICE DEVELOPMENT LIMITED,Named development,8 February 2019 | N.A.
2015-2016,24/06/2015,tender,LOT NO. 1872 IN DEMARCATION DISTRICT CHEUNG CHAU,"FA PENG ROAD, CHEUNG CHAU, NEW TERRITORIES",RESIDENTIAL R3,residential,3410,68.888889,,high,,,LOT NO. 1872 IN DEMARCATION DISTRICT CHEUNG CHAU,4,Moonlight Shadow Holdings Limited,(1) Bestley Properties Limited (Sino Land Company Limited);<br/>(2) Billion King Capital Investment Limited; and <br/>(3) Modern Fortune Trading Limited (Grand Jubilee Investments Limited). | N.A. | N.A.,22.20356262,114.0366195,govt-led,FY rule: Application List abolished Feb 2013; all sales government-initiated,not found,2728,sq m,2346,HK$/sq ft,yes,https://www.info.gov.hk/gia/general/201506/24/P201506240695.htm,No parent stated in press release,Moonlight Shadow Holdings Limited,other,https://www.info.gov.hk/gia/general/201506/24/P201506240695.htm | raw/2015-2016/LOTNO1872INDEMARCATIONDISTRICTCHEUNGCHAU__result.pdf,https://www.info.gov.hk/gia/general/201506/24/P201506240695.htm | raw/2015-2016/LOTNO1872INDEMARCATIONDISTRICTCHEUNGCHAU__result.pdf,,,,,,https://www.legco.gov.hk/research-publications/english/essentials-2022ise09-regulation-on-minimum-home-size-in-london.htm,inferred-N,,,No consent,
2015-2016,8/7/2015,tender,TUEN MUN TOWN LOT NO. 541,"SO KWUN WAT ROAD, AREA 56, TUEN MUN, NEW TERRITORIES",RESIDENTIAL R2,residential,27000,3822.021036,,high,LE PONT,99 SO KWUN WAT ROAD,TUEN MUN TOWN LOT NO. 541,10,Alliance Grace Limited (Vanke Property (Hong Kong) Company Limited),"(1) Asia Bright Development Limited (Sino Land Company Limited, K Wah International Holdings Limited, Manhattan Garments (International) Limited and Wing Tai Properties Limited);<br/>(2) Big Chance Corporation Limited (Emperor International Holdings Limited and Grand Ming Group Holdings Limited);<br/>(3) Bright Sheen Development Limited (Henderson Land Development Company Limited);<br/>(4) Golden Centurion Limited (Wheelock Properties Limited);<br/>(5) K Wise Limited (K&K Property Holdings Limited);<br/>(6) Opal Lucky Limited (Sun Hung Kai Properties Limited);<br/>(7) Rich View Investments Limited (Cheung Kong Property Holdings Limited);<br/>(8) Smart Base Holdings Limited (Paliburg Holdings Limited and Regal Hotels International Holdings Limited); and <br/>(9) Teampearl Company Limited (Far East Consortium International Limited). | N.A. | N.A.",22.37361178,114.0037497,govt-led,FY rule: Application List abolished Feb 2013; all sales government-initiated,Vanke Property (Hong Kong) Company Limited,78200,sq m,4541,HK$/sq ft,yes,https://www.info.gov.hk/gia/general/201507/08/P201507080800.htm,Project Le Pont,Vanke,mainland,https://www.info.gov.hk/gia/general/201507/08/P201507080800.htm | raw/2015-2016/TUENMUNTOWNLOTNO541__result.pdf,https://www.info.gov.hk/gia/general/201507/08/P201507080800.htm | raw/2015-2016/TUENMUNTOWNLOTNO541__result.pdf,https://www.vankehk.com/en/property/hong-kong-properties/le-pont | raw/2015-2016/TUENMUNTOWNLOTNO541__devname.pdf,,,,,https://www.legco.gov.hk/research-publications/english/essentials-2022ise09-regulation-on-minimum-home-size-in-london.htm,inferred-N,Le Pont,ALLIANCE GRACE LIMITED | APPROVAL OF DEED OF MUTUAL COVENANT AND MANAGEMENT AGREEMENT | CONSENT TO SELL FOR NON-RESIDENTIAL DEVELOPMENT | CONSENT TO SELL FOR RESIDENTIAL DEVELOPMENT,Named development,30 June 2020 | 7 September 2018
2015-2016,12/8/2015,tender,LOT NO. 2115 IN DEMARCATION DISTRICT NO. 105,"JUNCTION OF SAN TAM ROAD AND MAPLE GARDENS 1ST STREET, NGAU TAM MEI, YUEN LONG, NEW TERRITORIES P. 1",RESIDENTIAL R3,residential,8754,548,,high,,,LOT NO. 2115 IN DEMARCATION DISTRICT NO. 105,4,Modern Fortune Trading Limited (Grand Jubilee Investments Limited),(1) Charm City Investments Limited (Cheung Kong Property Holdings Limited);<br/>(2) Harley Investments Limited (Sino Land Company Limited); and <br/>(3) K Wise Limited (K&K Property Holdings Limited). | N.A. | N.A.,22.48574508,114.059088,govt-led,FY rule: Application List abolished Feb 2013; all sales government-initiated,Grand Jubilee Investments Limited,4201,sq m,12118,HK$/sq ft,yes,https://www.devb.gov.hk/en/publications_and_press_releases/press/index_id_8728.html,,Grand Jubilee Investments Limited,other,https://www.devb.gov.hk/en/publications_and_press_releases/press/index_id_8728.html | raw/2015-2016/LOTNO2115INDEMARCATIONDISTRICTNO105__result.pdf,https://www.devb.gov.hk/en/publications_and_press_releases/press/index_id_8728.html | raw/2015-2016/LOTNO2115INDEMARCATIONDISTRICTNO105__result.pdf,,,,,,https://www.legco.gov.hk/research-publications/english/essentials-2022ise09-regulation-on-minimum-home-size-in-london.htm,inferred-N,,APPROVAL OF DEED OF MUTUAL COVENANT AND MANAGEMENT AGREEMENT,Pending,
2015-2016,2/9/2015,tender,TAI PO TOWN LOT NO. 226,"CHONG SAN ROAD, PAK SHEK KOK, TAI PO, NEW TERRITORIES",RESIDENTIAL R2,residential,17121,3030,,high,SOLARIA,16 FO CHUN ROAD,TAI PO TOWN LOT NO. 226,13,Manful Global Development Limited (K. Wah International Holdings Limited),(1) Allied Glory Development Limited (Vanke Property (Hong Kong) Company Limited);<br/>(2) Asia Bright Development Limited (Sino Land Company Limited);<br/>(3) Avion Investment Limited (Henderson Land Development Company Limited);<br/>(4) Citypoint Investment Limited (Cheung Kong Property Holdings Limited);<br/>(5) Dragon Mount Development Limited (Grand Ming Group Holdings Limited);<br/>(6) Golden Centurion Limited (Wheelock Properties Limited);<br/>(7) K Wise Limited (K&K Property Holdings Limited);<br/>(8) King Future Limited (Billion Real Estate Holdings Limited);<br/>(9) Opal Lucky Limited (Sun Hung Kai Properties Limited);<br/>(10) Sanon Limited (Far East Consortium International Limited);<br/>(11) Smart Base Holdings Limited (Paliburg Holdings Limited and Regal Hotels International Holdings Limited); and <br/>(12) Super Record Limited (New World Development Company Limited). | N.A. | N.A.,22.42943213,114.205091,govt-led,FY rule: Application List abolished Feb 2013; all sales government-initiated,K. Wah International Holdings Limited,61635,sq m,4567,HK$/sq ft,yes,https://www.info.gov.hk/gia/general/201509/02/P201509020731.htm,Project Solaria,K. Wah International,local_major,https://www.info.gov.hk/gia/general/201509/02/P201509020731.htm | raw/2015-2016/TAIPOTOWNLOTNO226__result.pdf,https://www.info.gov.hk/gia/general/201509/02/P201509020731.htm | raw/2015-2016/TAIPOTOWNLOTNO226__result.pdf,https://www.solaria.com.hk/?l=en | raw/2015-2016/TAIPOTOWNLOTNO226__devname.pdf,,,,,https://www.info.gov.hk/gia/general/201509/02/P201509020729.htm,verified,Solaria,APPROVAL OF DEED OF MUTUAL COVENANT AND MANAGEMENT AGREEMENT | CONSENT TO SELL FOR RESIDENTIAL DEVELOPMENT | MANFUL GLOBAL DEVELOPMENT LIMITED,Named development,18-May-18
2015-2016,16/09/2015,tender,TUEN MUN TOWN LOT NO. 542,"CASTLE PEAK ROAD - CASTLE PEAK BAY, AREA 48, TUEN MUN, NEW TERRITORIES",RESIDENTIAL R3,residential,8190,1730,,high,VILLA LA PLAGE,"51,53,55,57,59,61,63 CASTLE PEAK ROAD CASTLE PEAK BAY; 65,67,69,71,73,75 CASTLE PEAK ROAD CASTLE PEAK BAY",TUEN MUN TOWN LOT NO. 542,20,Able Lucky Development Limited (Poly Property Group Co Limited),(1) All Max Limited (Emperor International Holdings Limited and Grand Ming Group Holdings Limited);<br/>(2) Allied Glory Development Limited (Vanke Property (Hong Kong) Company Limited);<br/>(3) Asia Bright Development Limited (Sino Land Company Limited);<br/>(4) China Land Resources Development Limited (Chuang's China Investments Limited);<br/>(5) Ease Success Limited (Great Eagle Holdings Limited);<br/>(6) Fancy Excellent Limited;<br/>(7) Golden Centurion Limited (Wheelock Properties Limited);<br/>(8) Hanforth Limited;<br/>(9) K Wise Limited (K&K Property Holdings Limited);<br/>(10) Master Green Limited (Soundwill Holdings Limited);<br/>(11) New Fusion Trading Limited (Gingerlily Investments Limited);<br/>(12) Rich View Investments Limited (Cheung Kong Property Holdings Limited);<br/>(13) Smart Base Holdings Limited (Paliburg Holdings Limited and Regal Hotels International Holdings Limited);<br/>(14) Smart Union Limited (Chinese Estates Holdings Limited);<br/>(15) Speed Fast Holdings Limited (CSI Properties Limited);<br/>(16) Super Great Limited (Sun Hung Kai Properties Limited);<br/>(17) Super Record Limited (New World Development Company Limited);<br/>(18) Turnwell Limited (K. Wah International Holdings Limited); and <br/>(19) United Horizon Limited (Kam Wah Holdings Limited and Wang On Group Limited). | N.A. | N.A.,22.37442004,113.9867377,govt-led,FY rule: Application List abolished Feb 2013; all sales government-initiated,Poly Property Group Co Limited,10647,sq m,15096,HK$/sq ft,yes,https://www.info.gov.hk/gia/general/201509/16/P201509160653.htm,Project Villa La Plage,Poly Property,mainland,https://www.info.gov.hk/gia/general/201509/16/P201509160653.htm | raw/2015-2016/TUENMUNTOWNLOTNO542__result.pdf,https://www.info.gov.hk/gia/general/201509/16/P201509160653.htm | raw/2015-2016/TUENMUNTOWNLOTNO542__result.pdf,https://www.villalaplage.hk/en | raw/2015-2016/TUENMUNTOWNLOTNO542__devname.pdf,,,,,https://www.legco.gov.hk/research-publications/english/essentials-2022ise09-regulation-on-minimum-home-size-in-london.htm,inferred-N,VILLA LA PLAGE,ABLE LUCKY DEVELOPMENT LIMITED | APPROVAL OF DEED OF MUTUAL COVENANT AND MANAGEMENT AGREEMENT | CONSENT TO SELL FOR RESIDENTIAL DEVELOPMENT,Named development,11-Aug-20
2015-2016,29/09/2015,tender,NEW KOWLOON INLAND LOT NO. 6542,"YIN PING ROAD, TAI WO PING, KOWLOON",RESIDENTIAL R2,residential,20401,7020,,high,BEACON PEAK,9 YIN PING ROAD,NEW KOWLOON INLAND LOT NO. 6542,7,Adventure Success Limited (Shimao Property Holdings Limited),"(1) Asia Bright Development Limited (Sino Land Company Limited, K. Wah International Holdings Limited and Wing Tai Properties Limited);<br/>(2) Conford Investments Limited (Cheung Kong Property Holdings Limited);<br/>(3) Mainco Limited (Sun Hung Kai Properties Limited);<br/>(4) Modern Expert Limited (Wheelock Properties Limited);<br/>(5) More Win Enterprises Limited (China Overseas Land & Investment Limited); and <br/>(6) Well Future Development Limited (Henderson Land Development Company Limited). | N.A. | N.A.",22.34679297,114.1634415,govt-led,FY rule: Application List abolished Feb 2013; all sales government-initiated,Shimao Property Holdings Limited,58750,sq m,11101,HK$/sq ft,yes,https://www.info.gov.hk/gia/general/201509/29/P201509290687.htm,Project Beacon Peak,Shimao,mainland,https://www.info.gov.hk/gia/general/201509/29/P201509290687.htm | raw/2015-2016/NEWKOWLOONINLANDLOTNO6542__result.pdf,https://www.info.gov.hk/gia/general/201509/29/P201509290687.htm | raw/2015-2016/NEWKOWLOONINLANDLOTNO6542__result.pdf,https://www.beaconpeak.hk/home/ | raw/2015-2016/NEWKOWLOONINLANDLOTNO6542__devname.pdf,,,,,https://www.legco.gov.hk/research-publications/english/essentials-2022ise09-regulation-on-minimum-home-size-in-london.htm,inferred-N,BEACON PEAK DEVELOPMENT | BEACON PEAK DEVELOPMENT (Phase 1 - BEACON PEAK) | Pending (Phase 1),ADVENTURE SUCCESS LIMITED | APPROVAL OF DEED OF MUTUAL COVENANT AND MANAGEMENT AGREEMENT | CONSENT TO ASSIGN FOR RESIDENTIAL DEVELOPMENT | CONSENT TO SELL FOR RESIDENTIAL DEVELOPMENT,Named development,28-Jan-22
2015-2016,20/10/2015,tender,SHA TIN TOWN LOT NO. 617,"ON YIU STREET, SHEK MUN, SHA TIN, NEW TERRITORIES",BUSINESS,commercial,1700,675.5,,high,,,SHA TIN TOWN LOT NO. 617,13,Jumbo Pacific Limited (Sun Hung Kai Properties Limited),(1) Asia Bright Development Limited (Sino Land Company Limited);<br/>(2) Century Link Investments Limited (Wang On Group Limited);<br/>(3) China Land Resources Development Limited (Chuang's China Investments Limited);<br/>(4) Citypoint Investment Limited (Cheung Kong Property Holdings Limited);<br/>(5) Dragon Mount Development Limited (Grand Ming Group Holdings Limited);<br/>(6) Hanforth Limited;<br/>(7) K Wise Limited (K&K Property Holdings Limited);<br/>(8) Master Green Limited (Soundwill Holdings Limited);<br/>(9) Silver Grace Company Limited (K. Wah Properties (Holdings) Limited);<br/>(10) Smart Base Holdings Limited (Paliburg Holdings Limited and Regal Hotels International Holdings Limited);<br/>(11) Sure Gain Corporation Limited (Emperor International Holdings Limited); and <br/>(12) Vicper Holdings Limited (Lai Sun Garment (International) Limited). | N.A. | N.A.,22.38993074,114.2096207,govt-led,FY rule: Application List abolished Feb 2013; all sales government-initiated,Sun Hung Kai Properties Limited,16150,sq m,3886,HK$/sq ft,yes,https://www.info.gov.hk/gia/general/201510/20/P201510200623.htm,Business site,Sun Hung Kai Properties,local_major,https://www.info.gov.hk/gia/general/201510/20/P201510200623.htm | raw/2015-2016/SHATINTOWNLOTNO617__result.pdf,https://www.info.gov.hk/gia/general/201510/20/P201510200623.htm | raw/2015-2016/SHATINTOWNLOTNO617__result.pdf,,,,,,,,W LUXE,CONSENT TO SELL FOR NON-RESIDENTIAL DEVELOPMENT | JUMBO PACIFIC LIMITED,Named development,31-Jul-20
2015-2016,4/11/2015,tender,TSING YI TOWN LOT NO. 190,"SAI SHAN ROAD, TSING YI, NEW TERRITORIES",RESIDENTIAL R1,residential,,,yes,high,,,TSING YI TOWN LOT NO. 190,9,---------,(1) Asia Bright Development Limited (Sino Land Company Limited);<br/>(2) Avion Investment Limited (Henderson Land Development Company Limited);<br/>(3) Century Basis Limited (K. Wah International Holdings Limited);<br/>(4) K Wise Limited (K&K Property Holdings Limited);<br/>(5) Rich View Investments Limited (Cheung Kong Property Holdings Limited);<br/>(6) Sanon Limited (Far East Consortium International Limited);<br/>(7) Smart Base Holdings Limited (Paliburg Holdings Limited and Regal Hotels International Holdings Limited);<br/>(8) Super Great Limited (Sun Hung Kai Properties Limited); and <br/>(9) Super Record Limited (New World Development Company Limited). | N.A. | TENDER CANCELLED ON 4 NOVEMBER 2015,22.34406933,114.1058163,govt-led,FY rule: Application List abolished Feb 2013; all sales government-initiated,,,,,,,,,,,,,,,,,,https://www.legco.gov.hk/research-publications/english/essentials-2022ise09-regulation-on-minimum-home-size-in-london.htm,inferred-N,The Grand Marine,APPROVAL OF DEED OF MUTUAL COVENANT AND MANAGEMENT AGREEMENT | CONSENT TO SELL FOR RESIDENTIAL DEVELOPMENT | DRAGON MOUNT DEVELOPMENT LIMITED,Named development,11-Oct-19
2015-2016,23/12/2015,tender,YUEN LONG TOWN LOT NO. 532,"JUNCTION OF WANG YIP STREET WEST AND HONG YIP STREET, TUNG TAU INDUSTRIAL AREA, YUEN LONG, NEW TERRITORIES",BUSINESS,commercial,9246,1690,,high,,,YUEN LONG TOWN LOT NO. 532,9,Regal Crown Development Limited (Sino Land Company Limited),"(1) Cino Internetwork Co., Limited;<br/>(2) Clear Gain Investments Limited (Regal Hotels International Holdings Limited);<br/>(3) K Wise Limited (K&K Property Holdings Limited);<br/>(4) King Future Limited (Billion Real Estate Holdings Limited);<br/>(5) Luck Huge Limited;<br/>(6) Mainco Limited (Sun Hung Kai Properties Limited);<br/>(7) Silver Grace Company Limited (K. Wah Properties (Holdings) Limited); and <br/>(8) Yuen Long Kam Kwong Church Limited. | N.A. | N.A.",22.45086907,114.0294338,govt-led,FY rule: Application List abolished Feb 2013; all sales government-initiated,Sino Land Company Limited,46230,sq m,3396,HK$/sq ft,yes,https://www.info.gov.hk/gia/general/201512/23/P201512230653.htm,Business site,Sino Land,local_major,https://www.info.gov.hk/gia/general/201512/23/P201512230653.htm | raw/2015-2016/YUENLONGTOWNLOTNO532__result.pdf,https://www.info.gov.hk/gia/general/201512/23/P201512230653.htm | raw/2015-2016/YUENLONGTOWNLOTNO532__result.pdf,,,,,,,,,,No consent,
2015-2016,23/12/2015,tender,TUEN MUN TOWN LOT NO. 497,"SO KWUN WAT ROAD, AREA 56, TUEN MUN, NEW TERRITORIES",RESIDENTIAL R2,residential,6800,1056.13,,high,OMA OMA,108 SO KWUN WAT ROAD,TUEN MUN TOWN LOT NO. 497,11,Conventional Wisdom Limited (Sunny Autumn Limited),(1) Allied Glory Development Limited (Vanke Property (Hong Kong) Company Limited);<br/>(2) Dragon Mount Development Limited (Grand Ming Group Holdings Limited);<br/>(3) East Region Limited (Sino Land Company Limited);<br/>(4) Gainwick Limited (HKR International Limited);<br/>(5) Golden Centurion Limited (Wheelock Properties Limited);<br/>(6) Hanforth Limited;<br/>(7) Juliyam Limited (Henderson Land Development Company Limited);<br/>(8) Mazy Asia Limited (K. Wah International Holdings Limited);<br/>(9) Super Great Limited (Sun Hung Kai Properties Limited); and <br/>(10) Treasure King Investment Limited (Cheung Kong Property Holdings Limited). | N.A. | N.A.,22.37210843,114.0030574,govt-led,FY rule: Application List abolished Feb 2013; all sales government-initiated,Sunny Autumn Limited,24480,sq m,4008,HK$/sq ft,yes,https://www.info.gov.hk/gia/general/201512/23/P201512230653.htm,Project Oma Oma,Sunny Autumn Limited,other,https://www.info.gov.hk/gia/general/201512/23/P201512230653.htm | raw/2015-2016/TUENMUNTOWNLOTNO497__result.pdf,https://www.info.gov.hk/gia/general/201512/23/P201512230653.htm | raw/2015-2016/TUENMUNTOWNLOTNO497__result.pdf,https://hk.centanet.com/estate/en/Oma-Oma/2-KESPWPPHPG | raw/2015-2016/TUENMUNTOWNLOTNO497__devname.pdf,,,,,https://www.legco.gov.hk/research-publications/english/essentials-2022ise09-regulation-on-minimum-home-size-in-london.htm,inferred-N,OMA OMA,APPROVAL OF DEED OF MUTUAL COVENANT AND MANAGEMENT AGREEMENT | CONSENT TO SELL FOR RESIDENTIAL DEVELOPMENT | CONVENTIONAL WISDOM LIMITED,Named development,13-Jun-19
2015-2016,25/01/2016,tender,LOT NO. 1066 IN DEMARCATION DISTRICT NO. 103,"AU TAU, YUEN LONG, NEW TERRITORIES",RESIDENTIAL R3,residential,,,yes,high,,,LOT NO. 1066 IN DEMARCATION DISTRICT NO. 103,10,---------,(1) Avion Investment Limited (Henderson Land Development Company Limited);<br/>(2) Dragon Mount Development Limited (Grand Ming Group Holdings Limited);<br/>(3) East Region Limited (Sino Land Company Limited);<br/>(4) Hanforth Limited;<br/>(5) Henrik Investment Limited (Far East Consortium Limited);<br/>(6) K Wise Limited (K&K Property Holdings Limited);<br/>(7) Mainco Limited (Sun Hung Kai Properties Limited);<br/>(8) Rich View Investments Limited (Cheung Kong Property Holdings Limited);<br/>(9) Smart Base Holdings Limited (Parliburg Holdings Limited and Regal Hotels International Holdings Limited); and <br/>(10) Turnwell Limited (K. Wah International Holdings Limited). | N.A. | TENDER CANCELLED ON 25 JANUARY 2016,22.44574356,114.0511962,govt-led,FY rule: Application List abolished Feb 2013; all sales government-initiated,,,,,,,,,,,,,,,,,,https://www.legco.gov.hk/research-publications/english/essentials-2022ise09-regulation-on-minimum-home-size-in-london.htm,inferred-N,Crescent Green,APPROVAL OF DEED OF MUTUAL COVENANT AND MANAGEMENT AGREEMENT | CONSENT TO SELL FOR RESIDENTIAL DEVELOPMENT | POWER TRUTH DEVELOPMENT LIMITED,Named development,30-Aug-19
2015-2016,3/2/2016,tender,NEW KOWLOON INLAND LOT NO. 6534,"JUNCTION OF FUK WING STREET, CAMP STREET AND FUK WA STREET, SHAM SHUI PO, KOWLOON",RESIDENTIAL R1,residential,3173,1306.2202,,high,THE CAMPTON,201 FUK WING STREET,NEW KOWLOON INLAND LOT NO. 6534,18,Allied Glory Development Limited (Vanke Property (Hong Kong) Company Limited),(1) Asia Channel Investment Limited (China Overseas Land & Investment Limited);<br/>(2) Bright Sheen Development Limited (Henderson Land Development Company Limited);<br/>(3) Dragon Mount Development Limited (Grand Ming Group Holdings Limited);<br/>(4) Gainwick Limited (Strongbod Limited);<br/>(5) Golden Centurion Limited (Wheelock Properties Limited);<br/>(6) Hanforth Limited;<br/>(7) Henrik Investment Limited (Far East Consortium International Limited);<br/>(8) K Wise Limited (K&K Property Holdings Limited) ;<br/>(9) Mazy Asia Limited (K. Wah International Holdings Limited);<br/>(10) Moral Giant Limited (New World Development Company Limited);<br/>(11) New Fusion Trading Limited (Gingerlily Investments Limited);<br/>(12) Sky Dynamic Development Limited (Sino Land Company Limited);<br/>(13) Smart Base Holdings Limited (Paliburg Holdings Limited and Regal Hotels International Holdings Limited);<br/>(14) Sure Gain Corporation Limited (Emperor International Holdings Limited);<br/>(15) Treasure King Investment Limited (Cheung Kong Property Holdings Limited);<br/>(16) United Horizon Limited (Kam Wah Holdings Limited/Wang On Group Limited); and <br/>(17) Well Capital (H.K.) Limited (Sun Hung Kai Properties Limited). | N.A. | N.A.,22.33367868,114.1601188,govt-led,FY rule: Application List abolished Feb 2013; all sales government-initiated,Vanke Property (Hong Kong) Company Limited,28557,sq m,4250,HK$/sq ft,yes,https://www.info.gov.hk/gia/general/201602/03/P201602030740.htm,Project The Campton,Vanke,mainland,https://www.info.gov.hk/gia/general/201602/03/P201602030740.htm | raw/2015-2016/NEWKOWLOONINLANDLOTNO6534__result.pdf,https://www.info.gov.hk/gia/general/201602/03/P201602030740.htm | raw/2015-2016/NEWKOWLOONINLANDLOTNO6534__result.pdf,https://www.vankehk.com/en/property/hong-kong-properties/the-campton | raw/2015-2016/NEWKOWLOONINLANDLOTNO6534__devname.pdf,,,,,https://www.legco.gov.hk/research-publications/english/essentials-2022ise09-regulation-on-minimum-home-size-in-london.htm,inferred-N,Pending (Phase 1B) | The Campton | The Campton (Phase 1B),ALLIED GLORY DEVELOPMENT LIMITED | APPROVAL OF DEED OF MUTUAL COVENANT AND MANAGEMENT AGREEMENT | CONSENT TO SELL FOR RESIDENTIAL DEVELOPMENT,Named development,23-Apr-20
2015-2016,12/2/2016,tender,TAI PO TOWN LOT NO. 221,"SHAN TONG ROAD, LAI CHI SHAN, TAI PO, NEW TERRITORIES",RESIDENTIAL R2,residential,37696,2130,,high,THE REGENT,"NO. 8 SHAN TONG ROAD, LAI CHI SHAN, TAI PO, NEW TERRITORIES",TAI PO TOWN LOT NO. 221,6,Asia Metro Investment Limited (China Overseas Land & Investment Limited),(1) Asia Bright Development Limited (Sino Land Company Limited and Vanke Property (Hong Kong) Company Limited);<br/>(2) Big Chance Corporation Limited (Emperor International Holdings Limited and Grand Ming Group Holdings Limited);<br/>(3) Conford Investments Limited (Cheung Kong Property Holdings Limited);<br/>(4) Ease Success Limited (Great Eagle Holdings Limited); and <br/>(5) Juliyam Limited (Henderson Land Development Company Limited). | N.A. | N.A.,22.43841467,114.1674417,govt-led,FY rule: Application List abolished Feb 2013; all sales government-initiated,China Overseas Land & Investment Limited,107100,sq m,1848,HK$/sq ft,yes,https://www.info.gov.hk/gia/general/201602/12/P201602120528.htm,,China Overseas Land,mainland,https://www.info.gov.hk/gia/general/201602/12/P201602120528.htm | raw/2015-2016/TAIPOTOWNLOTNO221__result.pdf,https://www.info.gov.hk/gia/general/201602/12/P201602120528.htm | raw/2015-2016/TAIPOTOWNLOTNO221__result.pdf,https://hk.centanet.com/estate/en/The-Regent/2-DEPPWPPJPB | raw/2015-2016/TAIPOTOWNLOTNO221__devname.pdf,,,,,https://www.legco.gov.hk/research-publications/english/essentials-2022ise09-regulation-on-minimum-home-size-in-london.htm,inferred-N,The Regent,APPROVAL OF DEED OF MUTUAL COVENANT AND MANAGEMENT AGREEMENT | ASIA METRO INVESTMENT LIMITED | CONSENT TO SELL FOR RESIDENTIAL DEVELOPMENT,Named development,13-Dec-18
2015-2016,2/3/2016,tender,KOWLOON INLAND LOT NO. 11257,"SHEUNG SHING STREET, HO MAN TIN, KOWLOON",RESIDENTIAL R1,residential,9074,6381.217908,,high,GRAND HOMM,17 SHEUNG SHING STREET,KOWLOON INLAND LOT NO. 11257,13,Gold Topmont Limited (Goldin Financial Holdings Limited),"(1) Bright Vision International Limited (CITIC Pacific Limited);<br/>(2) Century Opal Limited (Sun Hung Kai Properties Limited);<br/>(3) City Champion Investments Limited (Cheung Kong Property Holdings Limited);<br/>(4) Dream Garden Investments Limited (New World Development Company Limited, K. Wah International Holdings Limited and Nan Fung Development Holdings Limited);<br/>(5) Ease Success Limited (Great Eagle Holdings Limited);<br/>(6) East Region Limited (Sino Land Company Limited, Vanke Property (Hong Kong) Company Limited and Wing Tai Properties Limited);<br/>(7) Golden Centurion Limited (Wheelock Properties Limited);<br/>(8) HLP Asia Limited (Hang Lung Properties Limited);<br/>(9) K Wise Limited (K&K Property Holdings Limited);<br/>(10) New Fusion Trading Limited (Gingerlily Investments Limited);<br/>(11) Upper Bonus Limited (Country Garden Holdings Company Limited, Emperor International Holdings Limited, Shimao Property Holdings Limited and Grand Ming Group Holdings Limited); and <br/>(12) Well Future Development Limited (Henderson Land Development Company Limited). | N.A. | N.A.",22.31842002,114.1799999,govt-led,FY rule: Application List abolished Feb 2013; all sales government-initiated,Goldin Financial Holdings Limited,54444,sq m,10889,HK$/sq ft,yes,https://www.info.gov.hk/gia/general/201603/02/P201603020719.htm,Project Grand Homm,Goldin Financial Holdings Limited,other,https://www.info.gov.hk/gia/general/201603/02/P201603020719.htm | raw/2015-2016/KOWLOONINLANDLOTNO11257__result.pdf,https://www.info.gov.hk/gia/general/201603/02/P201603020719.htm | raw/2015-2016/KOWLOONINLANDLOTNO11257__result.pdf,https://hk.centanet.com/estate/en/Grand%20Homm/2-EAPPWPPYPD | raw/2015-2016/KOWLOONINLANDLOTNO11257__devname.pdf,,,,,https://www.legco.gov.hk/research-publications/english/essentials-2022ise09-regulation-on-minimum-home-size-in-london.htm,inferred-N,Grand Homm,APPROVAL OF DEED OF MUTUAL COVENANT AND MANAGEMENT AGREEMENT | CONSENT TO SELL FOR RESIDENTIAL DEVELOPMENT | GOLD TOPMONT LIMITED,Named development,29-Mar-19
2015-2016,15/03/2016,tender,RURAL BUILDING LOT NO. 1201,"WONG MA KOK ROAD, STANLEY, HONG KONG",RESIDENTIAL R3,residential,25300,2811,,high,ONE STANLEY,128 WONG MA KOK ROAD,RURAL BUILDING LOT NO. 1201,12,K Wise Limited (K&K Property Holdings Limited),(1) Asset Capital Limited (Sun Hung Kai Properties Limited);<br/>(2) Bright Vision International Limited (CITIC Pacific Limited);<br/>(3) Clear Gain Investments Limited (Regal Hotels International Holdings Limited);<br/>(4) Dragon Mount Development Limited (Grand Ming Group Holdings Limited);<br/>(5) Golden Centurion Limited (Wheelock Properties Limited);<br/>(6) Mazy Asia Limited (K. Wah International Holdings Limited);<br/>(7) New Fusion Trading Limited (Gingerlily Investments Limited);<br/>(8) Rich View Investments Limited (Cheung Kong Property Holdings Limited);<br/>(9) Sky Dynamic Development Limited (Sino Land Company Limited);<br/>(10) Wealth Start Development Limited (Tai Cheung Holdings Limited); and <br/>(11) World Base Development Limited (Henderson Land Development Company Limited and Pillar Sharp Limited). | N.A. | N.A.,22.20546782,114.2135135,govt-led,FY rule: Application List abolished Feb 2013; all sales government-initiated,K&K Property Holdings Limited,21000,sq m,12436,HK$/sq ft,yes,https://www.info.gov.hk/gia/general/201603/15/P201603150632.htm,Project One Stanley,K&K Property,local_minor,https://www.info.gov.hk/gia/general/201603/15/P201603150632.htm | raw/2015-2016/RURALBUILDINGLOTNO1201__result.pdf,https://www.info.gov.hk/gia/general/201603/15/P201603150632.htm | raw/2015-2016/RURALBUILDINGLOTNO1201__result.pdf,https://onestanley.com.hk/ | raw/2015-2016/RURALBUILDINGLOTNO1201__devname.pdf,,,,,https://www.legco.gov.hk/research-publications/english/essentials-2022ise09-regulation-on-minimum-home-size-in-london.htm,inferred-N,ONE STANLEY,APPROVAL OF DEED OF MUTUAL COVENANT AND MANAGEMENT AGREEMENT,Named development,Fountain Treasure Limited
2015-2016,23/03/2016,tender,SHA TIN TOWN LOT NO. 610,"TAI PO ROAD â€“ SHA TIN HEIGHTS, SHA TIN, NEW TERRITORIES P. 2",RESIDENTIAL R3,residential,3300,245.09995,,high,MOUNT ARCADIA,8388 TAI PO ROAD SHA TIN HEIGHTS,SHA TIN TOWN LOT NO. 610,7,Teampearl Company Limited (Far East Consortium International Limited),(1) Asia Bright Development Limited (Sino Land Company Limited);<br/>(2) Hanforth Limited;<br/>(3) Kelpoint Limited (Asia Standard International Group Limited);<br/>(4) Mainco Limited (Sun Hung Kai Properties Limited);<br/>(5) Staunton Global Limited (Allied Way Holdings Limited); and <br/>(6) Well Plant Limited (K. Wah International Holdings Limited). | N.A. | N.A.,22.36155772,114.1621371,govt-led,FY rule: Application List abolished Feb 2013; all sales government-initiated,Far East Consortium International Limited,8250,sq m,2760,HK$/sq ft,yes,https://www.info.gov.hk/gia/general/201603/23/P201603230707.htm,Project Mount Arcadia,Far East Consortium,local_major,https://www.info.gov.hk/gia/general/201603/23/P201603230707.htm | raw/2015-2016/SHATINTOWNLOTNO610__result.pdf,https://www.info.gov.hk/gia/general/201603/23/P201603230707.htm | raw/2015-2016/SHATINTOWNLOTNO610__result.pdf,https://www.mountarcadia.com.hk/en/ | raw/2015-2016/SHATINTOWNLOTNO610__devname.pdf,,,,,https://www.legco.gov.hk/research-publications/english/essentials-2022ise09-regulation-on-minimum-home-size-in-london.htm,inferred-N,Mount Arcadia,APPROVAL OF DEED OF MUTUAL COVENANT AND MANAGEMENT AGREEMENT | CONSENT TO SELL FOR RESIDENTIAL DEVELOPMENT | TEAMPEARL COMPANY LIMITED,Named development,19-Mar-21
2016-2017,5/5/2016,tender,KWAI CHUNG TOWN LOT NO. 522,"JUNCTION OF KWAI CHUNG ROAD AND KWAI ON ROAD, KWAI CHUNG, NEW TERRITORIES",BUSINESS,commercial,567,350.1,,high,,,KWAI CHUNG TOWN LOT NO. 522,14,Opal Lucky Limited (Sun Hung Kai Properties Limited),(1) Asia Bright Development Limited (Sino Land Company Limited);<br/>(2) Billion King Capital Investment Limited;<br/>(3) Charm Step Development Limited (Fast Forward Global Limited);<br/>(4) Dragon Mount Development Limited (Grand Ming Group Holdings Limited);<br/>(5) Gainwick Limited (HKR International Limited);<br/>(6) Hansford International Investment Limited (Easyknit International Holdings Limited);<br/>(7) Master Green Limited (Soundwill Holdings Limited);<br/>(8) New Fusion Trading Limited (Gingerlily Investments Limited);<br/>(9) Sino Lead International Limited;<br/>(10) Smart Base Holdings Limited (Paliburg Holdings Limited and Regal Hotels International Holdings Limited);<br/>(11) Sunray Properties Limited (All Smart Global Limited);<br/>(12) Trend Crown Investment Limited (Panther Holding (Global) Company Limited); and <br/>(13) Zone Vast Limited (Winfull Group Holdings Limited). | N.A. | N.A.,22.36112994,114.1318997,govt-led,FY rule: Application List abolished Feb 2013; all sales government-initiated,Sun Hung Kai Properties Limited,5386,sq m,6039,HK$/sq ft,yes,https://www.info.gov.hk/gia/general/201605/05/P201605050690.htm,,Sun Hung Kai Properties,local_major,https://www.info.gov.hk/gia/general/201605/05/P201605050690.htm | raw/2016-2017/KWAICHUNGTOWNLOTNO522__result.pdf,https://www.info.gov.hk/gia/general/201605/05/P201605050690.htm | raw/2016-2017/KWAICHUNGTOWNLOTNO522__result.pdf,,,,,,,,,,No consent,
2016-2017,17/05/2016,tender,PO TOWN LOT NO. 227,"CHONG SAN ROAD, PAK SHEK KOK, TAI PO, NEW TERRITORIES",RESIDENTIAL R2,residential,28685,4023.88,,high,CENTRA HORIZON,18 CHONG SAN ROAD,,,King Future Limited,,,,govt-led,FY rule: Application List abolished Feb 2013; all sales government-initiated,Billion Real Estate Holdings Limited,103266,sq m,3620,HK$/sq ft,yes,https://www.devb.gov.hk/en/publications_and_press_releases/press/index_id_9054.html,CSV lot truncated; actual lot is Tai Po Town Lot No. 227,Billion Development,local_minor,https://www.devb.gov.hk/en/publications_and_press_releases/press/index_id_9054.html | raw/2016-2017/POTOWNLOTNO227__result.pdf,https://www.devb.gov.hk/en/publications_and_press_releases/press/index_id_9054.html | raw/2016-2017/POTOWNLOTNO227__result.pdf,https://www.billion.hk/en/projects/centrahorizon | raw/2016-2017/POTOWNLOTNO227__devname.pdf,,,,,https://www.legco.gov.hk/research-publications/english/essentials-2022ise09-regulation-on-minimum-home-size-in-london.htm,inferred-N,,,No consent,
2016-2017,31/05/2016,tender,TSING YI TOWN LOT NO. 190,"SAI SHAN ROAD, TSING YI, NEW TERRITORIES",RESIDENTIAL R1,residential,6200,938.88,,high,THE GRAND MARINE,18 SAI SHAN ROAD,TSING YI TOWN LOT NO. 190,7,Dragon Mount Development Limited (Grand Ming Group Holdings Limited),(1) Asia Bright Development Limited (Sino Land Company Limited);<br/>(2) Avion Investment Limited (Henderson Land Development Company Limited);<br/>(3) Century Opal Limited (Sun Hung Kai Properties Limited);<br/>(4) Rich View Investments Limited (Cheung Kong Property Holdings Limited);<br/>(5) Sanon Limited (Far East Consortium International Limited); and <br/>(6) Speed Fast Holdings Limited (CSI Properties Limited and Asia Standard International Group Limited). | N.A. | N.A.,22.34410034,114.1058351,govt-led,FY rule: Application List abolished Feb 2013; all sales government-initiated,Grand Ming Group Holdings Limited,18600,sq m,4690,HK$/sq ft,yes,https://www.info.gov.hk/gia/general/201605/31/P201605310645.htm,"Max GFA 18,600 sqm for non-industrial use; residential GFA per Conditions of Sale",Grand Ming Group Holdings Limited,other,https://www.info.gov.hk/gia/general/201605/31/P201605310645.htm | raw/2016-2017/TSINGYITOWNLOTNO190__result.pdf,https://www.info.gov.hk/gia/general/201605/31/P201605310645.htm | raw/2016-2017/TSINGYITOWNLOTNO190__result.pdf,https://www.thegrandmarine.com.hk/ | raw/2016-2017/TSINGYITOWNLOTNO190__devname.pdf,,,,,https://www.legco.gov.hk/research-publications/english/essentials-2022ise09-regulation-on-minimum-home-size-in-london.htm,inferred-N,The Grand Marine,APPROVAL OF DEED OF MUTUAL COVENANT AND MANAGEMENT AGREEMENT | CONSENT TO SELL FOR RESIDENTIAL DEVELOPMENT | DRAGON MOUNT DEVELOPMENT LIMITED,Named development,11-Oct-19
2016-2017,28/06/2016,tender,TUEN MUN TOWN LOT NO. 523,"CASTLE PEAK ROAD - TAI LAM, TUEN MUN, NEW TERRITORIES",RESIDENTIAL R2,residential,7578,981.68,,high,OMA BY THE SEA,166 CASTLE PEAK ROAD TAI LAM,TUEN MUN TOWN LOT NO. 523,10,Smart Tycoon Limited (Silver Era Limited),(1) Asia Bright Development Limited (Sino Land Company Limited);<br/>(2) Avion Investment Limited (Henderson Land Development Company Limited);<br/>(3) Dragon Star HK Investments Limited (K. Wah International Holdings Limited);<br/>(4) Ease Success Limited (Great Eagle Holdings Limited);<br/>(5) Fair Opal Limited (Sun Hung Kai Properties Limited);<br/>(6) Grand Build Development Limited (Grand Ming Group Holdings Limited);<br/>(7) Luck Huge Limited;<br/>(8) New Fusion Trading Limited (Gingerlily Investments Limited); and <br/>(9) United Horizon Limited (Wang On Properties Limited). | N.A. | N.A.,22.36742632,114.0014109,govt-led,FY rule: Application List abolished Feb 2013; all sales government-initiated,Silver Era Limited,27280,sq m,3343,HK$/sq ft,yes,https://www.info.gov.hk/gia/general/201606/28/P201606280609.htm,,Silver Era Limited,other,https://www.info.gov.hk/gia/general/201606/28/P201606280609.htm | raw/2016-2017/TUENMUNTOWNLOTNO523__result.pdf,https://www.info.gov.hk/gia/general/201606/28/P201606280609.htm | raw/2016-2017/TUENMUNTOWNLOTNO523__result.pdf,https://hk.centanet.com/info/en/new-property/TUEN-MUN/OMA-by-the-Sea/1755 | raw/2016-2017/TUENMUNTOWNLOTNO523__devname.pdf,,,,,https://www.legco.gov.hk/research-publications/english/essentials-2022ise09-regulation-on-minimum-home-size-in-london.htm,inferred-N,OMA by the Sea,APPROVAL OF DEED OF MUTUAL COVENANT AND MANAGEMENT AGREEMENT | CONSENT TO SELL FOR RESIDENTIAL DEVELOPMENT | SMART TYCOON LIMITED,Named development,16-Mar-20
2016-2017,13/07/2016,tender,KWAI CHUNG TOWN LOT NO. 517,"TAI LIN PAI ROAD, KWAI CHUNG, NEW TERRITORIES",COMMERCIAL,commercial,1207.8,759,,high,,,KWAI CHUNG TOWN LOT NO. 517,14,First Lands Development Company Limited,(1) Asia Bright Development Limited (Sino Land Company Limited);<br/>(2) Channel First Limited (Sun Hung Kai Properties Limited);<br/>(3) Charm City Investments Limited (Cheung Kong Property Holdings Limited);<br/>(4) Charm Step Development Limited (Fast Forward Global Limited);<br/>(5) China Land Resources Development Limited (Chuang's China Investments Limited);<br/>(6) Dragon Star H.K. Investments Limited (K. Wah Properties (Holdings) Limited);<br/>(7) Gainwick Limited (HKR International Limited);<br/>(8) Grand Build Development Limited (Grand Ming Group Holdings Limited);<br/>(9) Luck Huge Limited;<br/>(10) Master Green Limited (Soundwill Holdings Limited);<br/>(11) Solid Star Company Limited (Yau Lee Holdings Limited);<br/>(12) Trend Crown Investment Limited (Panther Holding (Global) Company Limited); and <br/>(13) United Horizon Limited (Wang On Properties Limited). | N.A. | N.A.,22.36156599,114.1333833,govt-led,FY rule: Application List abolished Feb 2013; all sales government-initiated,,11474,sq m,6146,HK$/sq ft,yes,https://www.info.gov.hk/gia/general/201607/13/P2016071301835p.htm,Parent not stated in press release,First Lands Development Company Limited,other,https://www.info.gov.hk/gia/general/201607/13/P2016071301835p.htm | raw/2016-2017/KWAICHUNGTOWNLOTNO517__result.pdf,https://www.info.gov.hk/gia/general/201607/13/P2016071301835p.htm | raw/2016-2017/KWAICHUNGTOWNLOTNO517__result.pdf,,,,,,,,83 Tai Lin Pai Road,CONSENT TO SELL FOR NON-RESIDENTIAL DEVELOPMENT | FIRST LANDS DEVELOPMENT COMPANY LIMITED,Named development,31-Dec-19
2016-2017,13/07/2016,tender,PO TOWN LOT NO. 228,"FO YIN ROAD, PAK SHEK KOK, TAI PO, NEW TERRITORIES",RESIDENTIAL R2,residential,10646,1622,,high,MAYFAIR BY THE SEA 8,1 FO YIN ROAD,,,Best Wisdom Development Limited,,,,govt-led,FY rule: Application List abolished Feb 2013; all sales government-initiated,Sino Land Company Limited,38325,sq m,3932,HK$/sq ft,yes,https://www.info.gov.hk/gia/general/201607/13/P2016071301835p.htm,CSV lot truncated; actual lot is Tai Po Town Lot No. 228,Sino Land,local_major,https://www.info.gov.hk/gia/general/201607/13/P2016071301835p.htm | raw/2016-2017/POTOWNLOTNO228__result.pdf,https://www.info.gov.hk/gia/general/201607/13/P2016071301835p.htm | raw/2016-2017/POTOWNLOTNO228__result.pdf,https://www.mayfairbythesea.hk/eight/en-us/,,,,,https://www.legco.gov.hk/research-publications/english/essentials-2022ise09-regulation-on-minimum-home-size-in-london.htm,inferred-N,,,No consent,
2016-2017,26/07/2016,tender,PO TOWN LOT NO. 230,"TAI PO ROAD - TAI PO KAU, TAI PO KAU, TAI PO, NEW TERRITORIES",RESIDENTIAL R3,residential,27735,1182,,high,,,,,Obtain Holdings Limited,,,,govt-led,FY rule: Application List abolished Feb 2013; all sales government-initiated,Manhattan Realty Limited,24128,sq m,4551,HK$/sq ft,yes,https://www.info.gov.hk/gia/general/201607/26/P2016072600806.htm,CSV lot truncated; actual lot is Tai Po Town Lot No. 230,Manhattan Group,local_minor,https://www.info.gov.hk/gia/general/201607/26/P2016072600806.htm | raw/2016-2017/POTOWNLOTNO230__result.pdf,https://www.info.gov.hk/gia/general/201607/26/P2016072600806.htm | raw/2016-2017/POTOWNLOTNO230__result.pdf,,,,,,https://www.legco.gov.hk/research-publications/english/essentials-2022ise09-regulation-on-minimum-home-size-in-london.htm,inferred-N,,,No consent,
2016-2017,27/07/2016,tender,LOT NO. 981 IN DEMARCATION DISTRICT NO. 226,"TSENG LAN SHUE, SAI KUNG, NEW TERRITORIES",PETROL FILLING STATION,petrol_or_ev,931,118,,high,,,LOT NO. 981 IN DEMARCATION DISTRICT NO. 226,4,Sinopec (Hong Kong) Limited (Sinopec Marketing Company Limited),(1) Chevron Hong Kong Limited;<br/>(2) PetroChina International (Hong Kong) Corporation Limited; and <br/>(3) Shell Hong Kong Limited. | N.A. | N.A.,22.33402448,114.2329844,govt-led,FY rule: Application List abolished Feb 2013; all sales government-initiated,,,,,,,https://www.landsd.gov.hk/doc/en/landsale/records/2016-2017.pdf,Petrol filling station; award press release not located. Site operated by Sinopec (Tseng Lan Shue). PFS sites have no GFA.,,,,https://www.landsd.gov.hk/doc/en/landsale/records/2016-2017.pdf | raw/2016-2017/LOTNO981INDEMARCATIONDISTRICTNO226__consent.pdf,,,,,,,,,,No consent,
2016-2017,27/07/2016,tender,LOT NO. 2172 IN DEMARCATION DISTRICT NO. 121,"TONG YAN SAN TSUEN, YUEN LONG, NEW TERRITORIES",PETROL FILLING STATION,petrol_or_ev,1709,196.625,,high,,,LOT NO. 2172 IN DEMARCATION DISTRICT NO. 121,3,ExxonMobil Hong Kong Limited,(1) PetroChina International (Hong Kong) Corporation Limited; and <br/>(2) Sinopec (Hong Kong) Limited (Sinopec Marketing Company Limited). | N.A. | N.A.,22.44119897,114.0108972,govt-led,FY rule: Application List abolished Feb 2013; all sales government-initiated,,,,,,,https://www.landsd.gov.hk/doc/en/landsale/records/2016-2017.pdf,Petrol filling station; award press release not located. Site operated by Shell (Tong Yan San Tsuen). PFS sites have no GFA.,,,,https://www.landsd.gov.hk/doc/en/landsale/records/2016-2017.pdf | raw/2016-2017/LOTNO2172INDEMARCATIONDISTRICTNO121__consent.pdf,,,,,,,,,,No consent,
2016-2017,3/8/2016,tender,YAU TONG INLAND LOT NO. 44,"JUNCTION OF SHUNG SHUN STREET AND YAN YUE WAI, YAU TONG, KOWLOON",RESIDENTIAL R2,residential,10530,4005.6123,,high,MONTEGO BAY,18 SHUNG SHUN STREET; 8 YAN YUE WAI,YAU TONG INLAND LOT NO. 44,13,Massive Leader Limited (Minmetals Land Limited),"(1) Asia Bright Development Limited (Sino Land Company Limited, K. Wah International Holdings Limited and Lai Sun Development Company Limited);<br/>(2) City Champion Investments Limited (Cheung Kong Property Holdings Limited);<br/>(3) Clear Gain Investments Limited (Regal Hotels International Holdings Limited);<br/>(4) Dream Garden Investments Limited (New World Development Company Limited, Vanke Property (Overseas) Limited and CSI Property Investments Limited);<br/>(5) Fancy Excellent Limited;<br/>(6) Hillview Golf Travel Company Limited (Total Thrive Holdings Limited);<br/>(7) Kit Fung Company Limited (Chime Corporation Limited);<br/>(8) Modern Expert Limited (Wheelock Properties Limited);<br/>(9) Sanon Limited (Far East Consortium International Limited);<br/>(10) Super Great Limited (Sun Hung Kai Properties Limited);<br/>(11) Win Standard Enterprises Limited (Hong Kong Ferry (Holdings) Company Limited); and <br/>(12) Winner Up Investment Limited (Emperor International Holdings Limited and Grand Ming Group Holdings Limited). | N.A. | N.A.",22.29175558,114.2361758,govt-led,FY rule: Application List abolished Feb 2013; all sales government-initiated,Minmetals Land Limited,52650,sq m,7068,HK$/sq ft,yes,https://www.info.gov.hk/gia/general/201608/03/P2016080300754.htm,Max GFA includes public vehicle park,Minmetals Land Limited,other,https://www.info.gov.hk/gia/general/201608/03/P2016080300754.htm | raw/2016-2017/YAUTONGINLANDLOTNO44__result.pdf,https://www.info.gov.hk/gia/general/201608/03/P2016080300754.htm | raw/2016-2017/YAUTONGINLANDLOTNO44__result.pdf,https://www.28hse.com/en/estate/detail/montego-bay-23498 | raw/2016-2017/YAUTONGINLANDLOTNO44__devname.pdf,,,,,https://www.legco.gov.hk/research-publications/english/essentials-2022ise09-regulation-on-minimum-home-size-in-london.htm,inferred-N,Montego Bay,APPROVAL OF DEED OF MUTUAL COVENANT AND MANAGEMENT AGREEMENT | CONSENT TO SELL FOR RESIDENTIAL DEVELOPMENT | MASSIVE LEADER LIMITED,Named development,4-Nov-20
2016-2017,8/8/2016,tender,SHA TIN TOWN LOT NO. 609,"TO SHEK, SHA TIN, NEW TERRITORIES",RESIDENTIAL R2,residential,13500,2364.37,,high,ST MICHEL DEVELOPMENT,33 TO SHEK STREET,SHA TIN TOWN LOT NO. 609,11,Mainco Limited (Sun Hung Kai Properties Limited),"(1) Centenary Investments Limited (Cheung Kong Property Holdings Limited);<br/>(2) Clear Gain Investments Limited (Regal Hotels International Holdings Limited);<br/>(3) Global Elegant Limited (Sino Land Company Limited, K. Wah International Holdings Limited and New World Development Company Limited);<br/>(4) Golden Centurion Limited (Wheelock Properties Limited);<br/>(5) Luck Huge Limited;<br/>(6) Rosy Advance Limited (Rosy Isle Limited);<br/>(7) Sanon Limited (Far East Consortium International Limited);<br/>(8) Town House Development Limited (Kowloon Development Company Limited);<br/>(9) United Horizon Limited (Kam Wah Long Gain Limited and Wang On Properties Limited); and <br/>(10) Winner Up Investment Limited (Emperor International Holdings Limited and Grand Ming Group Holdings Limited). | N.A. | N.A.",22.37570131,114.2008649,govt-led,FY rule: Application List abolished Feb 2013; all sales government-initiated,Sun Hung Kai Properties Limited,40320,sq m,5448,HK$/sq ft,yes,https://www.info.gov.hk/gia/general/201608/08/P2016080800735.htm,,Sun Hung Kai Properties,local_major,https://www.info.gov.hk/gia/general/201608/08/P2016080800735.htm | raw/2016-2017/SHATINTOWNLOTNO609__result.pdf,https://www.info.gov.hk/gia/general/201608/08/P2016080800735.htm | raw/2016-2017/SHATINTOWNLOTNO609__result.pdf,https://www.shkp.com/en-US/our-business/hong-kong-properties/residential-for-sale/st-michel | raw/2016-2017/SHATINTOWNLOTNO609__devname.pdf,,,,,https://www.legco.gov.hk/research-publications/english/essentials-2022ise09-regulation-on-minimum-home-size-in-london.htm,inferred-N,Pending (Phase 1) | St Michel Development | St Michel Development (Phase 1) | St Michel Development (Phase 2 - St Michel) | St Michel Development (Phase 2 â€“ St Michel),APPROVAL OF DEED OF MUTUAL COVENANT AND MANAGEMENT AGREEMENT | APPROVAL OF SUB-DEED OF MUTUAL COVENANT AND MANAGEMENT AGREEMENT | CONSENT TO ASSIGN FOR RESIDENTIAL DEVELOPMENT | CONSENT TO SELL FOR RESIDENTIAL DEVELOPMENT | MAINCO LIMITED,Named development,24 August 2020 | 24 January 2022
2016-2017,8/8/2016,tender,TUEN MUN TOWN LOT NO. 547,"CASTLE PEAK ROAD - CASTLE PEAK BAY, AREA 48, TUEN MUN, NEW TERRITORIES",RESIDENTIAL R2,residential,15400,2708.8,,high,THE ROYALE,8 CASTLE PEAK ROAD CASTLE PEAK BAY,TUEN MUN TOWN LOT NO. 547,9,Win Standard Enterprises Limited (Hong Kong Ferry (Holdings) Company Limited),(1) Capital Charm Holdings Limited (Regal Hotels International Holdings Limited);<br/>(2) Fair Opal Limited (Sun Hung Kai Properties Limited);<br/>(3) Grand Apex Limited (Sino Land Company Limited);<br/>(4) Modern Expert Limited (Wheelock Properties Limited);<br/>(5) Starex Development Limited (Kowloon Development Company Limited);<br/>(6) Sure Gain Corporation Limited (Emperor International Holdings Limited);<br/>(7) Treasure King Investment Limited (Cheung Kong Property Holdings Limited); and <br/>(8) Turnwell Limited (K. Wah International Holdings Limited). | N.A. | N.A.,22.37426435,113.9913215,govt-led,FY rule: Application List abolished Feb 2013; all sales government-initiated,Hong Kong Ferry (Holdings) Company Limited,61600,sq m,4085,HK$/sq ft,yes,https://www.info.gov.hk/gia/general/201608/08/P2016080800735.htm,,Hong Kong Ferry (Holdings) Company Limited,other,https://www.info.gov.hk/gia/general/201608/08/P2016080800735.htm | raw/2016-2017/TUENMUNTOWNLOTNO547__result.pdf,https://www.info.gov.hk/gia/general/201608/08/P2016080800735.htm | raw/2016-2017/TUENMUNTOWNLOTNO547__result.pdf,https://wtpartnership.asia/our-team-experience/residential-development-the-royale-at-tmtl-no-547-castle-peak-road-castle-peak-bay-area-48-tuen-mun/ | raw/2016-2017/TUENMUNTOWNLOTNO547__devname.pdf,,,,,https://www.legco.gov.hk/research-publications/english/essentials-2022ise09-regulation-on-minimum-home-size-in-london.htm,inferred-N,The Royale | The Royale (Phase 1 - Seacoast Royale) | The Royale (Phase 1 â€“ Seacoast Royale) | The Royale (Phase 2 - Starfront Royale) | The Royale (Phase 2 â€“ Starfront Royale) | The Royale (Phase 3 - Skypoint Royale) | The Royale (Phase 3 â€“ Skypoint Royale),APPROVAL OF DEED OF MUTUAL COVENANT AND MANAGEMENT AGREEMENT | CONSENT TO SELL FOR RESIDENTIAL DEVELOPMENT | WIN STANDARD ENTERPRISES LIMITED,Named development,2 July 2020 | 24 December 2020 | 6 October 2020
2016-2017,17/08/2016,tender,KWAI CHUNG TOWN LOT NO. 478,"JUNCTION OF WING KEI ROAD AND WING KIN ROAD, KWAI CHUNG, NEW TERRITORIES",INDUSTRIAL,industrial,3707,833.88,,high,,,KWAI CHUNG TOWN LOT NO. 478,6,Keen Realty Development Limited (Billion Real Estate Holdings Limited),(1) Charm Step Development Limited (Fast Forward Global Limited);<br/>(2) Global Elegant Limited (Sino Land Company Limited);<br/>(3) Hong Kong Housing Projects Corporation Limited;<br/>(4) Tin Wah International Limited (K. Wah Properties (Holdings) Limited); and <br/>(5) Winner Up Investment Limited (Emperor International Holdings Limited). | N.A. | N.A.,22.35952161,114.1190818,govt-led,FY rule: Application List abolished Feb 2013; all sales government-initiated,Billion Real Estate Holdings Limited,35216,sq m,2200,HK$/sq ft,yes,https://www.info.gov.hk/gia/general/201608/17/P2016081700730.htm,,Billion Development,local_minor,https://www.info.gov.hk/gia/general/201608/17/P2016081700730.htm | raw/2016-2017/KWAICHUNGTOWNLOTNO478__result.pdf,https://www.info.gov.hk/gia/general/201608/17/P2016081700730.htm | raw/2016-2017/KWAICHUNGTOWNLOTNO478__result.pdf,,,,,,,,22 Wing Kin Road,CONSENT TO SELL FOR NON-RESIDENTIAL DEVELOPMENT | KEEN REALTY DEVELOPMENT LIMITED,Named development,31-Jan-20
2016-2017,24/08/2016,tender,TUEN MUN TOWN LOT NO. 516,"TSING HA LANE, AREA 20, TUEN MUN, NEW TERRITORIES P. 1",RESIDENTIAL R2,residential,5317,1401.038,,high,THE WAVE,8 TSING HA LANE,TUEN MUN TOWN LOT NO. 516,11,New Fusion Trading Limited (Gingerlily Investments Limited),(1) Asset Capital Limited (Sun Hung Kai Properties Limited);<br/>(2) Clear Gain Investments Limited (Regal Hotels International Holdings Limited);<br/>(3) Conford Investments Limited (Cheung Kong Property Holdings Limited);<br/>(4) Dragon Star H.K. Investments Limited (K. Wah International Holdings Limited);<br/>(5) Golden Centurion Limited (Wheelock Properties Limited);<br/>(6) Grand Apex Limited (Sino Land Company Limited);<br/>(7) Luck Huge Limited;<br/>(8) Sanon Limited (Far East Consortium International Limited);<br/>(9) Sure Gain Corporation Limited (Emperor International Holdings Limited); and <br/>(10) United Horizon Limited (Wang On Properties Limited). | N.A. | N.A.,22.37943306,113.9814403,govt-led,FY rule: Application List abolished Feb 2013; all sales government-initiated,Gingerlily Investments Limited,19141,sq m,6800,HK$/sq ft,yes,https://www.info.gov.hk/gia/general/201608/24/P2016082400628.htm,,Gingerlily Investments Limited,other,https://www.info.gov.hk/gia/general/201608/24/P2016082400628.htm | raw/2016-2017/TUENMUNTOWNLOTNO516__result.pdf,https://www.info.gov.hk/gia/general/201608/24/P2016082400628.htm | raw/2016-2017/TUENMUNTOWNLOTNO516__result.pdf,https://hk.centanet.com/info/en/new-property/Tuen-Mun/THE-WAVE/2068 | raw/2016-2017/TUENMUNTOWNLOTNO516__devname.pdf,,,,,https://www.legco.gov.hk/research-publications/english/essentials-2022ise09-regulation-on-minimum-home-size-in-london.htm,inferred-N,THE WAVE,APPROVAL OF DEED OF MUTUAL COVENANT AND MANAGEMENT AGREEMENT,Named development,Gingerlily Investments Limited
2016-2017,30/08/2016,tender,LOT NO. 1066 IN DEMARCATION DISTRICT NO. 103,"AU TAU, YUEN LONG, NEW TERRITORIES",RESIDENTIAL R3,residential,28457,988.888888,,high,CRESCENT GREEN,3 KO PO PATH,LOT NO. 1066 IN DEMARCATION DISTRICT NO. 103,14,Power Truth Development Limited (Allied Hope Ventures Limited),(1) Asia Bright Development Limited (Sino Land Company Limited);<br/>(2) Avion Investment Limited (Henderson Land Development Company Limited);<br/>(3) Charm City Investments Limited (Cheung Kong Property Holdings Limited);<br/>(4) Clear Gain Investments Limited (Regal Hotels International Holdings Limited);<br/>(5) Grand Build Development Limited (Grand Ming Group Holdings Limited);<br/>(6) Luck Huge Limited;<br/>(7) Mazy Asia Limited (K. Wah International Holdings Limited);<br/>(8) One Gold Investment Limited (K&K Property Holdings Limited);<br/>(9) Sanon Limited (Far East Consortium International Limited);<br/>(10) Super Great Limited (Sun Hung Kai Properties Limited);<br/>(11) Sure Gain Corporation Limited (Emperor International Holdings Limited);<br/>(12) Town House Development Limited (Kowloon Development Company Limited); and <br/>(13) United Horizon Limited (Wang On Properties Limited). | N.A. | N.A.,22.44592145,114.0511032,govt-led,FY rule: Application List abolished Feb 2013; all sales government-initiated,Allied Hope Ventures Limited,34148,sq m,2690,HK$/sq ft,yes,https://www.devb.gov.hk/en/publications_and_press_releases/press/index_id_9208.html,,Allied Hope Ventures Limited,other,https://www.devb.gov.hk/en/publications_and_press_releases/press/index_id_9208.html | raw/2016-2017/LOTNO1066INDEMARCATIONDISTRICTNO103__result.pdf,https://www.devb.gov.hk/en/publications_and_press_releases/press/index_id_9208.html | raw/2016-2017/LOTNO1066INDEMARCATIONDISTRICTNO103__result.pdf,https://hk.centanet.com/estate/en/Crescent-Green/2-BEPPWPPHPG | raw/2016-2017/LOTNO1066INDEMARCATIONDISTRICTNO103__devname.pdf,,,,,https://www.legco.gov.hk/research-publications/english/essentials-2022ise09-regulation-on-minimum-home-size-in-london.htm,inferred-N,Crescent Green,APPROVAL OF DEED OF MUTUAL COVENANT AND MANAGEMENT AGREEMENT | CONSENT TO SELL FOR RESIDENTIAL DEVELOPMENT | POWER TRUTH DEVELOPMENT LIMITED,Named development,30-Aug-19
2016-2017,14/09/2016,tender,SHA TIN TOWN LOT NO. 614,"LAI PING ROAD, KAU TO, SHA TIN, NEW TERRITORIES",RESIDENTIAL R2,residential,6299,1953,,high,EL FUTURO,18 LAI PING ROAD,SHA TIN TOWN LOT NO. 614,18,Rich View Investments Limited (Cheung Kong Property Holdings Limited),(1) Clear Gain Investments Limited (Regal Hotels International Holdings Limited);<br/>(2) Dragon Star H.K. Investments Limited (K. Wah International Holdings Limited);<br/>(3) Ease Success Limited (Great Eagle Holdings Limited);<br/>(4) Gainwick Limited (Strongbod Limited);<br/>(5) Golden Centurion Limited (Wheelock Properties Limited);<br/>(6) Grand Apex Limited (Sino Land Company Limited and New World Development Company Limited);<br/>(7) Luck Huge Limited;<br/>(8) Luck Wide Limited (Kingboard Property Development (HK) Company Limited);<br/>(9) Manifold Limited;<br/>(10) Richwise Impressive Limited (Early Light International (Holdings) Limited);<br/>(11) Rosy Advance Limited (Rosy Isle Limited);<br/>(12) Skillful Enterprises Limited (L'Avenue Projects Limited);<br/>(13) United Horizon Limited (Kam Wah Property Holdings Limited and Wang On Properties Limited);<br/>(14) Victory Field Development Limited (Tai Cheung Holdings Limited);<br/>(15) Wealth Honour Limited (Vanke Property (Overseas) Limited and Asia Cassava Resources Holdings Limited);<br/>(16) Well Capital (H.K.) Limited (Sun Hung Kai Properties Limited); and <br/>(17) Winner Up Investment Limited (Emperor International Holdings Limited and Grand Ming Group Holdings Limited). | N.A. | N.A.,22.41087911,114.2068476,govt-led,FY rule: Application List abolished Feb 2013; all sales government-initiated,Cheung Kong Property Holdings Limited,22676,sq m,8001,HK$/sq ft,yes,https://www.devb.gov.hk/en/publications_and_press_releases/press/index_id_9213.html,,CK Asset (Cheung Kong),local_major,https://www.devb.gov.hk/en/publications_and_press_releases/press/index_id_9213.html | raw/2016-2017/SHATINTOWNLOTNO614__result.pdf,https://www.devb.gov.hk/en/publications_and_press_releases/press/index_id_9213.html | raw/2016-2017/SHATINTOWNLOTNO614__result.pdf,https://www.el-futuro.com.hk/ | raw/2016-2017/SHATINTOWNLOTNO614__devname.pdf,,,,,https://www.info.gov.hk/gia/general/201609/14/P2016091400780.htm,verified,El Futuro,APPROVAL OF DEED OF MUTUAL COVENANT AND MANAGEMENT AGREEMENT | CONSENT TO SELL FOR RESIDENTIAL DEVELOPMENT | RICH VIEW INVESTMENTS LIMITED,Named development,16-Oct-20
2016-2017,5/10/2016,tender,NEW KOWLOON INLAND LOT NO. 6533,"LUNG CHEUNG ROAD, BEACON HILL, KOWLOON",RESIDENTIAL R3,residential,21849,7268.8,,high,MONT VERRA,3 LUNG KUI ROAD,NEW KOWLOON INLAND LOT NO. 6533,11,NMC 6 Limited (Kerry Properties Limited),"(1)   Asia Bright Development Limited (Sino Land Company Limited, New World Development Company Limited, K. Wah International Holdings Limited and Empire Group Holdings Limited);<br/>(2)   Asset Capital Limited (Sun Hung Kai Properties Limited);<br/>(3)   Avion Investment Limited (Henderson Land Development Company Limited);<br/>(4)   Charm City Investments Limited (Cheung Kong Property Holdings Limited);<br/>(5)   Clear Gain Investments Limited (Regal Hotels International Holdings Limited);<br/>(6)   Ease Success Limited (Great Eagle Holdings Limited);<br/>(7)   Golden Centurion Limited (Wheelock Properties Limited);<br/>(8)   HLP Asia Limited (Hang Lung Properties Limited);<br/>(9)   Powerful Great Limited (Shimao Property Holdings Limited and Logan Property Holdings Company Limited); and <br/>(10) Wanquan Resources Limited (China Resources Land Limited). | N.A. | N.A.",22.34290087,114.1690972,govt-led,FY rule: Application List abolished Feb 2013; all sales government-initiated,Kerry Properties Limited,31844,sq m,21206,HK$/sq ft,yes,https://www.info.gov.hk/gia/general/201610/05/P2016100500615.htm,,Kerry Properties,local_major,https://www.info.gov.hk/gia/general/201610/05/P2016100500615.htm | raw/2016-2017/NEWKOWLOONINLANDLOTNO6533__result.pdf,https://www.info.gov.hk/gia/general/201610/05/P2016100500615.htm | raw/2016-2017/NEWKOWLOONINLANDLOTNO6533__result.pdf,https://www.kerryprops.com/en/property-details/125/mont-verra | raw/2016-2017/NEWKOWLOONINLANDLOTNO6533__devname.pdf,,,,,https://www.legco.gov.hk/research-publications/english/essentials-2022ise09-regulation-on-minimum-home-size-in-london.htm,inferred-N,Mont Verra,APPROVAL OF DEED OF MUTUAL COVENANT AND MANAGEMENT AGREEMENT | CONSENT TO SELL FOR RESIDENTIAL DEVELOPMENT | NMC 6 LIMITED,Named development,1-Sep-20
2016-2017,12/10/2016,tender,ABERDEEN INLAND LOT NO. 462,"YIP KAN STREET AND WONG CHUK HANG ROAD, WONG CHUK HANG, HONG KONG",BUSINESS,commercial,1764.8,2528,,high,,,ABERDEEN INLAND LOT NO. 462,24,Grand Apex Limited (Sino Land Company Limited and Empire Group Holdings Limited),"(1) Billion Legacy Enterprises (H.K.) Limited (Billion Legacy Enterprises Limited);<br/>(2) Charm Step Development Limited (Fast Forward Global Limited);<br/>(3) Clear Gain Investments Limited (Regal Hotels International Holdings Limited);<br/>(4) Dream Garden Investments Limited (New World Development Company Limited and Grosvenor Asia Pacific Limited);<br/>(5) Ease Success Limited (Great Eagle Holdings Limited);<br/>(6) Fair Opal Limited (Sun Hung Kai Properties Limited);<br/>(7) Gainwick Limited (Strongbod Limited);<br/>(8) Jetplan International Limited (Allcore Overseas Limited);<br/>(9) Juliyam Limited (Henderson Land Development Company Limited);<br/>(10) Kit Fung Company Limited (Chime Corporation Limited);<br/>(11) Lucky Good Investment Limited (K&K Property Holdings Limited and Project Phoenix Investments Limited);<br/>(12) Main Smart Enterprises Limited (Laughton Group Limited);<br/>(13) Polytech Investments Limited (Well Pool Investments Limited);<br/>(14) San Wealth Holdings Limited (Asian Growth Properties Limited);<br/>(15) Sky Profit Limited (Asia Standard International Group Limited, CSI Properties Limited and C C Land Holdings Limited);<br/>(16) Sky Value Investment Limited;<br/>(17) Smart Union Limited (Chinese Estates Holdings Limited);<br/>(18) Star Brand Investments Limited (Rykadan Capital Limited);<br/>(19) Tin Wah International Limited (K. Wah Properties (Holdings) Limited);<br/>(20) Treasure King Investment Limited (Cheung Kong Property Holdings Limited);<br/>(21) Tristar Capital Limited (Wheelock Properties Limited);<br/>(22) United Horizon Limited (Wang On Properties Limited); and <br/>(23) Winner Up Investment Limited (Emperor International Holdings Limited). | N.A. | N.A.",22.24929815,114.1670974,govt-led,FY rule: Application List abolished Feb 2013; all sales government-initiated,Sino Land Company Limited and Empire Group Holdings Limited,26472,sq m,8872,HK$/sq ft,yes,https://www.info.gov.hk/gia/general/201610/12/P2016101200652.htm,Max GFA includes Government Accommodation (arts/cultural centre and office),Sino Land + Empire Group,consortium,https://www.info.gov.hk/gia/general/201610/12/P2016101200652.htm | raw/2016-2017/ABERDEENINLANDLOTNO462__result.pdf,https://www.info.gov.hk/gia/general/201610/12/P2016101200652.htm | raw/2016-2017/ABERDEENINLANDLOTNO462__result.pdf,,,,,,,,Landmark South,APPROVAL OF DEED OF MUTUAL COVENANT AND MANAGEMENT AGREEMENT | GRAND APEX LIMITED,Named development,31-Jul-22
2016-2017,2/11/2016,tender,NEW KOWLOON INLAND LOT NO. 6565,"KAI TAK AREA 1K SITE 3, KOWLOON",RESIDENTIAL R1,residential,11262,8837.126,,high,THE HENLEY,7 MUK TAI STREET,NEW KOWLOON INLAND LOT NO. 6565,20,Hongkong Island Construction Properties Company Limited (Total Thrive Holdings Limited),"(1) Astaria Garden Limited (Vanke Property (Hong Kong) Company Limited);<br/>(2) Avion Investment Limited (Henderson Land Development Company Limited);<br/>(3) Big Board Limited (Profit City Global Limited);<br/>(4) Century Opal Limited (Sun Hung Kai Properties Limited);<br/>(5) Citypoint Investment Limited (Cheung Kong Property Holdings Limited);<br/>(6) Dragon Star H.K. Investments Limited (K. Wah International Holdings Limited and Sino Land Company Limited);<br/>(7) Dream Garden Investments Limited (New World Development Company Limited and China Merchants Properties Development Limited);<br/>(8) Ease Success Limited (Great Eagle Holdings Limited);<br/>(9) Fancy Excellent Limited;<br/>(10) Handy Solution Limited (Wheelock Properties Limited);<br/>(11) Kit Fung Company Limited (Chime Corporation Limited);<br/>(12) Maxjet Company Limited (China Overseas Land & Investment Limited);<br/>(13) Powerful Great Limited (Shimao Property Holdings Limited);<br/>(14) Sure Gain Corporation Limited (Emperor International Holdings Limited, Grand Ming Group Holdings Limited, Huarong International Financial Holdings Limited and CSI Properties Limited);<br/>(15) Topsane Limited (Poly Property Group Co., Limited, Lâ€™Avenue International Holdings Limited and Ample Load Limited);<br/>(16) Unicorn Bay (Hong Kong) Investments Limited (Logan Property Holdings Company Limited and Asia Cassava Resources Holdings Limited);<br/>(17) Wanquan Resources Limited (China Resources Land Limited);<br/>(18) Wisdom Sign Limited (Metro Lead Holdings Limited); and <br/>(19) Yong De Holdings Limited (China Evergrande Group). | N.A. | N.A.",22.32705642,114.1979924,govt-led,FY rule: Application List abolished Feb 2013; all sales government-initiated,Total Thrive Holdings Limited,60814,sq m,13500,HK$/sq ft,yes,https://www.info.gov.hk/gia/general/201611/02/P2016110200573.htm,,Total Thrive Holdings Limited,other,https://www.info.gov.hk/gia/general/201611/02/P2016110200573.htm | raw/2016-2017/NEWKOWLOONINLANDLOTNO6565__result.pdf,https://www.info.gov.hk/gia/general/201611/02/P2016110200573.htm | raw/2016-2017/NEWKOWLOONINLANDLOTNO6565__result.pdf,https://hk.centanet.com/info/en/new-property/KAI-TAK/THE-HENLEY/1958 | raw/2016-2017/NEWKOWLOONINLANDLOTNO6565__devname.pdf,,,,,https://www.legco.gov.hk/research-publications/english/essentials-2022ise09-regulation-on-minimum-home-size-in-london.htm,inferred-N,Pending (Phase 1) | The Henley | The Henley (Phase 1) | The Henley (Phase 2) | The Henley (Phase 3),"APPROVAL OF DEED OF MUTUAL COVENANT AND MANAGEMENT AGREEMENT | CONSENT TO SELL FOR RESIDENTIAL DEVELOPMENT | HONGKONG ISLAND CONSTRUCTION PROPERTIES CO., LIMITED",Named development,21 July 2021 | 23 November 2020 | 9 April 2021
2016-2017,9/11/2016,tender,PO TOWN LOT NO. 223,"LO FAI ROAD, TAI PO, NEW TERRITORIES",RESIDENTIAL R3,residential,21448,2355,,high,VILLA LUCCA,36 LO FAI ROAD,,,Gainwick Limited,,,,govt-led,FY rule: Application List abolished Feb 2013; all sales government-initiated,Strongbod Limited,31223,sq m,7007,HK$/sq ft,yes,https://www.info.gov.hk/gia/general/201611/09/P2016110900657.htm,CSV lot truncated; actual lot is Tai Po Town Lot No. 223,Strongbod Limited,other,https://www.info.gov.hk/gia/general/201611/09/P2016110900657.htm | raw/2016-2017/POTOWNLOTNO223__result.pdf,https://www.info.gov.hk/gia/general/201611/09/P2016110900657.htm | raw/2016-2017/POTOWNLOTNO223__result.pdf,https://www.hkri.com/en/Our-Businesses/Hong-Kong/VILLA-LUCCA | raw/2016-2017/POTOWNLOTNO223__devname.pdf,,,,,https://www.legco.gov.hk/research-publications/english/essentials-2022ise09-regulation-on-minimum-home-size-in-london.htm,inferred-N,,,No consent,
2016-2017,9/11/2016,tender,PO TOWN LOT NO. 229,"LO FAI ROAD, TAI PO, NEW TERRITORIES",RESIDENTIAL R3,residential,10288,1038,,high,VILLA LUCCA,36 LO FAI ROAD,,,Gainwick Limited,,,,govt-led,FY rule: Application List abolished Feb 2013; all sales government-initiated,Strongbod Limited,14977,sq m,6439,HK$/sq ft,yes,https://www.info.gov.hk/gia/general/201611/09/P2016110900657.htm,CSV lot truncated; actual lot is Tai Po Town Lot No. 229,Strongbod Limited,other,https://www.info.gov.hk/gia/general/201611/09/P2016110900657.htm | raw/2016-2017/POTOWNLOTNO229__result.pdf,https://www.info.gov.hk/gia/general/201611/09/P2016110900657.htm | raw/2016-2017/POTOWNLOTNO229__result.pdf,https://www.hkri.com/en/Our-Businesses/Hong-Kong/VILLA-LUCCA | raw/2016-2017/POTOWNLOTNO229__devname.pdf,,,,,https://www.legco.gov.hk/research-publications/english/essentials-2022ise09-regulation-on-minimum-home-size-in-london.htm,inferred-N,,,No consent,
2016-2017,16/11/2016,tender,NEW KOWLOON INLAND LOT NO. 6584,"OFF SIN FAT ROAD, KWUN TONG, KOWLOON",RESIDENTIAL R2,residential,18261,6388,,high,KOKO HILLS DEVELOPMENT | KOKO HILLS DEVELOPMENT,3 KO LING ROAD | 8 KO LING ROAD,NEW KOWLOON INLAND LOT NO. 6584,12,Golden Centurion Limited (Wheelock Properties Limited),"(1) Asia Bright Development Limited (Sino Land Company Limited, New World Development Company Limited, K. Wah International Holdings Limited, Shimao Property Holdings Limited and Lai Sun Development Company Limited);<br/>(2) Big Board Limited (Profit City Global Limited);<br/>(3) Centenary Investments Limited (Cheung Kong Property Holdings Limited);<br/>(4) Clear Gain Investments Limited (Regal Hotels International Holdings Limited);<br/>(5) Fancy Excellent Limited;<br/>(6) Juliyam Limited (Henderson Land Development Company Limited);<br/>(7) Maxjet Company Limited (China Overseas Land & Investment Limited);<br/>(8) Sanon Limited (Far East Consortium International Limited);<br/>(9) Super Great Limited (Sun Hung Kai Properties Limited);<br/>(10) Sure Gain Corporation Limited (Emperor International Holdings Limited and Grand Ming Group Holdings Limited); and <br/>(11) Unicorn Bay (Hong Kong) Investments Limited (Logan Property Holdings Company Limited). | N.A. | N.A.",22.30417657,114.2299566,govt-led,FY rule: Application List abolished Feb 2013; all sales government-initiated,Wheelock Properties Limited,76788,sq m,7729,HK$/sq ft,yes,https://www.info.gov.hk/gia/general/201611/16/P2016111600691.htm,,Wheelock/Wharf,local_major,https://www.info.gov.hk/gia/general/201611/16/P2016111600691.htm | raw/2016-2017/NEWKOWLOONINLANDLOTNO6584__result.pdf,https://www.info.gov.hk/gia/general/201611/16/P2016111600691.htm | raw/2016-2017/NEWKOWLOONINLANDLOTNO6584__result.pdf,https://www.kokohills.hk/ | raw/2016-2017/NEWKOWLOONINLANDLOTNO6584__devname.pdf,,,,,https://www.legco.gov.hk/research-publications/english/essentials-2022ise09-regulation-on-minimum-home-size-in-london.htm,inferred-N,KOKO HILLS Development | KOKO HILLS Development (Phase 1 â€“ KOKO HILLS) | KOKO HILLS Development (Phase 2 â€“ KOKO RESERVE) | KOKO HILLS Development (Phase 2) | KOKO HILLS Development (Phase 3A â€“ KOKO ROSSO) | KOKO HILLS Development (Phase 3A) | KOKO HILLS Development (Phase 3B - KOKO MARE) | KOKO HILLS Development (Phase 3B),APPROVAL OF DEED OF MUTUAL COVENANT AND MANAGEMENT AGREEMENT | APPROVAL OF SUB-DEED OF MUTUAL COVENANT AND MANAGEMENT AGREEMENT | CONSENT TO ASSIGN FOR RESIDENTIAL DEVELOPMENT | CONSENT TO SELL FOR RESIDENTIAL DEVELOPMENT | GOLDEN CENTURION LIMITED,Named development,16 February 2023 | 23 February 2021 | 24 October 2022 | 26 June 2020
2016-2017,23/11/2016,tender,NEW KOWLOON INLAND LOT NO. 6557,"KAI TAK AREA 1E SITE 2, KOWLOON",COMMERCIAL,commercial,14159,7388,,high,,,NEW KOWLOON INLAND LOT NO. 6557,8,Leader Bright Limited (Lifestyle International Holdings Limited),"(1) Channel First Limited (Sun Hung Kai Properties Limited);<br/>(2) Conford Investments Limited (Cheung Kong Property Holdings Limited);<br/>(3) Ease Success Limited (Great Eagle Holdings Limited);<br/>(4) More Win Enterprises Limited (China Overseas Land & Investment Limited);<br/>(5) Tristar Capital Limited (Wheelock Properties Limited);<br/>(6) Vision Land Limited (Sino Land Company Limited, New World Development Company Limited, Shimao Property Holdings Limited and Xiamen ITG Group Corp. Ltd); and <br/>(7) Wisdom Sign Limited (Metro Lead Holdings Limited). | N.A. | N.A.",22.33262855,114.200942,govt-led,FY rule: Application List abolished Feb 2013; all sales government-initiated,Lifestyle International Holdings Limited,101944,sq m,6733,HK$/sq ft,yes,https://www.info.gov.hk/gia/general/201611/23/P2016112300752.htm,Max GFA includes public vehicle park,Lifestyle International Holdings Limited,other,https://www.info.gov.hk/gia/general/201611/23/P2016112300752.htm | raw/2016-2017/NEWKOWLOONINLANDLOTNO6557__result.pdf,https://www.info.gov.hk/gia/general/201611/23/P2016112300752.htm | raw/2016-2017/NEWKOWLOONINLANDLOTNO6557__result.pdf,,,,,,,,,,No consent,
2016-2017,19/12/2016,tender,NEW KOWLOON INLAND LOT NO. 6562,"KAI TAK AREA 1L SITE 3, KOWLOON",RESIDENTIAL R2,residential,8803,5412.346,,high,HENLEY PARK,8 MUK TAI STREET,NEW KOWLOON INLAND LOT NO. 6562,21,Denco Properties Limited (Sky Hero Developments Limited),"(1) Ace Alliance Development Limited (Poly Property Group Co., Limited and L'Avenue International Holdings Limited);<br/>(2) Asia Power Development Limited (China Overseas Land & Investment Limited and S E A Holdings Limited);<br/>(3) Best Wealth Limited (Vanke Property (Overseas) Limited);<br/>(4) Big Board Limited (Profit City Global Limited);<br/>(5) Century Opal Limited (Sun Hung Kai Properties Limited);<br/>(6) Cheer Horizon Limited (Sino Land Company Limited);<br/>(7) Cheerful United Limited (Chevalier International Holdings Limited and Wang On Properties Limited);<br/>(8) City Champion Investments Limited (Cheung Kong Property Holdings Limited);<br/>(9) Dream Garden Investments Limited (New World Development Company Limited and China Merchants Properties Development Limited);<br/>(10) Ease Success Limited (Great Eagle Holdings Limited);<br/>(11) Global Trend Development Limited (Empire Group Holdings Limited);<br/>(12) Handy Solution Limited (Wheelock Properties Limited);<br/>(13) Henrik Investment Limited (Far East Consortium International Limited);<br/>(14) Kit Fung Company Limited (Chime Corporation Limited);<br/>(15) Luxe First Limited (Shimao Property Holdings Limited);<br/>(16) Newings Resources Limited (China Resources Land Limited);<br/>(17) Rosy Advance Limited (Rosy Isle Limited);<br/>(18) Sure Gain Corporation Limited (Emperor International Holdings Limited and Grand Ming Group Holdings Limited);<br/>(19) Tin Wah International Limited (K. Wah International Holdings Limited); and <br/>(20) Unicorn Bay (Hong Kong) Investments Limited (Logan Property Holdings Company Limited). | N.A. | N.A.",22.32588578,114.1993703,govt-led,FY rule: Application List abolished Feb 2013; all sales government-initiated,Sky Hero Developments Limited,36972,sq m,13600,HK$/sq ft,yes,https://www.info.gov.hk/gia/general/201612/19/P2016121900786.htm,,Sky Hero Developments Limited,other,https://www.info.gov.hk/gia/general/201612/19/P2016121900786.htm | raw/2016-2017/NEWKOWLOONINLANDLOTNO6562__result.pdf,https://www.info.gov.hk/gia/general/201612/19/P2016121900786.htm | raw/2016-2017/NEWKOWLOONINLANDLOTNO6562__result.pdf,https://hk.centanet.com/info/en/new-property/KAI-TAK/HENLEY-PARK/2148 | raw/2016-2017/NEWKOWLOONINLANDLOTNO6562__devname.pdf,,,,,https://www.legco.gov.hk/research-publications/english/essentials-2022ise09-regulation-on-minimum-home-size-in-london.htm,inferred-N,HENLEY PARK,APPROVAL OF DEED OF MUTUAL COVENANT AND MANAGEMENT AGREEMENT | CONSENT TO SELL FOR RESIDENTIAL DEVELOPMENT | DENCO PROPERTIES LIMITED,Named development,31-Mar-22
2016-2017,21/12/2016,tender,KOWLOON INLAND LOT NO. 11261,"PRINCESS MARGARET ROAD, KOWLOON",PETROL FILLING STATION,petrol_or_ev,971.4,368.5,,high,,,KOWLOON INLAND LOT NO. 11261,4,PetroChina International (Hong Kong) Corporation Limited,(1) Chevron Hong Kong Limited;<br/>(2) ExxonMobil Hong Kong Limited; and <br/>(3) Sinopec (Hong Kong) Limited (Sinopec Marketing Company Limited). | N.A. | A single amount of tender premium for the purchase of [KOWLOON INLAND LOT NO. 11261] and [NEW KOWLOON INLAND LOT NO. 6570] collectively as one package.,22.31088398,114.1780519,govt-led,FY rule: Application List abolished Feb 2013; all sales government-initiated,,,,,,yes,https://www.devb.gov.hk/en/publications_and_press_releases/press/index_id_9351.html,Petrol filling station; premium 368.5M is combined package with NKIL 6570. No GFA.,PetroChina,non_property_oil,https://www.devb.gov.hk/en/publications_and_press_releases/press/index_id_9351.html | raw/2016-2017/KOWLOONINLANDLOTNO11261__result.pdf,https://www.devb.gov.hk/en/publications_and_press_releases/press/index_id_9351.html | raw/2016-2017/KOWLOONINLANDLOTNO11261__result.pdf,,,,,,,,,,No consent,
2016-2017,21/12/2016,tender,NEW KOWLOON INLAND LOT NO. 6570,"338 TAI PO ROAD, KOWLOON",PETROL FILLING STATION,petrol_or_ev,541.2,,,high,,,NEW KOWLOON INLAND LOT NO. 6570,3,PetroChina International (Hong Kong) Corporation Limited,(1) ExxonMobil Hong Kong Limited; and <br/>(2) Sinopec (Hong Kong) Limited (Sinopec Marketing Company Limited). | N.A. | A single amount of tender premium for the purchase of [KOWLOON INLAND LOT NO. 11261] and [NEW KOWLOON INLAND LOT NO. 6570] collectively as one package.,22.33879668,114.1634564,govt-led,FY rule: Application List abolished Feb 2013; all sales government-initiated,,,,,,,,,,,,,,,,,,,,,,No consent,
2016-2017,29/12/2016,tender,NEW KOWLOON INLAND LOT NO. 6566,"KAI TAK AREA 1K SITE 2, KOWLOON",RESIDENTIAL R1,residential,9700,5868.988,,high,K.SUMMIT,9 MUK TAI STREET,NEW KOWLOON INLAND LOT NO. 6566,16,Century Basis Limited (K. Wah International Holdings Limited),"(1) Ace Alliance Development Limited (Poly Property Group Co., Limited and L'Avenue International Holdings Limited);<br/>(2) Asia Profit Development Limited (China Overseas Land & Investment Limited, Sino Land Company Limited and S E A Holdings Limited);<br/>(3) Best Wealth Limited (Vanke Property (Overseas) Limited);<br/>(4) Big Board Limited (Profit City Global Limited);<br/>(5) Channel First Limited (Sun Hung Kai Properties Limited);<br/>(6) Cheerful United Limited (Chevalier International Holdings Limited and Wang On Properties Limited);<br/>(7) Good Sense Development Limited (New World Development Company Limited and China Merchants Properties Development Limited);<br/>(8) Handy Solution Limited (Wheelock Properties Limited);<br/>(9) Henrik Investment Limited (Far East Consortium International Limited);<br/>(10) Kit Fung Company Limited (Chime Corporation Limited);<br/>(11) Luxe First Limited (Shimao Property Holdings Limited);<br/>(12) Newings Resources Limited (China Resources Land Limited);<br/>(13) Ocean Global Investments Limited (Perfect Jade Holdings Limited);<br/>(14) Treasure King Investment Limited (Cheung Kong Property Holdings Limited); and <br/>(15) Unicorn Bay (Hong Kong) Investments Limited (Logan Property Holdings Company Limited). | N.A. | N.A.",22.32750733,114.1984615,govt-led,FY rule: Application List abolished Feb 2013; all sales government-initiated,K. Wah International Holdings Limited,53350,sq m,10220,HK$/sq ft,yes,https://www.info.gov.hk/gia/general/201612/29/P2016122900653.htm,,K. Wah International,local_major,https://www.info.gov.hk/gia/general/201612/29/P2016122900653.htm | raw/2016-2017/NEWKOWLOONINLANDLOTNO6566__result.pdf,https://www.info.gov.hk/gia/general/201612/29/P2016122900653.htm | raw/2016-2017/NEWKOWLOONINLANDLOTNO6566__result.pdf,https://www.kwah.com/en-us/properties/detail/new-kowloon-inland-lot-no-6566-kai-tak-area-1k-site-2 | raw/2016-2017/NEWKOWLOONINLANDLOTNO6566__devname.pdf,,,,,https://www.legco.gov.hk/research-publications/english/essentials-2022ise09-regulation-on-minimum-home-size-in-london.htm,inferred-N,K. Summit,APPROVAL OF DEED OF MUTUAL COVENANT AND MANAGEMENT AGREEMENT | CENTURY BASIS LIMITED | CONSENT TO SELL FOR RESIDENTIAL DEVELOPMENT,Named development,7-Nov-19
2016-2017,25/01/2017,tender,NEW KOWLOON INLAND LOT NO. 6564,"KAI TAK AREA 1L SITE 1, KOWLOON",RESIDENTIAL R1,residential,7318,5529.7,,high,MONACO DEVELOPMENT,12 MUK TAI STREET,NEW KOWLOON INLAND LOT NO. 6564,18,Top Genius Holdings Limited (Onwards Asia Limited),"(1) Ace Alliance Development Limited (Poly Property Group Co., Limited);<br/>(2) Asia Power Development Limited (China Overseas Land & Investment Limited and S E A Holdings Limited);<br/>(3) Asset Capital Limited (Sun Hung Kai Properties Limited);<br/>(4) Best Wealth Limited (Vanke Property (Overseas) Limited);<br/>(5) Big Board Limited (Profit City Global Limited);<br/>(6) Cheerful United Limited (Chevalier International Holdings Limited and Wang On Properties Limited);<br/>(7) Conford Investments Limited (Cheung Kong Property Holdings Limited);<br/>(8) Dragon Star H.K. Investments Limited (K. Wah International Holdings Limited and Sino Land Company Limited);<br/>(9) Ease Success Limited (Great Eagle Holdings Limited);<br/>(10) Good Sense Development Limited (New World Development Company Limited and China Merchants Properties Development Limited);<br/>(11) Handy Solution Limited (Wheelock Properties Limited);<br/>(12) Joy Wealthy Limited (Emperor International Holdings Limited and Grand Ming Group Holdings Limited);<br/>(13) Kit Fung Company Limited (Chime Corporation Limited);<br/>(14) Newings Resources Limited (China Resources Land Limited);<br/>(15) Smart Source Management Limited (Kingboard Property Development (HK) Company Limited);<br/>(16) Unicorn Bay (Hong Kong) Investments Limited (Logan Property Holdings Company Limited); and <br/>(17) Wisdom Sign Limited (Wing Tai Properties Limited). | N.A. | N.A.",22.32676194,114.2002411,govt-led,FY rule: Application List abolished Feb 2013; all sales government-initiated,Onwards Asia Limited,39517,sq m,13000,HK$/sq ft,yes,https://www.info.gov.hk/gia/general/201701/25/P2017012500718.htm,,Onwards Asia Limited,other,https://www.info.gov.hk/gia/general/201701/25/P2017012500718.htm | raw/2016-2017/NEWKOWLOONINLANDLOTNO6564__winner.pdf,https://www.info.gov.hk/gia/general/201701/25/P2017012500718.htm | raw/2016-2017/NEWKOWLOONINLANDLOTNO6564__winner.pdf,https://www.monaco.hk/en/kth | raw/2016-2017/NEWKOWLOONINLANDLOTNO6564__devname.pdf,match,,,,https://www.legco.gov.hk/research-publications/english/essentials-2022ise09-regulation-on-minimum-home-size-in-london.htm,inferred-N,MONACO Development | MONACO Development (Phase 1) | MONACO Development (Phase 2),APPROVAL OF DEED OF MUTUAL COVENANT AND MANAGEMENT AGREEMENT | CONSENT TO SELL FOR RESIDENTIAL DEVELOPMENT | TOP GENIUS HOLDINGS LIMITED,Named development,26 January 2021 | 30 November 2020
2016-2017,15/02/2017,tender,NEW KOWLOON INLAND LOT NO. 6505,"KING LAM STREET, CHEUNG SHA WAN, KOWLOON",BUSINESS,commercial,7728,7794.38,,high,,,NEW KOWLOON INLAND LOT NO. 6505,9,Super Record Limited (New World Development Company Limited),(1) Asia Profit Development Limited (China Overseas Land & Investment Limited);<br/>(2) Century Opal Limited (Sun Hung Kai Properties Limited);<br/>(3) Charm Step Development Limited (Fast Forward Global Limited);<br/>(4) City Champion Investments Limited (Cheung Kong Property Holdings Limited);<br/>(5) Ease Success Limited (Great Eagle Holdings Limited);<br/>(6) Profit Realty Development Limited (Billion Real Estate Holdings Limited);<br/>(7) Tristar Capital Limited (Wheelock Properties Limited); and <br/>(8) Vision Land Limited (Sino Land Company Limited and S E A Holdings Limited). | N.A. | N.A.,22.33935383,114.1463493,govt-led,FY rule: Application List abolished Feb 2013; all sales government-initiated,New World Development Company Limited,92736,sq m,7808,HK$/sq ft,yes,https://www.info.gov.hk/gia/general/201702/15/P2017021500692.htm,,New World Development,local_major,https://www.info.gov.hk/gia/general/201702/15/P2017021500692.htm | raw/2016-2017/NEWKOWLOONINLANDLOTNO6505__result.pdf,https://www.info.gov.hk/gia/general/201702/15/P2017021500692.htm | raw/2016-2017/NEWKOWLOONINLANDLOTNO6505__result.pdf,,,,,,,,,CONSENT TO SELL FOR NON-RESIDENTIAL DEVELOPMENT | SUPER RECORD LIMITED,Pending,30 September 2023 | 31 December 2023 | 31 March 2023
2016-2017,24/02/2017,tender,AP LEI CHAU INLAND LOT NO. 136,"LEE NAM ROAD, AP LEI CHAU, HONG KONG",RESIDENTIAL R1,residential,11761,16855.78,,high,THE CORNICHE,66 LEE NAM ROAD,AP LEI CHAU INLAND LOT NO. 136,14,Unicorn Bay (Hong Kong) Investments Limited (Logan Property Holdings Company Limited and KWG Property Holding Limited),"(1) Asia Power Development Limited (China Overseas Land & Investment Limited);<br/>(2) Astaria Garden Limited (Vanke Property (Hong Kong) Company Limited);<br/>(3) Big Success Development Limited (Henderson Land Development Company Limited and Empire Group Holdings Limited);<br/>(4) Bright Vision International Limited (CITIC Pacific Limited);<br/>(5) Cheer Horizon Limited (Sino Land Company Limited, Shimao Property Holdings Limited, Wheelock Properties Limited and S E A Holdings Limited);<br/>(6) Delta Bridge Limited (Hang Lung Properties Limited);<br/>(7) Good Hour International Limited (China Resources Land Limited);<br/>(8) Good Sense Development Limited (New World Development Company Limited);<br/>(9) Great Rainbow Investments Limited (Cheung Kong Property Holdings Limited);<br/>(10) Joy Wealthy Limited (Emperor International Holdings Limited and Grand Ming Group Holdings Limited);<br/>(11) Magic Energy Limited (Great Eagle Holdings Limited);<br/>(12) Super Great Limited (Sun Hung Kai Properties Limited); and <br/>(13) Surplus Eagle Limited (CSI Properties Limited, Asia Standard International Group Limited, C C Land Holdings Limited and Chinese Estates Holdings Limited). | N.A. | N.A.",22.23916357,114.1507521,govt-led,FY rule: Application List abolished Feb 2013; all sales government-initiated,Logan Property Holdings Company Limited and KWG Property Holding Limited,70800,sq m,22118,HK$/sq ft,yes,https://www.info.gov.hk/gia/general/201702/24/P2017022400612.htm,Record land premium at the time,Logan + KWG Property,consortium,https://www.info.gov.hk/gia/general/201702/24/P2017022400612.htm | raw/2016-2017/APLEICHAUINLANDLOTNO136__result.pdf,https://www.info.gov.hk/gia/general/201702/24/P2017022400612.htm | raw/2016-2017/APLEICHAUINLANDLOTNO136__result.pdf,https://hk.centanet.com/info/en/new-property/district/The-Corniche/2147 | raw/2016-2017/APLEICHAUINLANDLOTNO136__devname.pdf,,,,,https://www.legco.gov.hk/research-publications/english/essentials-2022ise09-regulation-on-minimum-home-size-in-london.htm,inferred-N,THE CORNICHE,APPROVAL OF DEED OF MUTUAL COVENANT AND MANAGEMENT AGREEMENT | CONSENT TO SELL FOR RESIDENTIAL DEVELOPMENT | UNICORN BAY (HONG KONG) INVESTMENTS LIMITED,Named development,19-Jul-21
2016-2017,15/03/2017,tender,NEW KOWLOON INLAND LOT NO. 6563,"KAI TAK AREA 1L SITE 2, KOWLOON P. 2",RESIDENTIAL R1,residential,9482,7440.5,,high,MONACO ONE DEVELOPMENT,10 MUK TAI STREET,NEW KOWLOON INLAND LOT NO. 6563,15,Milway Development Limited (Twinpeak Assets Limited),"(1) Asia Profit Development Limited (China Overseas Land & Investment Limited, Sino Land Company Limited and S E A Holdings Limited);<br/>(2) Astaria Garden Limited (Vanke Property (Hong Kong) Company Limited);<br/>(3) Avion Investment Limited (Henderson Land Development Company Limited);<br/>(4) Big Board Limited (Profit City Global Limited);<br/>(5) Castle Huge Limited (Chime Corporation Limited);<br/>(6) Channel First Limited (Sun Hung Kai Properties Limited);<br/>(7) Cheerful United Limited (Chevalier International Holdings Limited and Wang On Properties Limited);<br/>(8) City Champion Investments Limited (Cheung Kong Property Holdings Limited);<br/>(9) Dragon Star H.K. Investments Limited (K. Wah International Holdings Limited);<br/>(10) Good Hour International Limited (China Resources Land Limited);<br/>(11) Good Sense Development Limited (New World Development Company Limited and China Merchants Properties Development Limited);<br/>(12) Handy Solution Limited (Wheelock Properties Limited);<br/>(13) Sure Gain Corporation Limited (Emperor International Holdings Limited and Grand Ming Group Holdings Limited); and <br/>(14) Virtue High (Hong Kong) Limited (Logan Property Holdings Company Limited). | N.A. | N.A.",22.32624376,114.1998152,govt-led,FY rule: Application List abolished Feb 2013; all sales government-initiated,Twinpeak Assets Limited,51202,sq m,13500,HK$/sq ft,yes,https://www.info.gov.hk/gia/general/201703/15/P2017031500706.htm,,Twinpeak Assets Limited,other,https://www.info.gov.hk/gia/general/201703/15/P2017031500706.htm | raw/2016-2017/NEWKOWLOONINLANDLOTNO6563__winner.pdf,https://www.info.gov.hk/gia/general/201703/15/P2017031500706.htm | raw/2016-2017/NEWKOWLOONINLANDLOTNO6563__winner.pdf,https://www.monacoone.hk/ | raw/2016-2017/NEWKOWLOONINLANDLOTNO6563__devname.pdf,unverified,,,,https://www.legco.gov.hk/research-publications/english/essentials-2022ise09-regulation-on-minimum-home-size-in-london.htm,inferred-N,MONACO ONE Development | MONACO ONE Development (Phase 1) | MONACO ONE Development (Phase 2),APPROVAL OF DEED OF MUTUAL COVENANT AND MANAGEMENT AGREEMENT | CONSENT TO SELL FOR RESIDENTIAL DEVELOPMENT | MILWAY DEVELOPMENT LIMITED,Named development,22 October 2021 | 8 December 2021 | Twinpeak Assets Limited
2017-2018,26/04/2017,tender,KWAI CHUNG TOWN LOT NO. 521,"CASTLE PEAK ROAD â€“ KWAI CHUNG, KWAI CHUNG, NEW TERRITORIES",PETROL FILLING STATION,petrol_or_ev,828.2,265.3119,,high,,,KWAI CHUNG TOWN LOT NO. 521,4,ExxonMobil Hong Kong Limited,(1) Chevron Hong Kong Limited;<br/>(2) PetroChina International (Hong Kong) Corporation Limited; and <br/>(3) Sinopec (Hong Kong) Limited (Sinopec Marketing Company Limited). | N.A. | N.A.,22.37100734,114.1274045,govt-led,FY rule: Application List abolished Feb 2013; all sales government-initiated,,,,,,,https://www.landsd.gov.hk/doc/en/landsale/records/2016-2017.pdf,Petrol filling station (April 2017); award press release not located. PFS sites have no GFA.,,,,https://www.landsd.gov.hk/doc/en/landsale/records/2016-2017.pdf | raw/2017-2018/KWAICHUNGTOWNLOTNO521__consent.pdf,,,,,,,,,,No consent,
2017-2018,26/04/2017,tender,FANLING SHEUNG SHUI TOWN LOT NO. 260,"YAT MING ROAD, FANLING, NEW TERRITORIES",PETROL FILLING STATION,petrol_or_ev,2463,237.26,,high,,,FANLING SHEUNG SHUI TOWN LOT NO. 260,3,Sinopec (Hong Kong) Limited (Sinopec Marketing Company Limited),(1) ExxonMobil Hong Kong Limited; and <br/>(2) PetroChina International (Hong Kong) Corporation Limited. | N.A. | N.A.,22.48548016,114.1438605,govt-led,FY rule: Application List abolished Feb 2013; all sales government-initiated,,,,,,,https://www.landsd.gov.hk/doc/en/landsale/records/2017-2018.pdf,Petrol filling station (April 2017); award press release not located. PFS sites have no GFA.,,,,https://www.landsd.gov.hk/doc/en/landsale/records/2017-2018.pdf | raw/2017-2018/FANLINGSHEUNGSHUITOWNLOTNO260__consent.pdf,,,,,,,,,,No consent,
2017-2018,26/04/2017,tender,TUEN MUN TOWN LOT NO. 543,"CASTLE PEAK ROAD â€“ TAI LAM, TUEN MUN, NEW TERRITORIES",PETROL FILLING STATION,petrol_or_ev,1070,188.772,,high,,,TUEN MUN TOWN LOT NO. 543,4,Shell Hong Kong Limited,(1) ExxonMobil Hong Kong Limited;<br/>(2) PetroChina International (Hong Kong) Corporation Limited; and <br/>(3) Sinopec (Hong Kong) Limited (Sinopec Marketing Company Limited). | N.A. | N.A.,22.36636662,114.0039655,govt-led,FY rule: Application List abolished Feb 2013; all sales government-initiated,,,,,,,https://www.landsd.gov.hk/doc/en/landsale/records/2017-2018.pdf,Petrol filling station (April 2017); award press release not located. PFS sites have no GFA.,,,,https://www.landsd.gov.hk/doc/en/landsale/records/2017-2018.pdf | raw/2017-2018/TUENMUNTOWNLOTNO543__consent.pdf,,,,,,,,,,No consent,
2017-2018,5/5/2017,tender,KWAI CHUNG TOWN LOT NO. 524,"WING KEI ROAD, KWAI CHUNG, NEW TERRITORIES",INDUSTRIAL,industrial,1730.1,450.8,,high,,,KWAI CHUNG TOWN LOT NO. 524,6,Vision Land Limited (Sino Land Company Limited),(1) Charm Step Development Limited (Fast Forward Global Limited);<br/>(2) One Gold Investment Limited (K&K Property Holdings Limited);<br/>(3) Pioneering Realty Development Limited (Billion Real Estate Holdings Limited);<br/>(4) Pretty Route Limited (K. Wah Properties (Holdings) Limited); and <br/>(5) Top Strong Investment Limited (Wang On Properties Limited). | N.A. | N.A.,22.36040962,114.1187864,govt-led,FY rule: Application List abolished Feb 2013; all sales government-initiated,Sino Land Company Limited,16435,sq m,2548,HK$/sq ft,yes,https://www.info.gov.hk/gia/general/201705/05/P2017050500684.htm,,Sino Land,local_major,https://www.info.gov.hk/gia/general/201705/05/P2017050500684.htm | raw/2017-2018/KWAICHUNGTOWNLOTNO524__result.pdf,https://www.info.gov.hk/gia/general/201705/05/P2017050500684.htm | raw/2017-2018/KWAICHUNGTOWNLOTNO524__result.pdf,,,,,,,,,,No consent,
2017-2018,10/5/2017,tender,NEW KOWLOON INLAND LOT NO. 6582,"LAI CHI KOK ROAD NEAR CHEUNG SHUN STREET, CHEUNG SHA WAN, KOWLOON",COMMERCIAL,commercial,4171,4028.8,,high,,,NEW KOWLOON INLAND LOT NO. 6582,8,Good Sense Development Limited (New World Development Company Limited),(1) Century Opal Limited (Sun Hung Kai Properties Limited);<br/>(2) Conford Investments Limited (Cheung Kong Property Holdings Limited);<br/>(3) Joy Fast Investment Limited (Fast Forward Global Limited);<br/>(4) Joy Vision Limited (Sino Land Company Limited and K. Wah Properties (Holdings) Limited);<br/>(5) Sky Bloom Investment Limited (S E A Holdings Limited);<br/>(6) Treasure Way (Hong Kong) Limited; and <br/>(7) Tristar Capital Limited (Wheelock Properties Limited). | N.A. | N.A.,22.33556322,114.1458561,govt-led,FY rule: Application List abolished Feb 2013; all sales government-initiated,New World Development Company Limited,50052,sq m,7478,HK$/sq ft,yes,https://www.info.gov.hk/gia/general/201705/10/P2017051000743.htm,,New World Development,local_major,https://www.info.gov.hk/gia/general/201705/10/P2017051000743.htm | raw/2017-2018/NEWKOWLOONINLANDLOTNO6582__result.pdf,https://www.info.gov.hk/gia/general/201705/10/P2017051000743.htm | raw/2017-2018/NEWKOWLOONINLANDLOTNO6582__result.pdf,,,,,,,,888 Lai Chi Kok Road | NCB Innovation Centre | NCB Innovation Centre (17th Floor) | NCB Innovation Centre (23rd Floor) | NCB Innovation Centre (25th Floor) | NCB Innovation Centre (26th Floor) | NCB Innovation Centre (27th Floor),APPROVAL OF DEED OF MUTUAL COVENANT AND MANAGEMENT AGREEMENT | APPROVAL OF SUB-DEED OF MUTUAL COVENANT AND MANAGEMENT AGREEMENT | CONSENT TO SELL FOR NON-RESIDENTIAL DEVELOPMENT | GOOD SENSE DEVELOPMENT LIMITED,Named development,30-Apr-22
2017-2018,16/05/2017,tender,INLAND LOT NO. 9051,"MURRAY ROAD, CENTRAL, HONG KONG",COMMERCIAL,commercial,2880,23280,,high,,,INLAND LOT NO.9051,9,Century Base Development Limited (Henderson Land Development Company Limited),"(1) Centenary Investments Limited (Cheung Kong Property Holdings Limited);<br/>(2) Harbour City Estates Limited (The Wharf (Holdings) Limited);<br/>(3) HLP Asia Limited (Hang Lung Properties Limited);<br/>(4) Honour Sky Holdings Limited (C C Land Holdings Limited);<br/>(5) Pacific Asia Limited (Sino Land Company Limited, Shimao Property Holdings Limited and New World Development Company Limited);<br/>(6) Rich Union Development Limited (Nan Fung Development Limited);<br/>(7) Smart Union Limited (Chinese Estates Holdings Limited); and <br/>(8) Winner Harvest Limited (Sun Hung Kai Properties Limited). | N.A. | N.A.",22.28019294,114.162219,govt-led,FY rule: Application List abolished Feb 2013; all sales government-initiated,Henderson Land Development Company Limited,43200,sq m,50064,HK$/sq ft,yes,https://www.devb.gov.hk/en/publications_and_press_releases/press/index_id_9537.html,Murray Road; record commercial premium. Max GFA includes public vehicle park,Henderson Land,local_major,https://www.devb.gov.hk/en/publications_and_press_releases/press/index_id_9537.html | raw/2017-2018/INLANDLOTNO9051__result.pdf,https://www.devb.gov.hk/en/publications_and_press_releases/press/index_id_9537.html | raw/2017-2018/INLANDLOTNO9051__result.pdf,,,,,,,,,,No consent,
2017-2018,16/05/2017,tender,NEW KOWLOON INLAND LOT NO. 6567,"KAI TAK AREA 1K SITE 1, KOWLOON",RESIDENTIAL R1,residential,9721,7230,,high,UPPER RIVERBANK,11 MUK TAI STREET,NEW KOWLOON INLAND LOT NO. 6567,16,Fancy Excellent Limited (KWG Property Holding Limited and Longfor Properties Co. Ltd.),"(1) Abacus Win Limited (Vanke Property (Hong Kong) Company Limited);<br/>(2) Ace Alliance Development Limited;<br/>(3) Asset Capital Limited (Sun Hung Kai Properties Limited);<br/>(4) Excel Top Development Limited (China Overseas Land & Investment Limited, Sino Land Company Limited and S E A Holdings Limited);<br/>(5) Great Rainbow Investments Limited (Cheung Kong Property Holdings Limited);<br/>(6) Handy Solution Limited (Wheelock Properties Limited);<br/>(7) Juliyam Limited (Henderson Land Development Company Limited);<br/>(8) Kayson Limited (New World Development Company Limited and China Merchants Properties Development Limited);<br/>(9) Mazy Asia Limited (K. Wah International Holdings Limited);<br/>(10) Metro Jumbo Limited (Emperor International Holdings Limited and Grand Ming Group Holdings Limited);<br/>(11) Popular Express Limited (Chime Corporation Limited);<br/>(12) Shum King Company Limited (Profit City Global Limited and Medos Limited);<br/>(13) Smart Source Management Limited (Kingboard Property Development (HK) Company Limited);<br/>(14) Sunny Hill Enterprises Limited (China Resources Land Limited); and <br/>(15) Virtue High (Hong Kong) Limited (Logan Property Holdings Company Limited). | N.A. | N.A.",22.32804328,114.1989219,govt-led,FY rule: Application List abolished Feb 2013; all sales government-initiated,KWG Property Holding Limited and Longfor Properties Co. Ltd.,53465,sq m,12563,HK$/sq ft,yes,https://www.info.gov.hk/gia/general/201705/16/P2017051600845.htm,,KWG Property + Longfor Properties Co. Ltd,consortium,https://www.info.gov.hk/gia/general/201705/16/P2017051600845.htm | raw/2017-2018/NEWKOWLOONINLANDLOTNO6567__result.pdf,https://www.info.gov.hk/gia/general/201705/16/P2017051600845.htm | raw/2017-2018/NEWKOWLOONINLANDLOTNO6567__result.pdf,https://www.28hse.com/en/estate/detail/upper-river-bank-23150 | raw/2017-2018/NEWKOWLOONINLANDLOTNO6567__devname.pdf,,,,,https://www.legco.gov.hk/research-publications/english/essentials-2022ise09-regulation-on-minimum-home-size-in-london.htm,inferred-N,Upper RiverBank,APPROVAL OF DEED OF MUTUAL COVENANT AND MANAGEMENT AGREEMENT | CONSENT TO SELL FOR RESIDENTIAL DEVELOPMENT | FANCY EXCELLENT LIMITED,Named development,30-Aug-19
2017-2018,31/05/2017,tender,NEW KOWLOON INLAND LOT NO. 6556,"KAI TAK AREA 1F SITE 2, KOWLOON",COMMERCIAL / HOTEL,hotel_mixed,19044,24600.99899,,high,,,NEW KOWLOON INLAND LOT NO. 6556,12,Rich Union Development Limited (Nan Fung Development Limited),"(1)   Art Champion Investment Limited (Cheung Kong Property Holdings Limited);<br/>(2)   Asia Profit Development Limited (China Overseas Land & Investment Limited);<br/>(3)   Castle Energy Limited (Chime Corporation Limited);<br/>(4)   Century Opal Limited (Sun Hung Kai Properties Limited);<br/>(5)   Harbour City Estates Limited (The Wharf (Holdings) Limited);<br/>(6)   Juliyam Limited (Henderson Land Development Company Limited);<br/>(7)   Profit Realty Development Limited (Billion Real Estate Holdings Limited);<br/>(8)   Strong Fort Global Limited;<br/>(9)   Sunrise Treasure Limited (Sky Dynamic Ventures Limited);<br/>(10) Welly Step Limited (Chinese Estates Holdings Limited); and <br/>(11) World Focus Development Limited (Sino Land Company Limited, Shimao Property Holdings Limited, Lifestyle International Holdings Limited and New World Development Company Limited). | N.A. | N.A.",22.33092248,114.1981403,govt-led,FY rule: Application List abolished Feb 2013; all sales government-initiated,Nan Fung Development Limited,177670,sq m,12864,HK$/sq ft,yes,https://www.info.gov.hk/gia/general/201705/31/P2017053100784.htm,"Max GFA includes govt accommodation, PTI and underground shopping street",Nan Fung,local_major,https://www.info.gov.hk/gia/general/201705/31/P2017053100784.htm | raw/2017-2018/NEWKOWLOONINLANDLOTNO6556__result.pdf,https://www.info.gov.hk/gia/general/201705/31/P2017053100784.htm | raw/2017-2018/NEWKOWLOONINLANDLOTNO6556__result.pdf,,,,,,,,AIRSIDE,APPROVAL OF DEED OF MUTUAL COVENANT AND MANAGEMENT AGREEMENT,Named development,
2017-2018,21/06/2017,tender,TUEN MUN TOWN LOT NO. 520,"KWUN CHUI ROAD, AREA 56, TUEN MUN, NEW TERRITORIES",RESIDENTIAL R2,residential,12205,3168.888889,,high,MORI,18 KWUN CHUI ROAD,TUEN MUN TOWN LOT NO. 520,10,Shum King Company Limited (Profit City Global Limited and Medos Limited),(1) Best Wealth Limited (Vanke Property (Overseas) Limited);<br/>(2) Cheerful United Limited (Chevalier International Holdings Limited and Wang On Properties Limited);<br/>(3) Cosmic Fortune Limited (Wheelock Properties Limited);<br/>(4) Fortune Master Investments Limited (Regal Hotels International Holdings Limited);<br/>(5) Great Rainbow Investments Limited (Cheung Kong Property Holdings Limited);<br/>(6) Juliyam Limited (Henderson Land Development Company Limited);<br/>(7) Pacific Asia Limited (Sino Land Company Limited and Shimao Property Holdings Limited);<br/>(8) Tin Wah International Limited (K. Wah International Holdings Limited); and <br/>(9) Winner Harvest Limited (Sun Hung Kai Properties Limited). | N.A. | N.A.,22.37353826,114.0010421,govt-led,FY rule: Application List abolished Feb 2013; all sales government-initiated,Profit City Global Limited and Medos Limited,43938,sq m,6700,HK$/sq ft,yes,https://www.info.gov.hk/gia/general/201706/21/P2017062100816.htm,Beneficial owners Road King and Shenzhen Investment,Profit City Global Limited + Medos Limited,consortium,https://www.info.gov.hk/gia/general/201706/21/P2017062100816.htm | raw/2017-2018/TUENMUNTOWNLOTNO520__result.pdf,https://www.info.gov.hk/gia/general/201706/21/P2017062100816.htm | raw/2017-2018/TUENMUNTOWNLOTNO520__result.pdf,https://hk.centanet.com/info/en/new-property/Tuen-Mun/MORI/2055 | raw/2017-2018/TUENMUNTOWNLOTNO520__devname.pdf,,,,,https://www.legco.gov.hk/research-publications/english/essentials-2022ise09-regulation-on-minimum-home-size-in-london.htm,inferred-N,MORI,APPROVAL OF DEED OF MUTUAL COVENANT AND MANAGEMENT AGREEMENT | CONSENT TO SELL FOR RESIDENTIAL DEVELOPMENT | SHUM KING COMPANY LIMITED,Named development,5-Jul-23
2017-2018,21/07/2017,tender,SHA TIN TOWN LOT NO. 611,"WHITEHEAD, MA ON SHAN, SHA TIN, NEW TERRITORIES",RESIDENTIAL R3,residential,4620,1383,,high,SILVERSANDS,8 YIU SHA ROAD,SHA TIN TOWN LOT NO. 611,30,Pacific Asia Limited (Sino Land Company Limited),"(1) Best Wealth Limited (Vanke Property (Overseas) Limited);<br/>(2) Bright Vision International Limited (CITIC Pacific Limited);<br/>(3) Century Link Investments Limited (Wang On Properties Limited);<br/>(4) Century Opal Limited (Sun Hung Kai Properties Limited);<br/>(5) Champion Creator Limited (Minmetals Land Limited);<br/>(6) Conford Investments Limited (Cheung Kong Property Holdings Limited);<br/>(7) Cosmic Fortune Limited (Wheelock Properties Limited);<br/>(8) Dragon Star H.K. Investments Limited (K. Wah International Holdings Limited);<br/>(9) Ease Success Limited (Great Eagle Holdings Limited);<br/>(10) Empire Chariot Holdings Limited (Empire Development Hong Kong Limited);<br/>(11) Even Wise Limited (Kerry Properties Limited);<br/>(12) Fine Time Development Limited (Hong Kong Ferry (Holdings) Company Limited);<br/>(13) Fortune Master Investments Limited (Regal Hotels International Holdings Limited);<br/>(14) Golden United Development Limited (Leap Up Investments Limited);<br/>(15) Good Hour International Limited (China Resources Land Limited);<br/>(16) Guo Xiang Property Co., Limited;<br/>(17) Luck Huge Limited;<br/>(18) Lucky Gain Holdings Limited (China Aoyuan Property Group Limited);<br/>(19) Maxjet Company Limited (China Overseas Land & Investment Limited);<br/>(20) One Gold Investment Limited (K&K Property Holdings Limited);<br/>(21) Regal Galaxy Investment Limited (Treasure Dynasty Investments Limited);<br/>(22) Skillful Enterprises Limited (L'Avenue Projects Limited);<br/>(23) Sky Bloom Investment Limited (S E A Holdings Limited);<br/>(24) Sky Value Investment Limited (Hysan Development Company Limited);<br/>(25) Talent Way Investment Limited (Emperor International Holdings Limited and Grand Ming Group Holdings Limited);<br/>(26) Turbo Century Limited (Far East Consortium International Limited);<br/>(27) Wah Lung Property (Hong Kong) Limited (Huafa Industrial (HK) Limited);<br/>(28) Whole Brand Limited (Shimao Property Holdings Limited); and<br/>(29) Wisdom Sign Limited (Wing Tai Properties Limited). | N.A. | N.A.",22.43383386,114.2441288,govt-led,FY rule: Application List abolished Feb 2013; all sales government-initiated,Sino Land Company Limited,11088,sq m,11588,HK$/sq ft,yes,https://www.info.gov.hk/gia/general/201707/21/P2017072100655.htm,,Sino Land,local_major,https://www.info.gov.hk/gia/general/201707/21/P2017072100655.htm | raw/2017-2018/SHATINTOWNLOTNO611__winner.pdf,https://www.info.gov.hk/gia/general/201707/21/P2017072100655.htm | raw/2017-2018/SHATINTOWNLOTNO611__winner.pdf,https://www.scmp.com/presented/property/topics/sino-silversands/article/3121221/silversands-offers-luxury-low-density | raw/2017-2018/SHATINTOWNLOTNO611__devname.pdf,match,,,,https://www.legco.gov.hk/research-publications/english/essentials-2022ise09-regulation-on-minimum-home-size-in-london.htm,inferred-N,Silversands,APPROVAL OF DEED OF MUTUAL COVENANT AND MANAGEMENT AGREEMENT | CONSENT TO SELL FOR RESIDENTIAL DEVELOPMENT | PACIFIC ASIA LIMITED,Named development,28-Dec-20
2017-2018,16/08/2017,tender,NEW KOWLOON INLAND LOT NO. 6572,"JUNCTION OF WING HONG STREET, YU CHAU WEST STREET AND WING MING STREET, CHEUNG SHA WAN, KOWLOON",BUSINESS,commercial,2873,2967.48,,high,,,NEW KOWLOON INLAND LOT NO. 6572,9,Bonson Holdings Limited (New World Development Company Limited),(1) Asia Mark Limited (Sino Land Company Limited);<br/>(2) Charm Step Development Limited (Fast Forward Global Limited);<br/>(3) Fedder Limited (Sun Hung Kai Properties Limited);<br/>(4) One Gold Investment Limited (K&K Property Holdings Limited);<br/>(5) Profit Realty Development Limited (Billion Real Estate Holdings Limited);<br/>(6) Treasure King Investment Limited (Cheung Kong Property Holdings Limited);<br/>(7) Tristar Capital Limited (Wheelock Properties Limited); and <br/>(8) Well Growth Holdings Limited (S E A Holdings Limited). | N.A. | N.A.,22.33993351,114.1505188,govt-led,FY rule: Application List abolished Feb 2013; all sales government-initiated,New World Development Company Limited,34476,sq m,7997,HK$/sq ft,yes,https://www.info.gov.hk/gia/general/201708/16/P2017081600704.htm,,New World Development,local_major,https://www.info.gov.hk/gia/general/201708/16/P2017081600704.htm | raw/2017-2018/NEWKOWLOONINLANDLOTNO6572__result.pdf,https://www.info.gov.hk/gia/general/201708/16/P2017081600704.htm | raw/2017-2018/NEWKOWLOONINLANDLOTNO6572__result.pdf,,,,,,,,83 Wing Hong Street,APPROVAL OF DEED OF MUTUAL COVENANT AND MANAGEMENT AGREEMENT | BONSON HOLDINGS LIMITED | CONSENT TO SELL FOR NON-RESIDENTIAL DEVELOPMENT,Named development,31-Dec-23
2017-2018,16/08/2017,tender,LOT NO. 763 IN DEMARCATION DISTRICT NO. 332 LANTAU,"CHEUNG SHA, LANTAU ISLAND, NEW TERRITORIES",RESIDENTIAL R4,residential,2480,210,,high,THE ARCANA,38 CHEUNG SHA,LOT NO. 763 IN DEMARCATION DISTRICT NO. 332 LANTAU,9,Golden United Development Limited (Leap Up Investments Limited),(1) Asia Bright Development Limited (Sino Land Company Limited);<br/>(2) Cosmic Fortune Limited (Wheelock Properties Limited);<br/>(3) Dragon Star H.K. Investments Limited (K. Wah Properties (Holdings) Limited);<br/>(4) Happy Land Corporation Limited (Emperor International Holdings Limited);<br/>(5) Li Wo Properties Investments Company Limited;<br/>(6) Moral Smart Capital Investment Limited (Gemini Investments (Holdings) Limited);<br/>(7) Regal Wise Holdings Limited (Far East Consortium International Limited); and <br/>(8) Time Fort Limited (K&K Property Holdings Limited). | N.A. | N.A.,22.23385569,113.9614313,govt-led,FY rule: Application List abolished Feb 2013; all sales government-initiated,Leap Up Investments Limited,992,sq m,19667,HK$/sq ft,yes,https://www.info.gov.hk/gia/general/201708/16/P2017081600704.htm,,Leap Up Investments Limited,other,https://www.info.gov.hk/gia/general/201708/16/P2017081600704.htm | raw/2017-2018/LOTNO763INDEMARCATIONDISTRICTNO332LANTAU__result.pdf,https://www.info.gov.hk/gia/general/201708/16/P2017081600704.htm | raw/2017-2018/LOTNO763INDEMARCATIONDISTRICTNO332LANTAU__result.pdf,https://www.28hse.com/en/estate/detail/the-arcana-28733 | raw/2017-2018/LOTNO763INDEMARCATIONDISTRICTNO332LANTAU__devname.pdf,,,,,https://www.legco.gov.hk/research-publications/english/essentials-2022ise09-regulation-on-minimum-home-size-in-london.htm,inferred-N,The Arcana,APPROVAL OF DEED OF MUTUAL COVENANT AND MANAGEMENT AGREEMENT | CONSENT TO SELL FOR RESIDENTIAL DEVELOPMENT | GOLDEN UNITED DEVELOPMENT LIMITED,Named development,25-Nov-21
2017-2018,12/9/2017,tender,PO TOWN LOT NO. 231,"YAT YIU AVENUE, TAI PO KAU, TAI PO, NEW TERRITORIES P. 1",RESIDENTIAL R3,residential,7660,323,,high,,,,,Manifold Limited,,,,govt-led,FY rule: Application List abolished Feb 2013; all sales government-initiated,Manhattan Realty Limited,5450,sq m,5506,HK$/sq ft,yes,https://www.info.gov.hk/gia/general/201709/12/P2017091200767.htm,CSV lot truncated; actual lot is Tai Po Town Lot No. 231. Parent per S&P/news; not stated in press release,Manhattan Group,local_minor,https://www.info.gov.hk/gia/general/201709/12/P2017091200767.htm | raw/2017-2018/POTOWNLOTNO231__result.pdf,https://www.info.gov.hk/gia/general/201709/12/P2017091200767.htm | raw/2017-2018/POTOWNLOTNO231__result.pdf,,,,,,https://www.legco.gov.hk/research-publications/english/essentials-2022ise09-regulation-on-minimum-home-size-in-london.htm,inferred-N,,,No consent,
2017-2018,30/10/2017,tender,NEW KOWLOON INLAND LOT NO. 6550,"OFF HING WAH STREET WEST, CHEUNG SHA WAN, KOWLOON",HOTEL,hotel,4880,5060,,high,,,NEW KOWLOON INLAND LOT NO. 6550,10,Fedder Limited (Sun Hung Kai Properties Limited),(1) Art Champion Investment Limited (CK Asset Holdings Limited);<br/>(2) Fortune Master Investments Limited (Regal Hotels International Holdings Limited);<br/>(3) Juliyam Limited (Henderson Land Development Company Limited);<br/>(4) Lucky Victory Limited (Sino Land Company Limited);<br/>(5) One Gold Investment Limited (K&K Property Holdings Limited);<br/>(6) Shiny Leading Limited (Far East Consortium International Limited);<br/>(7) Shun Ho Technology Holdings Limited (Babenna Limited);<br/>(8) Sunny Global Development Limited (Billion Real Estate Holdings Limited); and <br/>(9) Supreme Success Investments Limited (Stanford Hotels Enterprises Limited). | N.A. | N.A.,22.32665793,114.1493711,govt-led,FY rule: Application List abolished Feb 2013; all sales government-initiated,Sun Hung Kai Properties Limited,34770,sq m,13520,HK$/sq ft,yes,https://www.info.gov.hk/gia/general/201710/30/P2017103000697.htm,Hotel site; record hotel-site premium,Sun Hung Kai Properties,local_major,https://www.info.gov.hk/gia/general/201710/30/P2017103000697.htm | raw/2017-2018/NEWKOWLOONINLANDLOTNO6550__result.pdf,https://www.info.gov.hk/gia/general/201710/30/P2017103000697.htm | raw/2017-2018/NEWKOWLOONINLANDLOTNO6550__result.pdf,,,,,,,,,,No consent,
2017-2018,15/11/2017,tender,NEW KOWLOON INLAND LOT NO. 6549,"OFF HING WAH STREET WEST, CHEUNG SHA WAN, KOWLOON",RESIDENTIAL R2,residential,19348,17288,,high,GRAND VICTORIA | GRAND VICTORIA,6 LAI YING STREET | 8 LAI YING STREET,NEW KOWLOON INLAND LOT NO. 6549,11,"Sky Asia Properties Limited (Sino Land Company Limited, Shimao Property Holdings Limited, Wheelock Properties Limited, K Wah International Holdings Limited and S E A Holdings Limited)",(1)  Clever Like Limited (Chime Corporation Limited);<br/>(2)  Delta Bridge Limited (Hang Lung Properties Limited);<br/>(3)  Dream Garden Investments Limited (New World Development Company Limited);<br/>(4)  Excel Top Development Limited (China Overseas Land & Investment Limited);<br/>(5)  Great Rainbow Investments Limited (CK Asset Holdings Limited);<br/>(6)  High Crown Holdings Limited (Kerry Properties Limited);<br/>(7)  Juliyam Limited (Henderson Land Development Company Limited);<br/>(8)  Smart Source Management Ltd (Kingboard Property Development (HK) Company Limited);<br/>(9)  Topco (HK) Limited (Sun Hung Kai Properties Limited); and <br/>(10)  Virtue High (Hong Kong) Limited (Logan Property Holdings Company Limited). | N.A. | N.A.,22.32756176,114.1480652,govt-led,FY rule: Application List abolished Feb 2013; all sales government-initiated,"Sino Land Company Limited, Shimao Property Holdings Limited, Wheelock Properties Limited, K. Wah International Holdings Limited and S E A Holdings Limited",91770,sq m,17501,HK$/sq ft,yes,https://www.info.gov.hk/gia/general/201711/15/P2017111500700.htm,,Sino Land + Shimao + Wheelock/Wharf + K. Wah International + SEA Holdings,consortium,https://www.info.gov.hk/gia/general/201711/15/P2017111500700.htm | raw/2017-2018/NEWKOWLOONINLANDLOTNO6549__result.pdf,https://www.info.gov.hk/gia/general/201711/15/P2017111500700.htm | raw/2017-2018/NEWKOWLOONINLANDLOTNO6549__result.pdf,https://hk.centanet.com/info/en/new-property/South-West-Kowloon/GRAND-VICTORIA-I/1827 | raw/2017-2018/NEWKOWLOONINLANDLOTNO6549__devname.pdf,,,,,https://www.legco.gov.hk/research-publications/english/essentials-2022ise09-regulation-on-minimum-home-size-in-london.htm,inferred-N,Grand Victoria | Grand Victoria (Phase 1) | Grand Victoria (Phase 2) | Grand Victoria (Phase 3) | Grand Victoria I | Grand Victoria II | Grand Victoria III,APPROVAL OF DEED OF MUTUAL COVENANT AND MANAGEMENT AGREEMENT | APPROVAL OF SUB-DEED OF MUTUAL COVENANT AND MANAGEMENT AGREEMENT | CONSENT TO ASSIGN FOR RESIDENTIAL DEVELOPMENT | CONSENT TO SELL FOR RESIDENTIAL DEVELOPMENT | SKY ASIA PROPERTIES LIMITED,Named development,18-Feb-21
2017-2018,28/12/2017,tender,FANLING SHEUNG SHUI TOWN LOT NO. 270,"SAN LOK STREET, SHEUNG SHUI, NEW TERRITORIES",RESIDENTIAL R2,residential,200.7,131.3,,high,ARTIQUE,38 SAN LOK STREET,FANLING SHEUNG SHUI TOWN LOT NO. 270,19,Force Castle Limited (Tai Hung Fai Group Holdings Limited),(1) Big Profit Capital Investment Limited;<br/>(2) Brave Riders Limited (Milestone Builder Holdings Limited);<br/>(3) Chevalier Shop Limited (Chevalier International Holdings Limited);<br/>(4) Dragon Topper Development Limited (Pacific Worth Limited);<br/>(5) Eurosia Holdings (Development) Limited;<br/>(6) Evergreen Collection Limited (Peterson Holdings Company Limited);<br/>(7) Full World (Hong Kong) Limited;<br/>(8) General Smart Limited;<br/>(9) Goldfort Corporation Limited;<br/>(10) Joint Nice Corporation Limited (Fortune Peace Holdings Limited);<br/>(11) Metal Place Company Limited;<br/>(12) Noble Trade Limited;<br/>(13) One Gold Investment Limited (K&K Property Holdings Limited);<br/>(14) Sky Base Properties Limited (Sino Land Company Limited);<br/>(15) Talent Way Investment Limited (Emperor International Holdings Limited);<br/>(16) Tin Wah International Limited (K. Wah Properties (Holdings) Limited);<br/>(17) Trend Nice Corporation Limited (HK JEBN Assets Management Limited); and <br/>(18) United Horizon Limited (Wang On Properties Limited). | N.A. | N.A.,22.50331373,114.1284479,govt-led,FY rule: Application List abolished Feb 2013; all sales government-initiated,Tai Hung Fai Group Holdings Limited,866,sq m,14086,HK$/sq ft,yes,https://www.info.gov.hk/gia/general/201712/28/P2017122800727.htm,,Tai Hung Fai Group Holdings Limited,other,https://www.info.gov.hk/gia/general/201712/28/P2017122800727.htm | raw/2017-2018/FANLINGSHEUNGSHUITOWNLOTNO270__result.pdf,https://www.info.gov.hk/gia/general/201712/28/P2017122800727.htm | raw/2017-2018/FANLINGSHEUNGSHUITOWNLOTNO270__result.pdf,https://hk.centanet.com/estate/en/Artique/2-BDPPWWPEWS | raw/2017-2018/FANLINGSHEUNGSHUITOWNLOTNO270__devname.pdf,,,,,https://www.legco.gov.hk/research-publications/english/essentials-2022ise09-regulation-on-minimum-home-size-in-london.htm,inferred-N,Artique,APPROVAL OF DEED OF MUTUAL COVENANT AND MANAGEMENT AGREEMENT,Named development,
2017-2018,3/1/2018,tender,TSUEN WAN TOWN LOT NO. 428,"MA KOK STREET, TSUEN WAN, NEW TERRITORIES",INDUSTRIAL,industrial,1972.9,725.8,,high,,,TSUEN WAN TOWN LOT NO. 428,10,Capital Way (H.K.) Limited (SUNeVision Holdings Ltd),(1) Action Fulfilled Assets Limited (Far East Consortium International Limited);<br/>(2) Boundless Investments Limited (K&K Property Holdings Limited);<br/>(3) Cheer Honour Investment Limited (Triple Bonus Limited);<br/>(4) Danford Development Limited (Sino Land Company Limited);<br/>(5) Dragon Star H.K. Investments Limited (K. Wah International Holdings Limited);<br/>(6) Joy Wide Asia Investment Limited (Rosy Unicorn Limited);<br/>(7) Smart Base Holdings Limited (Paliburg Holdings Limited and Regal Hotels International Holdings Limited);<br/>(8) Smart Benefit Corporation Limited (Emperor International Holdings Limited); and <br/>(9) Tristar Capital Limited (Wheelock Properties Limited). | N.A. | N.A.,22.36513488,114.1190386,govt-led,FY rule: Application List abolished Feb 2013; all sales government-initiated,SUNeVision Holdings Ltd,18742,sq m,3598,HK$/sq ft,yes,https://www.info.gov.hk/gia/general/201801/03/P2018010300677.htm,,SUNeVision,non_property,https://www.info.gov.hk/gia/general/201801/03/P2018010300677.htm | raw/2017-2018/TSUENWANTOWNLOTNO428__result.pdf,https://www.info.gov.hk/gia/general/201801/03/P2018010300677.htm | raw/2017-2018/TSUENWANTOWNLOTNO428__result.pdf,,,,,,,,,,No consent,
2017-2018,16/01/2018,tender,NEW KOWLOON INLAND LOT NO. 6579,"JUNCTION OF LUNG CHEUNG ROAD AND LION ROCK TUNNEL ROAD, KOWLOON TONG, KOWLOON",RESIDENTIAL R2,residential,11262,12451,,high,THE MONET,8 LUNG TING LANE,NEW KOWLOON INLAND LOT NO. 6579,10,Alpha Pioneer Limited (The Wharf (Holdings) Limited),"(1) Art Champion Investment Limited (CK Asset Holdings Limited);<br/>(2) Avion Investment Limited (Henderson Land Development Company Limited);<br/>(3) Dream Garden Investments Limited (New World Development Company Limited, China Overseas Land & Investment Limited, Sino Land Company Limited and Far East Consortium International Limited);<br/>(4) Ease Success Limited (Great Eagle Holdings Limited);<br/>(5) Even Wise Limited (Kerry Properties Limited);<br/>(6) Fame Well Creation Limited (China Resources Land Limited);<br/>(7) HLP Asia Limited (Hang Lung Properties Limited);<br/>(8) Tin Wah International Limited (K. Wah International Holdings Limited); and <br/>(9) Topco (HK) Limited (Sun Hung Kai Properties Limited). | N.A. | N.A.",22.34475657,114.1804228,govt-led,FY rule: Application List abolished Feb 2013; all sales government-initiated,The Wharf (Holdings) Limited,40543,sq m,28531,HK$/sq ft,yes,https://www.info.gov.hk/gia/general/201801/16/P2018011600697.htm,,Wheelock/Wharf,local_major,https://www.info.gov.hk/gia/general/201801/16/P2018011600697.htm | raw/2017-2018/NEWKOWLOONINLANDLOTNO6579__result.pdf,https://www.info.gov.hk/gia/general/201801/16/P2018011600697.htm | raw/2017-2018/NEWKOWLOONINLANDLOTNO6579__result.pdf,https://www.themonet.com.hk/ | raw/2017-2018/NEWKOWLOONINLANDLOTNO6579__devname.pdf,,,,,https://www.legco.gov.hk/research-publications/english/essentials-2022ise09-regulation-on-minimum-home-size-in-london.htm,inferred-N,8 Lung Ting Lane | 8 Lung Ting Lane (Phase 1) | 8 Lung Ting Lane (Phase 2) | 8 Lung Ting Lane (Phase 3) | Pending (Phase 1) | Pending (Phase 2) | Pending (Phase 3),ALPHA PIONEER LIMITED | APPROVAL OF DEED OF MUTUAL COVENANT AND MANAGEMENT AGREEMENT | CONSENT TO ASSIGN FOR RESIDENTIAL DEVELOPMENT | CONSENT TO SELL FOR RESIDENTIAL DEVELOPMENT,Named development,6 November 2024 | Wharf Finance Limited
2017-2018,24/01/2018,tender,LOT NO. 1068 IN SURVEY DISTRICT NO. 3,"OFF ANDERSON ROAD, KWUN TONG, KOWLOON",RESIDENTIAL R2,residential,5354,3112.8,,high,MOUNT ANDERSON,23 ON HEI STREET,LOT NO. 1068 IN SURVEY DISTRICT NO. 3,25,Clever Like Limited (Chime Corporation Limited),(1) Action Fulfilled Assets Limited (Far East Consortium International Limited);<br/>(2) Best Wealth Limited (Vanke Property (Overseas) Limited);<br/>(3) Boundless Investments Limited (K&K Property Holdings Limited);<br/>(4) Champion Creator Limited (Minmetals Land Limited);<br/>(5) Cosmic Fortune Limited (Wheelock Properties Limited);<br/>(6) Crown Gain Investments Limited (CK Asset Holdings Limited);<br/>(7) Dragon Star H.K. Investments Limited (K. Wah International Holdings Limited);<br/>(8) Even Wise Limited (Kerry Properties Limited);<br/>(9) Fair Opal Limited (Sun Hung Kai Properties Limited);<br/>(10) Fortune Master Investments Limited (Regal Hotels International Holdings Limited);<br/>(11) Gainplace Limited (Swank Bay Limited);<br/>(12) Gold Essence Limited (Glory Filed Investment Limited);<br/>(13) Gold Prosperity Limited (Chuang's Consortium International Limited);<br/>(14) Grand Build Development Limited (Grand Ming Group Holdings Limited);<br/>(15) Juliyam Limited (Henderson Land Development Company Limited);<br/>(16) Keysford 1 Limited (Chevalier International Holdings Limited);<br/>(17) Macfull Limited (China Overseas Land & Investment Limited);<br/>(18) New Synergy Limited (New World Development Company Limited);<br/>(19) Rainbow Legend Limited (New Explorer Investments Limited);<br/>(20) Richmen Development Limited (Billion Real Estate Holdings Limited);<br/>(21) Sky Base Properties Limited (Sino Land Company Limited);<br/>(22) Smart Benefit Corporation Limited (Emperor International Holdings Limited);<br/>(23) United Horizon Limited (Kam Wah Properties Limited and Wang On Properties Limited); and <br/>(24) Wealth Start Development Limited (Tai Cheung Holdings Limited). | N.A. | N.A.,22.32857446,114.2333134,govt-led,FY rule: Application List abolished Feb 2013; all sales government-initiated,Chime Corporation Limited,24093,sq m,12003,HK$/sq ft,yes,https://www.info.gov.hk/gia/general/201801/24/P2018012400772.htm,Chinachem Group,Chinachem,local_major,https://www.info.gov.hk/gia/general/201801/24/P2018012400772.htm | raw/2017-2018/LOTNO1068INSURVEYDISTRICTNO3__result.pdf,https://www.info.gov.hk/gia/general/201801/24/P2018012400772.htm | raw/2017-2018/LOTNO1068INSURVEYDISTRICTNO3__result.pdf,https://www.mountanderson.com.hk/en/ | raw/2017-2018/LOTNO1068INSURVEYDISTRICTNO3__devname.pdf,,,,,https://www.info.gov.hk/gia/general/201801/24/P2018012400769.htm,verified,Mount Anderson,APPROVAL OF DEED OF MUTUAL COVENANT AND MANAGEMENT AGREEMENT | CLEVER LIKE LIMITED | CONSENT TO SELL FOR RESIDENTIAL DEVELOPMENT,Named development,26-Nov-20
2017-2018,7/3/2018,tender,TUEN MUN TOWN LOT NO. 540,"AREA 30A, SAN TAK STREET, TUEN MUN, NEW TERRITORIES",PETROL FILLING STATION,petrol_or_ev,810,571.105008,,high,,,TUEN MUN TOWN LOT NO. 540,5,Shell Hong Kong Limited,(1) Chevron Hong Kong Limited;<br/>(2) ExxonMobil Hong Kong Limited;<br/>(3) PetroChina International (Hong Kong) Corporation Limited; and <br/>(4) Sinopec (Hong Kong) Limited (Sinopec Marketing Company Limited). | N.A. | N.A.,22.40173169,113.9770485,govt-led,FY rule: Application List abolished Feb 2013; all sales government-initiated,,,,,,,https://www.landsd.gov.hk/doc/en/landsale/records/2017-2018.pdf,Petrol filling station (March 2018); award press release not located. PFS sites have no GFA.,,,,https://www.landsd.gov.hk/doc/en/landsale/records/2017-2018.pdf | raw/2017-2018/TUENMUNTOWNLOTNO540__consent.pdf,,,,,,,,,,No consent,
2017-2018,7/3/2018,tender,KWAI CHUNG TOWN LOT NO. 528,"99 CASTLE PEAK ROAD â€“ KWAI CHUNG, KWAI CHUNG, NEW TERRITORIES",PETROL FILLING STATION,petrol_or_ev,1151,180.386,,high,,,KWAI CHUNG TOWN LOT NO. 528,4,ExxonMobil Hong Kong Limited,(1) PetroChina International (Hong Kong) Corporation Limited;<br/>(2) Shell Hong Kong Limited; and <br/>(3) Sinopec (Hong Kong) Limited (Sinopec Marketing Company Limited). | N.A. | N.A.,22.35024013,114.132877,govt-led,FY rule: Application List abolished Feb 2013; all sales government-initiated,,,,,,,https://www.landsd.gov.hk/doc/en/landsale/records/2017-2018.pdf,Petrol filling station (March 2018); award press release not located. PFS sites have no GFA.,,,,https://www.landsd.gov.hk/doc/en/landsale/records/2017-2018.pdf | raw/2017-2018/KWAICHUNGTOWNLOTNO528__consent.pdf,,,,,,,,,,No consent,
2017-2018,7/3/2018,tender,SHA TIN TOWN LOT NO. 622,"YUEN ON STREET, SHA TIN, NEW TERRITORIES P. 2",PETROL FILLING STATION,petrol_or_ev,1248,289.09,,high,,,SHA TIN TOWN LOT NO. 622,4,Sinopec (Hong Kong) Limited (Sinopec Marketing Company Limited),(1) Chevron Hong Kong Limited;<br/>(2) ExxonMobil Hong Kong Limited; and <br/>(3) PetroChina International (Hong Kong) Corporation Limited. | N.A. | N.A.,22.38196275,114.2073147,govt-led,FY rule: Application List abolished Feb 2013; all sales government-initiated,,,,,,,https://www.landsd.gov.hk/doc/en/landsale/records/2017-2018.pdf,Petrol filling station (March 2018); award press release not located. PFS sites have no GFA.,,,,https://www.landsd.gov.hk/doc/en/landsale/records/2017-2018.pdf | raw/2017-2018/SHATINTOWNLOTNO622__consent.pdf,,,,,,,,,,No consent,
2018-2019,11/4/2018,tender,TSING YI TOWN LOT NO. 192,"JUNCTION OF LIU TO ROAD AND HANG MEI STREET, TSING YI, NEW TERRITORIES",RESIDENTIAL R1,residential,1335.6,867.3,,high,THE MET. AZURE,8 LIU TO ROAD,TSING YI TOWN LOT NO. 192,25,Newex Limited (Wang On Properties Limited),(1) Asiafame Investment Limited (Precious Spring Limited);<br/>(2) Cosmic Fortune Limited (Wheelock Properties Limited);<br/>(3) Crown Gain Investments Limited (CK Asset Holdings Limited);<br/>(4) Danford Development Limited (Sino Land Company Limited);<br/>(5) Dragon Star H.K. Investments Limited (K. Wah International Holdings Limited);<br/>(6) Faith Support Limited (Sino-Ocean Land (Hong Kong) Limited);<br/>(7) Fame Top International Investment Limited;<br/>(8) Fine Time Development Limited (Hong Kong Ferry (Holdings) Company Limited);<br/>(9) Grand Build Development Limited (Grand Ming Group Holdings Limited);<br/>(10) Great Oscar Development Limited (Top Spring International Holdings Limited and Asia Allied Infrastructure Holdings Limited);<br/>(11) Happy Land Corporation Limited (Emperor International Holdings Limited);<br/>(12) Joy Wide Asia Investment Limited (Rosy Unicorn Limited);<br/>(13) Macfull Limited (China Overseas Land & Investment Limited);<br/>(14) One Gold Investment Limited (K&K Property Holdings Limited);<br/>(15) Perfect Horizon Holdings Limited (Empire Development Hong Kong Limited);<br/>(16) Power Ample Limited (Chevalier International Holdings Limited);<br/>(17) Rainbow Legend Limited (New Explorer Investments Limited);<br/>(18) Regal Galaxy Investment Limited (Treasure Dynasty Investments Limited);<br/>(19) Silver Unicorn Global Limited (Country Garden Holdings Company Limited);<br/>(20) Smart Base Holdings Limited (Paliburg Holdings Limited and Regal Hotels International Holdings Limited);<br/>(21) Sovereign Land Company Limited (Far East Consortium International Limited);<br/>(22) Well Choice Limited;<br/>(23) White Peace Limited (CSI Properties Limited); and <br/>(24) Wiz Range Group Limited (Tai Hung Fai Group Holdings Limited). | N.A. | N.A.,22.35763335,114.0967113,govt-led,FY rule: Application List abolished Feb 2013; all sales government-initiated,Wang On Properties Limited,7432,sq m,10842,HK$/sq ft,yes,https://www.info.gov.hk/gia/general/201804/11/P2018041100788.htm,"Max GFA approx 80,000 sq ft (7,432 sq m) per developer; press release states minimum GFA 5,431 sq m, max per Conditions of Sale.",Wang On,local_minor,https://www.info.gov.hk/gia/general/201804/11/P2018041100788.htm | raw/2018-2019/TSINGYITOWNLOTNO192__result.pdf,https://www.info.gov.hk/gia/general/201804/11/P2018041100788.htm | raw/2018-2019/TSINGYITOWNLOTNO192__result.pdf,https://www.woproperties.com/en/business/detail.php?id=32 | raw/2018-2019/TSINGYITOWNLOTNO192__devname.pdf,unverified,,,,https://www.legco.gov.hk/research-publications/english/essentials-2022ise09-regulation-on-minimum-home-size-in-london.htm,inferred-N,The Metï¼ŽAzure,APPROVAL OF DEED OF MUTUAL COVENANT AND MANAGEMENT AGREEMENT | CONSENT TO SELL FOR RESIDENTIAL DEVELOPMENT | NEWEX LIMITED,Named development,23-Jul-21
2018-2019,2/5/2018,tender,TUEN MUN TOWN LOT NO. 544,"SIU LANG SHUI ROAD, AREA 49, TUEN MUN, NEW TERRITORIES",LOGISTICS DEVELOPMENT PURPOSES,logistics,31667,2750.888888,,high,,,TUEN MUN TOWN LOT NO. 544,5,Westlink Investments (Goodman HK Investments),(1) Danford Development Limited (Sino Land Company Limited);<br/>(2) First Fair Limited (Sun Hung Kai Properties Limited);<br/>(3) Mapletree TM (HKSAR) Limited (Mapletree Investments Pte Limited); and <br/>(4) TMLC Limited (NWS Ports Management Limited). | N.A. | N.A.,22.37057523,113.9324355,govt-led,FY rule: Application List abolished Feb 2013; all sales government-initiated,Goodman HK Investments,79167.5,sq m,3228,HK$/sq ft,yes,https://www.info.gov.hk/gia/general/201805/02/P2018050200747.htm,"Logistics site; max GFA 79,167.5 sq m.",Goodman,non_property_logistics,https://www.info.gov.hk/gia/general/201805/02/P2018050200747.htm | raw/2018-2019/TUENMUNTOWNLOTNO544__result.pdf,https://www.info.gov.hk/gia/general/201805/02/P2018050200747.htm | raw/2018-2019/TUENMUNTOWNLOTNO544__result.pdf,,,,,,,,,,No consent,
2018-2019,15/05/2018,tender,NEW KOWLOON INLAND LOT NO. 6568,"KAI TAK AREA 1F, SITE 1, KAI TAK, KOWLOON",RESIDENTIAL R1,residential,16556,25161,,high,CULLINAN SKY DEVELOPMENT,10 CONCORDE ROAD,NEW KOWLOON INLAND LOT NO. 6568,5,Super Great Limited (Sun Hung Kai Properties Limited),"(1) City Champion Investments Limited (CK Asset Holdings Limited);<br/>(2) Juliyam Limited (Henderson Land Development Company Limited);<br/>(3) Sky Base Properties Limited (Sino Land Company Limited, Kerry Properties Limited, K. Wah International Holdings Limited and Lifestyle International Holdings Limited); and <br/>(4) Voyage Mile Limited (Wheelock Properties Limited, Chime Corporation Limited, New World Development Company Limited and China Overseas Land & Investment Limited). | N.A. | N.A.",22.33199466,114.1993238,govt-led,FY rule: Application List abolished Feb 2013; all sales government-initiated,Sun Hung Kai Properties Limited,131495,sq m,17777,HK$/sq ft,yes,https://www.info.gov.hk/gia/general/201805/15/P2018051500781.htm,Kai Tak Area 1F Site 1; max GFA incl Government Accommodation.,Sun Hung Kai Properties,local_major,https://www.info.gov.hk/gia/general/201805/15/P2018051500781.htm | raw/2018-2019/NEWKOWLOONINLANDLOTNO6568__result.pdf,https://www.info.gov.hk/gia/general/201805/15/P2018051500781.htm | raw/2018-2019/NEWKOWLOONINLANDLOTNO6568__result.pdf,https://www.shkp.com/Content/Uploads/SHKPQuarterly/2018q2/sc/ebook/26/ | raw/2018-2019/NEWKOWLOONINLANDLOTNO6568__devname.pdf,match,,,,https://www.legco.gov.hk/research-publications/english/essentials-2022ise09-regulation-on-minimum-home-size-in-london.htm,inferred-N,Cullinan Sky Development | Cullinan Sky Development (Phase 1) | Cullinan Sky Development (Phase 2) | Pending (Phase 1) | Pending (Phase 2),APPROVAL OF DEED OF MUTUAL COVENANT AND MANAGEMENT AGREEMENT | APPROVAL OF SUB-DEED OF MUTUAL COVENANT | CONSENT TO ASSIGN FOR RESIDENTIAL DEVELOPMENT | CONSENT TO SELL FOR RESIDENTIAL DEVELOPMENT | SUPER GREAT LIMITED,Named development,11 November 2024 | 14 June 2023
2018-2019,27/06/2018,tender,KWAI CHUNG TOWN LOT NO. 527,"CONTAINER PORT ROAD, KWAI CHUNG, NEW TERRITORIES",PETROL FILLING STATION,petrol_or_ev,1579.2,545.8,,high,,,KWAI CHUNG TOWN LOT NO. 527,4,Sinopec (Hong Kong) Limited (Sinopec Marketing Company Limited),(1) Chevron Hong Kong Limited;<br/>(2) ExxonMobil Hong Kong Limited; and <br/>(3) PetroChina International (Hong Kong) Corporation Limited. | N.A. | N.A.,22.35444992,114.1256747,govt-led,FY rule: Application List abolished Feb 2013; all sales government-initiated,Sinopec Marketing Company Limited,,,,,yes,https://www.info.gov.hk/gia/general/201806/27/P2018062700748.htm,Petrol filling station; no GFA-based accommodation value.,Sinopec,non_property_oil,https://www.info.gov.hk/gia/general/201806/27/P2018062700748.htm | raw/2018-2019/KWAICHUNGTOWNLOTNO527__result.pdf,https://www.info.gov.hk/gia/general/201806/27/P2018062700748.htm | raw/2018-2019/KWAICHUNGTOWNLOTNO527__result.pdf,,,,,,,,,,No consent,
2018-2019,25/07/2018,tender,FANLING SHEUNG SHUI TOWN LOT NO. 267,"ON CHUEN STREET, ON LOK TSUEN, FANLING, NEW TERRITORIES",INDUSTRIAL,industrial,3765,732.9,,high,,,FANLING SHEUNG SHUI TOWN LOT NO. 267,7,Macro Topper Limited (Billion Real Estate Holdings Limited),"(1) Eternal Focus Limited (Sino Land Company Limited);<br/>(2) Juliyam Limited (Henderson Land Development Company Limited);<br/>(3) Pacific Wing Group Limited (Samson Paper Holdings Limited);<br/>(4) Smart Benefit Corporation Limited (Emperor International Holdings Limited);<br/>(5) Tin Wah International Limited (K. Wah Properties (Holdings) Limited); and <br/>(6) Topco (H.K.) Limited (Sun Hung Kai Properties Limited). | (1) $614,000,000<br/>(2) $575,000,000<br/>(3) $518,000,000<br/>(4) $508,000,000<br/>(5) $360,000,000<br/>(6) $122,000,000 | N.A.",22.49632828,114.1455141,govt-led,FY rule: Application List abolished Feb 2013; all sales government-initiated,Billion Real Estate Holdings Limited,18825,sq m,3617,HK$/sq ft,yes,https://www.info.gov.hk/gia/general/201807/25/P2018072500736.htm,"Industrial; max GFA 18,825 sq m (excl public vehicle park).",Billion Development,local_minor,https://www.info.gov.hk/gia/general/201807/25/P2018072500736.htm | raw/2018-2019/FANLINGSHEUNGSHUITOWNLOTNO267__result.pdf,https://www.info.gov.hk/gia/general/201807/25/P2018072500736.htm | raw/2018-2019/FANLINGSHEUNGSHUITOWNLOTNO267__result.pdf,,,,,,,,18 On Chuen Street,CONSENT TO SELL FOR NON-RESIDENTIAL DEVELOPMENT | MACRO TOPPER LIMITED,Named development,30-Jun-22
2018-2019,15/08/2018,tender,NEW KOWLOON INLAND LOT NO. 6593,"KO CHIU ROAD, YAU TONG, KOWLOON",RESIDENTIAL R1,residential,3680,3300,,high,CHILL RESIDENCE,29 KO CHIU ROAD,NEW KOWLOON INLAND LOT NO. 6593,10,Ace Alliance Development Limited,"(1) Avion Investment Limited (Henderson Land Development Company Limited);<br/>(2) Channel First Limited (Sun Hung Kai Properties Limited);<br/>(3) Citypoint Investment Limited (CK Asset Holdings Limited);<br/>(4) Infinite Sun Limited (Wheelock Properties Limited);<br/>(5) Jantix Renewal Development Limited (Jantix Group Holdings Limited);<br/>(6) Kayson Limited (New World Development Company Limited);<br/>(7) One Gold Investment Limited (K&K Property Holdings Limited);<br/>(8) Sky Base Properties Limited (Sino Land Company Limited, China Overseas Land & Investment Limited and Billion Development and Project Management Limited); and <br/>(9) Tin Wah International Limited (K. Wah International Holdings Limited). | (1) $3,288,888,888<br/>(2) $3,282,000,000<br/>(3) $2,640,000,000<br/>(4) $2,588,000,000<br/>(5) $2,250,000,000<br/>(6) $2,085,238,000<br/>(7) $1,978,000,000<br/>(8) $1,800,000,000<br/>(9) $1,180,000,000 | N.A.",22.29602219,114.2419562,govt-led,FY rule: Application List abolished Feb 2013; all sales government-initiated,,33120,sq m,9257,HK$/sq ft,yes,https://www.devb.gov.hk/en/publications_and_press_releases/press/index_id_10087.html,"Ko Chiu Road, Yau Tong (Chill Residence). No parent company stated in press release.",Ace Alliance Development Limited,other,https://www.devb.gov.hk/en/publications_and_press_releases/press/index_id_10087.html | raw/2018-2019/NEWKOWLOONINLANDLOTNO6593__result.pdf,https://www.devb.gov.hk/en/publications_and_press_releases/press/index_id_10087.html | raw/2018-2019/NEWKOWLOONINLANDLOTNO6593__result.pdf,https://hk.centanet.com/info/en/new-property/CHA-KWO-LING-YAU-TONG-LEI-YUE-MUN/CHILL-RESIDENCE/2143 | raw/2018-2019/NEWKOWLOONINLANDLOTNO6593__devname.pdf,match,,,,https://www.legco.gov.hk/research-publications/english/essentials-2022ise09-regulation-on-minimum-home-size-in-london.htm,inferred-N,CHILL RESIDENCE,ACE ALLIANCE DEVELOPMENT LIMITED | APPROVAL OF DEED OF MUTUAL COVENANT AND MANAGEMENT AGREEMENT | CONSENT TO SELL FOR NON-RESIDENTIAL DEVELOPMENT | CONSENT TO SELL FOR RESIDENTIAL DEVELOPMENT,Named development,20 October 2022 | 31 December 2024
2018-2019,16/10/2018,tender,RURAL BUILDING LOT NO. 1211,"NOS. 2, 4, 6, 8, 9 AND 11 MANSFIELD ROAD, THE PEAK, HONG KONG",RESIDENTIAL R3,residential,,,yes,high,,,RURAL BUILDING LOT NO. 1211,5,---------,"(1) Channel First Limited (Sun Hung Kai Properties Limited);<br/>(2) Excellent Direction Limited (The Wharf (Holdings) Limited, New World Development Company Limited, Nan Fung Development Holdings Limited, Chime Corporation Limited, Sino Land Company Limited and China Overseas Land & Investment Limited);<br/>(3) Great Rainbow Investments Limited (CK Asset Holdings Limited);<br/>(4) Juliyam Limited (Henderson Land Development Company Limited); and <br/>(5) Tin Wah International Limited (K. Wah International Holdings Limited). | N.A. | Tender Cancelled on16 October 2018",22.2654387,114.1627018,govt-led,FY rule: Application List abolished Feb 2013; all sales government-initiated,,,,,,,,,,,,,,,,,,https://www.legco.gov.hk/research-publications/english/essentials-2022ise09-regulation-on-minimum-home-size-in-london.htm,inferred-N,,,Pending,Wharf Finance Limited
2018-2019,24/10/2018,tender,LOT NO. 2883 IN DEMARCATION DISTRICT NO. 130,"FUK HANG TSUEN LANE, LAM TEI, TUEN MUN, NEW TERRITORIES",RESIDENTIAL R3,residential,1748,83.19,,high,,,LOT NO. 2883 IN DEMARCATION DISTRICT NO. 130,3,Jantix Realty (Hong Kong) Limited (Jantix Renewal Development Limited),"(1) Sky Castle Limited (Sino Land Company Limited); and <br/>(2) Success City (Hong Kong) Limited. | (1) $81,000,000<br/>(2) $18,100,000 | N.A.",22.41678478,113.9861598,govt-led,FY rule: Application List abolished Feb 2013; all sales government-initiated,Jantix Renewal Development Limited,943.9,sq m,8188,HK$/sq ft,yes,https://www.info.gov.hk/gia/general/201810/24/P2018102400741.htm,"Lam Tei, Tuen Mun; max GFA 943.9 sq m.",Jantix Renewal Development Limited,other,https://www.info.gov.hk/gia/general/201810/24/P2018102400741.htm | raw/2018-2019/LOTNO2883INDEMARCATIONDISTRICTNO130__result.pdf,https://www.info.gov.hk/gia/general/201810/24/P2018102400741.htm | raw/2018-2019/LOTNO2883INDEMARCATIONDISTRICTNO130__result.pdf,,,,,,https://www.legco.gov.hk/research-publications/english/essentials-2022ise09-regulation-on-minimum-home-size-in-london.htm,inferred-N,,APPROVAL OF DEED OF MUTUAL COVENANT AND MANAGEMENT AGREEMENT,Pending,
2018-2019,30/10/2018,tender,LOT NO. 766 IN DEMARCATION DISTRICT NO. 332,"SOUTH LANTAU ROAD, CHEUNG SHA, LANTAU ISLAND, NEW TERRITORIES",RESIDENTIAL R4,residential,5503,160,,high,,,LOT NO. 766 IN DEMARCATION DISTRICT NO. 332,6,Fully Fortune Corporation Limited,"(1) Cosmic Fortune Limited (Wheelock Properties Limited);<br/>(2) Eternal Focus Limited (Sino Land Company Limited);<br/>(3) Lucky Phoenix Limited (The Development Studio Limited);<br/>(4) Turnwell Limited (K Wah International Holdings Limited); and <br/>(5) View Luxury International Limited (Oasis Trade Holdings Limited). | (1) $129,000,000<br/>(2) $105,000,000<br/>(3) $76,000,000<br/>(4) $48,000,000<br/>(5) $28,000,000 | N.A.",22.23794678,113.9654497,govt-led,FY rule: Application List abolished Feb 2013; all sales government-initiated,,2201,sq m,6754,HK$/sq ft,yes,https://www.devb.gov.hk/en/publications_and_press_releases/press/index_id_10152.html,"South Lantau Road, Cheung Sha. No parent stated. Max GFA 2,201 sq m.",Fully Fortune Corporation Limited,other,https://www.devb.gov.hk/en/publications_and_press_releases/press/index_id_10152.html | raw/2018-2019/LOTNO766INDEMARCATIONDISTRICTNO332__result.pdf,https://www.devb.gov.hk/en/publications_and_press_releases/press/index_id_10152.html | raw/2018-2019/LOTNO766INDEMARCATIONDISTRICTNO332__result.pdf,,,,,,https://www.legco.gov.hk/research-publications/english/essentials-2022ise09-regulation-on-minimum-home-size-in-london.htm,inferred-N,,,No consent,
2018-2019,7/11/2018,tender,NEW KOWLOON INLAND LOT NO. 6574,"KAI TAK AREA 4B SITE 3, KAI TAK, KOWLOON",RESIDENTIAL R1,residential,9706,8333,,high,MIAMI QUAY,23 SHING FUNG ROAD,NEW KOWLOON INLAND LOT NO. 6574,8,"Voyage Mile Limited (Wheelock Properties Limited, New World Development Company Limited, Henderson Land Development Company Limited and Empire Development Hong Kong (BVI) Limited)","(1) Centenary Investments Limited (CK Asset Holdings Limited);<br/>(2) Gold Smart Capital Investment Limited (Golden Sphere Developments Limited);<br/>(3) Macfull Limited (China Overseas Land & Investment Limited);<br/>(4) One Gold Investment Limited (K&K Property Holdings Limited);<br/>(5) Sky Notion Limited (K. Wah International Holdings Limited and Sino Land Company Limited);<br/>(6) Vast Prosperity Investment Limited (Jantix Renewal Development Limited); and <br/>(7) World Dynasty (H.K.) Limited (Sun Hung Kai Properties Limited). | (1) $6,831,011,232<br/>(2) $6,682,000,000<br/>(3) $6,618,800,000<br/>(4) $5,880,000,000<br/>(5) $5,111,000,000<br/>(6) $4,200,000,000<br/>(7) $4,180,000,000 | N.A.",22.31229371,114.2080541,govt-led,FY rule: Application List abolished Feb 2013; all sales government-initiated,Wheelock Properties / New World Development / Henderson Land / Empire Development,53383,sq m,14502,HK$/sq ft,yes,https://www.info.gov.hk/gia/general/201811/07/P2018110700761.htm,"Kai Tak Area 4B Site 3 (Miami Quay); consortium parent. Max GFA 53,383 sq m.",Wheelock/Wharf + New World Development + Henderson Land + Empire Group,consortium,https://www.info.gov.hk/gia/general/201811/07/P2018110700761.htm | raw/2018-2019/NEWKOWLOONINLANDLOTNO6574__result.pdf,https://www.info.gov.hk/gia/general/201811/07/P2018110700761.htm | raw/2018-2019/NEWKOWLOONINLANDLOTNO6574__result.pdf,https://hk.centanet.com/info/en/new-property/Kai-Tak/MIAMI-QUAY-I/2105 | raw/2018-2019/NEWKOWLOONINLANDLOTNO6574__devname.pdf,match,,,,https://www.legco.gov.hk/research-publications/english/essentials-2022ise09-regulation-on-minimum-home-size-in-london.htm,inferred-N,MIAMI QUAY | MIAMI QUAY I | Pending (Phase 1) | Pending (Phase 2) | Unknown (Phase 2),APPROVAL OF DEED OF MUTUAL COVENANT AND MANAGEMENT AGREEMENT | CONSENT TO SELL FOR RESIDENTIAL DEVELOPMENT | VOYAGE MILE LIMITED,Named development,29-Jun-22
2018-2019,14/11/2018,tender,NEW KOWLOON INLAND LOT NO. 6591,"KAI TAK AREA 4B SITE 4, KAI TAK, KOWLOON",RESIDENTIAL R1,residential,9708,8906.758888,,high,THE PAVILIA FOREST,2 SHING KING STREET,NEW KOWLOON INLAND LOT NO. 6591,7,Rich Fast International Limited (Golden Sphere Developments Limited),"(1) Citypoint Investment Limited (CK Asset Holdings Limited);<br/>(2) Infinite Sun Limited (Wheelock Properties Limited, New World Development Company Limited, Henderson Land Development Company Limited and Empire Development Hong Kong (BVI) Limited);<br/>(3) Macfull Limited (China Overseas Land & Investment Limited);<br/>(4) Marvel Planet Limited (K&K Property Holdings Limited);<br/>(5) Tin Wah International Limited (K. Wah International Holdings Limited and Sino Land Company Limited); and <br/>(6) Topco (H.K.) Limited (Sun Hung Kai Properties Limited). | (1) $8,339,000,000<br/>(2) $8,051,000,000<br/>(3) $7,542,000,000<br/>(4) $6,000,000,000<br/>(5) $5,111,000,000<br/>(6) $4,180,000,000 | N.A.",22.31125405,114.2093002,govt-led,FY rule: Application List abolished Feb 2013; all sales government-initiated,Golden Sphere Developments Limited (New World Development),53394,sq m,15497,HK$/sq ft,yes,https://www.info.gov.hk/gia/general/201811/14/P2018111400723.htm,"Kai Tak Area 4B Site 4 (The Pavilia Forest). Max GFA 53,394 sq m.",New World Development,local_major,https://www.info.gov.hk/gia/general/201811/14/P2018111400723.htm | raw/2018-2019/NEWKOWLOONINLANDLOTNO6591__result.pdf,https://www.info.gov.hk/gia/general/201811/14/P2018111400723.htm | raw/2018-2019/NEWKOWLOONINLANDLOTNO6591__result.pdf,https://www.midland.com.hk/en/new-property/Kowloon-Kai-Tak-The-Pavilia-Forest-The-Pavilia-Forest-I-P000001236 | raw/2018-2019/NEWKOWLOONINLANDLOTNO6591__devname.pdf,match,,,,https://www.legco.gov.hk/research-publications/english/essentials-2022ise09-regulation-on-minimum-home-size-in-london.htm,inferred-N,Pending (Phase 1) | Pending (Phase 2) | Pending (Phase 3) | The Pavilia Forest | The Pavilia Forest I | The Pavilia Forest II | The Pavilia Forest III,APPROVAL OF DEED OF MUTUAL COVENANT AND MANAGEMENT AGREEMENT | CONSENT TO SELL FOR RESIDENTIAL DEVELOPMENT | RICH FAST INTERNATIONAL LIMITED,Named development,18 December 2023 | 29 December 2023
2018-2019,5/12/2018,tender,LOT NO. 765 IN DEMARCATION DISTRICT NO. 332,"SOUTH LANTAU ROAD, CHEUNG SHA, LANTAU ISLAND, NEW TERRITORIES",RESIDENTIAL R4,residential,2692,203.889,,high,,,LOT NO. 765 IN DEMARCATION DISTRICT NO. 332,12,Danford Development Limited (Sino Land Company Limited),"(1) All Brilliant Inc Limited;<br/>(2) CPT Asia Holdings Limited (Chevalier International Holdings Limited);<br/>(3) Effect Guide Limited and Wealth Shelter Limited (CSI Properties Limited);<br/>(4) Hanforth Limited;<br/>(5) Huge Choice Group Limited (Dynamic Triumph Limited);<br/>(6) Li Wo Properties Investments Company Limited;<br/>(7) Long Think Limited;<br/>(8) Lucky Phoenix Limited (The Development Studio Limited);<br/>(9) Regal Galaxy Investment Limited (Treasure Dynasty Investments Limited);<br/>(10) Rich Sea Limited (Asia Standard International Group Limited); and <br/>(11) Tin Wah International Limited (K Wah Properties (Holdings) Limited). | (1) $180,280,000<br/>(2) $153,900,000<br/>(3) $153,120,000<br/>(4) $150,000,000<br/>(5) $128,900,000<br/>(6) $116,000,000<br/>(7) $105,257,000<br/>(8) $102,000,000<br/>(9) $102,000,000<br/>(10) $70,688,000<br/>(11) $70,300,000 | N.A.",22.23337388,113.9597879,govt-led,FY rule: Application List abolished Feb 2013; all sales government-initiated,Sino Land Company Limited,1076,sq m,17604,HK$/sq ft,yes,https://www.info.gov.hk/gia/general/201812/05/P2018120500730.htm,"South Lantau Road, Cheung Sha. Max GFA 1,076 sq m.",Sino Land,local_major,https://www.info.gov.hk/gia/general/201812/05/P2018120500730.htm | raw/2018-2019/LOTNO765INDEMARCATIONDISTRICTNO332__result.pdf,https://www.info.gov.hk/gia/general/201812/05/P2018120500730.htm | raw/2018-2019/LOTNO765INDEMARCATIONDISTRICTNO332__result.pdf,,,,,,https://www.info.gov.hk/gia/general/201812/05/P2018120500741.htm,verified,,,No consent,
2018-2019,12/12/2018,tender,TSEUNG KWAN O TOWN LOT NO. 131,"WAN PO ROAD, AREA 85, TSEUNG KWAN O, DATA NEW TERRITORIES P. 1",HIGH-TIER CENTRE,data_centre,27444,5456.0078,,high,,,TSEUNG KWAN O TOWN LOT NO. 131,9,Easy Vision Development Limited (Sunevision Holdings Limited),(1) Asia Tone Limited (Legan Development Limited);<br/>(2) Grand Build Development Limited (Grand Ming Group Holdings Limited);<br/>(3) Hanforth Limited;<br/>(4) Kingberg Investments Limited;<br/>(5) Mapletree TM (HKSAR) Limited (Mapletree Investments Pte Limited);<br/>(6) Sanon Limited (Far East Consortium International Limited);<br/>(7) Sky Castle Limited (Sino Land Company Limited); and <br/>(8) TKO Developments Limited (TKO Investment Limited). | N.A. | N.A.,22.29437781,114.2744479,govt-led,FY rule: Application List abolished Feb 2013; all sales government-initiated,SUNeVision Holdings Limited,112640,sq m,4500,HK$/sq ft,yes,https://www.info.gov.hk/gia/general/201812/12/P2018121200717.htm,"High-tier data centre; max GFA 112,640 sq m.",SUNeVision,non_property,https://www.info.gov.hk/gia/general/201812/12/P2018121200717.htm | raw/2018-2019/TSEUNGKWANOTOWNLOTNO131__result.pdf,https://www.info.gov.hk/gia/general/201812/12/P2018121200717.htm | raw/2018-2019/TSEUNGKWANOTOWNLOTNO131__result.pdf,,,,,,,,,,No consent,
2018-2019,27/12/2018,tender,NEW KOWLOON INLAND LOT NO. 6575,"KAI TAK AREA 4B SITE 2, KAI TAK, KOWLOON",RESIDENTIAL R1,residential,9048,8033.88,,high,ONE VICTORIA,21 SHING FUNG ROAD,NEW KOWLOON INLAND LOT NO. 6575,6,Macfull Limited (China Overseas Land & Investment Limited),"(1) Castle Energy Limited (Chime Corporation Limited);<br/>(2) Centenary Investments Limited (CK Asset Holdings Limited);<br/>(3) Dragon Star HK Investments Limited (K. Wah International Holdings Limited and Sino Land Company Limited);<br/>(4) Infinite Sun Limited (Wheelock Properties Limited, New World Development Company Limited, Henderson Land Development Company Limited and Empire Development Hong Kong (BVI) Limited); and <br/>(5) World Dynasty (HK) Limited (Sun Hung Kai Properties Limited). | (1) $7,249,000,000<br/>(2) $6,566,000,000<br/>(3) $5,980,000,000<br/>(4) $5,718,000,000<br/>(5) $4,690,000,000 | N.A.",22.31327578,114.2069739,govt-led,FY rule: Application List abolished Feb 2013; all sales government-initiated,China Overseas Land & Investment Limited,55192,sq m,13523,HK$/sq ft,yes,https://www.info.gov.hk/gia/general/201812/27/P2018122700598.htm,"Kai Tak Area 4B Site 2 (One Victoria). Max GFA 55,192 sq m.",China Overseas Land,mainland,https://www.info.gov.hk/gia/general/201812/27/P2018122700598.htm | raw/2018-2019/NEWKOWLOONINLANDLOTNO6575__result.pdf,https://www.info.gov.hk/gia/general/201812/27/P2018122700598.htm | raw/2018-2019/NEWKOWLOONINLANDLOTNO6575__result.pdf,https://www.midland.com.hk/en/new-property/Kowloon-Kai-Tak-One-Victoria-E000017071 | raw/2018-2019/NEWKOWLOONINLANDLOTNO6575__devname.pdf,match,,,,https://www.legco.gov.hk/research-publications/english/essentials-2022ise09-regulation-on-minimum-home-size-in-london.htm,inferred-N,One Victoria,APPROVAL OF DEED OF MUTUAL COVENANT AND MANAGEMENT AGREEMENT | CONSENT TO SELL FOR RESIDENTIAL DEVELOPMENT | MACFULL LIMITED,Named development,9-Jun-21
2018-2019,23/01/2019,tender,NEW KOWLOON INLAND LOT NO. 6551,"KAI TAK AREA 4C SITE 3, KAI TAK, KOWLOON",RESIDENTIAL R1,residential,10956,11260,,high,CULLINAN HARBOUR DEVELOPMENT,26 SHING FUNG ROAD,NEW KOWLOON INLAND LOT NO. 6551,6,Well Capital (H.K.) Limited (Sun Hung Kai Properties Limited),"(1) Ausino Investments Limited (Kingboard Investments Limited);<br/>(2) Great Rainbow Investments Limited (CK Asset Holdings Limited);<br/>(3) Infinite Sun Limited (Wheelock Properties Limited, New World Development Company Limited, Henderson Land Development Company Limited, Chime Corporation Limited, Empire Development Hong Kong (BVI) Limited and China Overseas Land & Investment Limited);<br/>(4) Norminster Limited (Kerry Properties Limited); and <br/>(5) Tin Wah International Limited (K. Wah International Holdings Limited and Sino Land Company Limited). | (1) $10,902,000,000<br/>(2) $10,896,888,000<br/>(3) $9,780,000,000<br/>(4) $9,600,000,000<br/>(5) $8,970,373,000 | N.A.",22.31150043,114.2072959,govt-led,FY rule: Application List abolished Feb 2013; all sales government-initiated,Sun Hung Kai Properties Limited,60258,sq m,17360,HK$/sq ft,yes,https://www.info.gov.hk/gia/general/201901/23/P2019012300718.htm,"Kai Tak Area 4C Site 3 (Cullinan Harbour). Max GFA 60,258 sq m.",Sun Hung Kai Properties,local_major,https://www.info.gov.hk/gia/general/201901/23/P2019012300718.htm | raw/2018-2019/NEWKOWLOONINLANDLOTNO6551__result.pdf,https://www.info.gov.hk/gia/general/201901/23/P2019012300718.htm | raw/2018-2019/NEWKOWLOONINLANDLOTNO6551__result.pdf,https://hk.centanet.com/info/en/new-property/KAI-TAK/CULLINAN-HARBOUR/2183 | raw/2018-2019/NEWKOWLOONINLANDLOTNO6551__devname.pdf,match,,,,https://www.legco.gov.hk/research-publications/english/essentials-2022ise09-regulation-on-minimum-home-size-in-london.htm,inferred-N,Cullinan Harbour Development | Cullinan Harbour Development (Phase 1 & 2A) - Cullinan Harbour | Cullinan Harbour Development (Phase 1 & Phase 2A â€“ Cullinan Harbour) | Cullinan Harbour Development (Phase 1) - Cullinan Harbour | Cullinan Harbour Development (Phase 2A) - Cullinan Harbour | Cullinan Harbour Development (Phase 2B) | Pending (Phase 1) | Pending (Phase 2A),APPROVAL OF DEED OF MUTUAL COVENANT AND MANAGEMENT AGREEMENT | APPROVAL OF SUB-DEED OF MUTUAL COVENANT | CONSENT TO ASSIGN FOR RESIDENTIAL DEVELOPMENT | CONSENT TO SELL FOR RESIDENTIAL DEVELOPMENT | WELL CAPITAL (H.K.) LIMITED,Named development,10 February 2026 | 14 April 2023 | 16 October 2024 | Sun Hung Kai Properties Holding Investment Limited
2018-2019,30/01/2019,tender,NEW KOWLOON INLAND LOT NO. 6547,"KAI TAK AREA 4C SITE 5, KAI TAK, KOWLOON",COMMERCIAL / HOTEL,hotel_mixed,,,yes,high,,,NEW KOWLOON INLAND LOT NO. 6547,9,---------,(1) Art Champion Investment Limited (CK Asset Holdings Limited);<br/>(2) Asia Horizon Limited (Sino Land Company Limited);<br/>(3) Dragon Star H.K. Investments Limited (K Wah Properties (Holdings) Limited);<br/>(4) Ease Success Limited (Great Eagle Holdings Limited);<br/>(5) Leading Sea Limited (Astute Max Limited);<br/>(6) One Gold Investment Limited (K&K Property Holdings Limited);<br/>(7) Sanon Limited (Far East Consortium International Limited);<br/>(8) Ultra Keen Holdings Limited (Wharf Real Estate Investment Company Limited); and <br/>(9) World Dynasty (H.K.) Limited (Sun Hung Kai Properties Limited). | N.A. | Tender Cancelled on 30 January 2019,22.30941667,114.2098855,govt-led,FY rule: Application List abolished Feb 2013; all sales government-initiated,,,,,,,,,,,,,,,,,,,,,,No consent,
2018-2019,15/02/2019,tender,TAI PO TOWN LOT NO. 244,"JUNCTION OF YAU KING LANE AND POK YIN ROAD, PAK SHEK KOK, TAI PO, NEW TERRITORIES",RESIDENTIAL R3,residential,32900,6309.38,,high,TAI PO TOWN LOT NO. 244 DEVELOPMENT,63 YAU KING LANE,TAI PO TOWN LOT NO. 244,10,Channel First Limited (Sun Hung Kai Properties Limited),"(1) Action Fulfilled Assets Limited (Far East Consortium International Limited);<br/>(2) Asia Power Development Limited (China Overseas Land & Investment Limited and Sino Land Company Limited);<br/>(3) Bright Vision International Limited (CITIC Pacific Limited);<br/>(4) Centenary Investments Limited (CK Asset Holdings Limited);<br/>(5) Gold Fusion Limited (Star Atrium Limited);<br/>(6) Honest Profit Development Limited (Henderson Land Development Company Limited);<br/>(7) Infinite Sun Limited (Wheelock Properties Limited);<br/>(8) One Gold Investment Limited (K&K Property Holdings Limited); and <br/>(9) Tin Wah International Limited (K. Wah International Holdings Limited). | (1) $4,887,688,000<br/>(2) $4,640,000,000<br/>(3) $4,638,800,000<br/>(4) $4,405,148,000<br/>(5) $4,390,000,000<br/>(6) $4,355,980,000<br/>(7) $3,400,000,009<br/>(8) $2,860,000,000<br/>(9) $2,680,000,000 | N.A.",22.42817749,114.2014239,govt-led,FY rule: Application List abolished Feb 2013; all sales government-initiated,Sun Hung Kai Properties Limited,88200,sq m,6646,HK$/sq ft,yes,https://www.info.gov.hk/gia/general/201902/15/P2019021500633.htm,"Pak Shek Kok; max GFA 88,200 sq m incl Government Accommodation.",Sun Hung Kai Properties,local_major,https://www.info.gov.hk/gia/general/201902/15/P2019021500633.htm | raw/2018-2019/TAIPOTOWNLOTNO244__winner.pdf,https://www.info.gov.hk/gia/general/201902/15/P2019021500633.htm | raw/2018-2019/TAIPOTOWNLOTNO244__result.pdf,https://www.shkpclub.com/en-us/newsletters/detail/2956 | raw/2018-2019/TAIPOTOWNLOTNO244__devname.pdf,unverified,,,,https://www.legco.gov.hk/research-publications/english/essentials-2022ise09-regulation-on-minimum-home-size-in-london.htm,inferred-N,Pending (Phase 1) | Pending (Phase 2A) | Tai Po Town Lot No. 244 Development | Tai Po Town Lot No. 244 Development (Phase 1 â€“ Silicon Hill) | Tai Po Town Lot No. 244 Development (Phase 1) - Silicon Hill | Tai Po Town Lot No. 244 Development (Phase 1) â€“ Silicon Hill | Tai Po Town Lot No. 244 Development (Phase 2A) - University Hill | Tai Po Town Lot No. 244 Development (Phase 2B) | Tai Po Town Lot No. 244 Development (Phase 2B) - University Hill,APPROVAL OF DEED OF MUTUAL COVENANT AND MANAGEMENT AGREEMENT | APPROVAL OF SUB-DEED OF MUTUAL COVENANT AND MANAGEMENT AGREEMENT | CHANNEL FIRST LIMITED | CONSENT TO ASSIGN FOR RESIDENTIAL DEVELOPMENT | CONSENT TO SELL FOR RESIDENTIAL DEVELOPMENT,Named development,12 May 2022 | 16 June 2022 | 31 May 2022
2018-2019,25/02/2019,tender,LOT NO. 738 IN DEMARCATION DISTRICT NO. 332,"SOUTH LANTAU ROAD, CHEUNG SHA, LANTAU ISLAND, NEW TERRITORIES",RESIDENTIAL R4,residential,20600,1130,,high,,,LOT NO. 738 IN DEMARCATION DISTRICT NO. 332,9,Huge Choice Group Limited (Dynamic Triumph Limited),"(1) Always Topluck International Limited (Goodview Peak Limited);<br/>(2) Dragon Star H.K. Investments Limited (K. Wah International Holdings Limited);<br/>(3) Full Loyal Limited (Wang On Properties Limited);<br/>(4) Happy Land Corporation Limited (Emperor International Holdings Limited);<br/>(5) Henghao China Limited (Parkland Development Limited);<br/>(6) Lambda Industrial (Holdings) Limited (Chuang's Consortium International Limited);<br/>(7) Rich Sea Limited (Asia Standard International Group Limited); and <br/>(8) Sky Castle Limited (Sino Land Company Limited). | (1) $995,335,290<br/>(2) $839,333,333<br/>(3) $510,000,000<br/>(4) $480,000,000<br/>(5) $468,000,000<br/>(6) $445,000,000<br/>(7) $338,800,000<br/>(8) $266,000,000 | N.A.",22.23451563,113.9598024,govt-led,FY rule: Application List abolished Feb 2013; all sales government-initiated,Dynamic Triumph Limited,8240,sq m,12740,HK$/sq ft,yes,https://www.info.gov.hk/gia/general/201902/25/P2019022500659.htm,"South Lantau Road, Cheung Sha. Max GFA 8,240 sq m.",Dynamic Triumph Limited,other,https://www.info.gov.hk/gia/general/201902/25/P2019022500659.htm | raw/2018-2019/LOTNO738INDEMARCATIONDISTRICTNO332__result.pdf,https://www.info.gov.hk/gia/general/201902/25/P2019022500659.htm | raw/2018-2019/LOTNO738INDEMARCATIONDISTRICTNO332__result.pdf,,,,,,https://www.legco.gov.hk/research-publications/english/essentials-2022ise09-regulation-on-minimum-home-size-in-london.htm,inferred-N,Pallas,APPROVAL OF DEED OF MUTUAL COVENANT AND MANAGEMENT AGREEMENT,Named development,Dynamic Triumph Limited
2018-2019,13/03/2019,tender,LOT NO. 5382 IN DEMARCATION DISTRICT NO. 116,"TAI KEI LENG, YUEN LONG, NEW TERRITORIES",RESIDENTIAL R2,residential,1119,209.8,,high,THE PARKLAND,266 TAI KEI LENG,LOT NO. 5382 IN DEMARCATION DISTRICT NO. 116,4,Gold Fusion Limited (Lai Sun Development Company Limited),"(1) Fortune International Investment Limited (Asia Allied Infrastructure Holdings Limited and Earning Hero Limited);<br/>(2) Lucky Victory Limited (Sino Land Company Limited); and <br/>(3) Power Main Limited (FDB Assets Limited). | (1) $122,200,000<br/>(2) $108,000,000<br/>(3) $23,608,035 | N.A.",22.43652141,114.0321043,govt-led,FY rule: Application List abolished Feb 2013; all sales government-initiated,Lai Sun Development Company Limited,3920,sq m,4972,HK$/sq ft,yes,https://www.devb.gov.hk/en/publications_and_press_releases/press/index_id_10286.html,"Tai Kei Leng, Yuen Long (The Parkland). Max GFA approx 3,920 sq m (approx 42,200 sq ft); exact sq m not in press release.",Lai Sun,local_major,https://www.devb.gov.hk/en/publications_and_press_releases/press/index_id_10286.html | raw/2018-2019/LOTNO5382INDEMARCATIONDISTRICTNO116__result.pdf,https://www.devb.gov.hk/en/publications_and_press_releases/press/index_id_10286.html | raw/2018-2019/LOTNO5382INDEMARCATIONDISTRICTNO116__result.pdf,https://www.laisun.com/lai-sun-development/core-business/lsd-property-development--properties-under-development/the-parkland | raw/2018-2019/LOTNO5382INDEMARCATIONDISTRICTNO116__devname.pdf,unverified,,,,https://www.legco.gov.hk/research-publications/english/essentials-2022ise09-regulation-on-minimum-home-size-in-london.htm,inferred-N,The Parkland,APPROVAL OF DEED OF MUTUAL COVENANT AND MANAGEMENT AGREEMENT | CONSENT TO SELL FOR RESIDENTIAL DEVELOPMENT | GOLD FUSION LIMITED,Named development,31-Jan-23
2018-2019,27/03/2019,tender,NEW KOWLOON INLAND LOT NO. 6576,"KAI TAK AREA 4B SITE 1, KAI TAK, KOWLOON P. 2",RESIDENTIAL R1,residential,9583,9893,,high,DOUBLE COAST,19 SHING FUNG ROAD,NEW KOWLOON INLAND LOT NO. 6576,6,"Infinite Sun Limited (Wheelock Properties Limited, Henderson Land Development Company Limited, China Overseas Land & Investment Limited and New World Development Company Limited)","(1) Crown Gain Investments Limited (CK Asset Holdings Limited);<br/>(2) Dragon Star H.K. Investments Limited (K. Wah International Holdings Limited and Sino Land Company Limited);<br/>(3) Fair Opal Limited (Sun Hung Kai Properties Limited);<br/>(4) One Gold Investment Limited (K&K Property Holdings Limited); and <br/>(5) Prime Fancy Limited (Chime Corporation Limited). | (1) $9,861,900,000<br/>(2) $8,380,000,000<br/>(3) $8,008,000,000<br/>(4) $7,825,000,000<br/>(5) $6,859,000,000 | N.A.",22.31402603,114.2061155,govt-led,FY rule: Application List abolished Feb 2013; all sales government-initiated,Wheelock Properties / Henderson Land / China Overseas Land & Investment / New World Development,67081,sq m,13701,HK$/sq ft,yes,https://www.info.gov.hk/gia/general/201903/27/P2019032700669.htm,"Kai Tak Area 4B Site 1 (Double Coast); consortium. Max GFA 67,081 sq m.",Wheelock/Wharf + Henderson Land + China Overseas Land + New World Development,consortium,https://www.info.gov.hk/gia/general/201903/27/P2019032700669.htm | raw/2018-2019/NEWKOWLOONINLANDLOTNO6576__result.pdf,https://www.info.gov.hk/gia/general/201903/27/P2019032700669.htm | raw/2018-2019/NEWKOWLOONINLANDLOTNO6576__result.pdf,https://www.midland.com.hk/en/new-property/Kowloon-Kai-Tak-Double-Coast-Double-Coast-I-P000001195 | raw/2018-2019/NEWKOWLOONINLANDLOTNO6576__devname.pdf,match,,,,https://www.legco.gov.hk/research-publications/english/essentials-2022ise09-regulation-on-minimum-home-size-in-london.htm,inferred-N,DOUBLE COAST | DOUBLE COAST I | Pending (Phase 1) | Pending (Phase 2) | Pending (Phase 3) | Unknown (Phase 2) | Unknown (Phase 3),APPROVAL OF DEED OF MUTUAL COVENANT AND MANAGEMENT AGREEMENT | CONSENT TO SELL FOR RESIDENTIAL DEVELOPMENT | INFINITE SUN LIMITED,Named development,31-Oct-22
2019-2020,16/04/2019,tender,RURAL BUILDING NO. LOT NO. 1209,"100 POK FU LAM PETROL ROAD, POK FU LAM, HONG KONG",FILLING STATION,petrol_or_ev,850.9,236.006048,,high,,,,,Shell Hong Kong Limited,,,,govt-led,FY rule: Application List abolished Feb 2013; all sales government-initiated,,,,,,yes,https://www.info.gov.hk/gia/general/201904/16/P2019041600774.htm,"Petrol filling station, Pok Fu Lam Road. No GFA-based accommodation value. OCR-garbled lot string preserved.",Shell,non_property_oil,https://www.info.gov.hk/gia/general/201904/16/P2019041600774.htm | raw/2019-2020/RURALBUILDINGNOLOTNO1209__result.pdf,https://www.info.gov.hk/gia/general/201904/16/P2019041600774.htm | raw/2019-2020/RURALBUILDINGNOLOTNO1209__result.pdf,,,,,,,,,,No consent,
2019-2020,16/04/2019,tender,KOWLOON NO. INLAND LOT NO. 6614,"590 PRINCE PETROL EDWARD ROAD EAST, KOWLOON",FILLING STATION,petrol_or_ev,747.6,564.002618,,high,,,,,Shell Hong Kong Limited,,,,govt-led,FY rule: Application List abolished Feb 2013; all sales government-initiated,,,,,,yes,https://www.info.gov.hk/gia/general/201904/16/P2019041600774.htm,"Petrol filling station, New Kowloon Inland Lot 6614, 590 Prince Edward Road East. OCR-garbled lot string preserved.",Shell,non_property_oil,https://www.info.gov.hk/gia/general/201904/16/P2019041600774.htm | raw/2019-2020/KOWLOONNOINLANDLOTNO6614__result.pdf,https://www.info.gov.hk/gia/general/201904/16/P2019041600774.htm | raw/2019-2020/KOWLOONNOINLANDLOTNO6614__result.pdf,,,,,,,,,,No consent,
2019-2020,16/04/2019,tender,KOWLOON NO. INLAND LOT NO. 6616,"6 KAI FUK ROAD, PETROL KOWLOON BAY, KOWLOON",FILLING STATION,petrol_or_ev,1127,565.252218,,high,,,,,Shell Hong Kong Limited,,,,govt-led,FY rule: Application List abolished Feb 2013; all sales government-initiated,,,,,,yes,https://www.info.gov.hk/gia/general/201904/16/P2019041600774.htm,"Petrol filling station, New Kowloon Inland Lot 6616, 6 Kai Fuk Road. OCR-garbled lot string preserved.",Shell,non_property_oil,https://www.info.gov.hk/gia/general/201904/16/P2019041600774.htm | raw/2019-2020/KOWLOONNOINLANDLOTNO6616__result.pdf,https://www.info.gov.hk/gia/general/201904/16/P2019041600774.htm | raw/2019-2020/KOWLOONNOINLANDLOTNO6616__result.pdf,,,,,,,,,,No consent,
2019-2020,7/5/2019,tender,KOWLOON KAI INLAND LOT NO. SITE 6552,"TAK AREA 4C 2, KAI TAK, KOWLOON",RESIDENTIAL R1,residential,9765,12590,,high,THE KNIGHTSBRIDGE,22 SHING FUNG ROAD,,,Marble Edge Investments Limited,,,,govt-led,FY rule: Application List abolished Feb 2013; all sales government-initiated,China Overseas Land & Investment / Chime Corp / Empire Development / Henderson Land / New World Development / Wheelock Properties,59566,sq m,19636,HK$/sq ft,yes,https://www.info.gov.hk/gia/general/201905/07/P2019050700766.htm,"NKIL 6552, Kai Tak Area 4C Site 2 (The Knightsbridge); consortium. Max GFA 59,566 sq m. OCR-garbled lot string preserved.",China Overseas Land + Chinachem + Empire Group + Henderson Land + New World Development + Wheelock/Wharf,consortium,https://www.info.gov.hk/gia/general/201905/07/P2019050700766.htm | raw/2019-2020/KOWLOONKAIINLANDLOTNOSITE6552__winner.pdf,https://www.info.gov.hk/gia/general/201905/07/P2019050700766.htm | raw/2019-2020/KOWLOONKAIINLANDLOTNOSITE6552__result.pdf,https://www.midland.com.hk/en/new-property/Kowloon-Kai-Tak-The-Knightsbridge | raw/2019-2020/KOWLOONKAIINLANDLOTNOSITE6552__devname.pdf,match,,,,https://www.legco.gov.hk/research-publications/english/essentials-2022ise09-regulation-on-minimum-home-size-in-london.htm,inferred-N,,,No consent,
2019-2020,13/06/2019,tender,KOWLOON KAI INLAND LOT NO. SITE 6546,"TAK AREA 4C 4, KAI TAK, KOWLOON",COMMERCIAL / HOTEL,hotel_mixed,,,yes,high,,,,,,,,,govt-led,FY rule: Application List abolished Feb 2013; all sales government-initiated,,,,,,,,,,,,,,,,,,,,,,No consent,
2019-2020,26/06/2019,tender,KOWLOON KAI INLAND LOT NO. SITE 6553,"TAK AREA 4C 1, KAI TAK, KOWLOON",RESIDENTIAL,residential,9481,12916,,high,PANO HARBOUR,2 SHING FU LANE,,,Fame Well Creation Limited,,,,govt-led,FY rule: Application List abolished Feb 2013; all sales government-initiated,"China Resources Land Limited / Poly Property Group Co., Limited",66367,sq m,18080,HK$/sq ft,yes,https://www.info.gov.hk/gia/general/201906/26/P2019062600805.htm,"NKIL 6553, Kai Tak Area 4C Site 1 (Pano Harbour). Max GFA 66,367 sq m. OCR-garbled lot string preserved.",China Resources + Poly Property,consortium,https://www.info.gov.hk/gia/general/201906/26/P2019062600805.htm | raw/2019-2020/KOWLOONKAIINLANDLOTNOSITE6553__winner.pdf,https://www.info.gov.hk/gia/general/201906/26/P2019062600805.htm | raw/2019-2020/KOWLOONKAIINLANDLOTNOSITE6553__result.pdf,https://hk.centanet.com/info/en/new-property/KAI-TAK/PANO-HARBOUR/2137 | raw/2019-2020/KOWLOONKAIINLANDLOTNOSITE6553__devname.pdf,match,,,,https://www.legco.gov.hk/research-publications/english/essentials-2022ise09-regulation-on-minimum-home-size-in-london.htm,inferred-N,,,No consent,
2019-2020,24/07/2019,tender,KOWLOON KAI INLAND LOT NO. SITE 6577,"TAK AREA 4A 1, KAI TAK, KOWLOON",RESIDENTIAL,residential,16385,12739.8,,high,KT MARINA,15 SHING FUNG ROAD,,,Dragon Star H.K. Investments Limited,,,,govt-led,FY rule: Application List abolished Feb 2013; all sales government-initiated,K. Wah International Holdings / Wheelock Properties / China Overseas Land & Investment,99948,sq m,11842,HK$/sq ft,yes,https://www.info.gov.hk/gia/general/201907/24/P2019072400676.htm,"NKIL 6577, Kai Tak Area 4A Site 1 (KT Marina); consortium. Max GFA 99,948 sq m. OCR-garbled lot string preserved.",K. Wah International + Wheelock/Wharf + China Overseas Land,consortium,https://www.info.gov.hk/gia/general/201907/24/P2019072400676.htm | raw/2019-2020/KOWLOONKAIINLANDLOTNOSITE6577__winner.pdf,https://www.info.gov.hk/gia/general/201907/24/P2019072400676.htm | raw/2019-2020/KOWLOONKAIINLANDLOTNOSITE6577__result.pdf,https://www.midland.com.hk/en/new-property/Kowloon-Kai-Tak-Kt-Marina-Kt-Marina-1-P000001187 | raw/2019-2020/KOWLOONKAIINLANDLOTNOSITE6577__devname.pdf,match,,,,https://www.legco.gov.hk/research-publications/english/essentials-2022ise09-regulation-on-minimum-home-size-in-london.htm,inferred-N,,,No consent,
2019-2020,12/8/2019,tender,"KOWLOON INLAND LOT NO. 6607 TAK,","SHING KAI ROAD ADJOINING KAI TAK SPORTS PARK, KAI KOWLOON",COMMERCIAL / HOTEL,hotel_mixed,11276,2445.644,,high,,,,,Sanon Limited,,,,govt-led,FY rule: Application List abolished Feb 2013; all sales government-initiated,Far East Consortium International Limited,32000,sq m,7100,HK$/sq ft,yes,https://www.info.gov.hk/gia/general/201908/12/P2019081200606.htm,"NKIL 6607, Shing Kai Road, commercial/hotel. Max GFA 32,000 sq m. OCR-garbled lot string preserved.",Far East Consortium,local_major,https://www.info.gov.hk/gia/general/201908/12/P2019081200606.htm | raw/2019-2020/KOWLOONINLANDLOTNO6607TAK__result.pdf,https://www.info.gov.hk/gia/general/201908/12/P2019081200606.htm | raw/2019-2020/KOWLOONINLANDLOTNO6607TAK__result.pdf,,,,,,,,,,No consent,
2019-2020,28/08/2019,tender,MUN TOWN LOT NO. 549 SAU,"JUNCTION OF KING LANE AND KING FUNG PATH, TUEN MUN, NEW TERRITORIES",RESIDENTIAL,residential,1057.8,244.193426,,high,SKYEHI,2 KING SAU LANE,,,One Gold Investment Limited,,,,govt-led,FY rule: Application List abolished Feb 2013; all sales government-initiated,K&K Property Holdings Limited (Kaisa Group),3490.7,sq m,6499,HK$/sq ft,yes,https://www.info.gov.hk/gia/general/201908/28/P2019082800650.htm,"Tuen Mun Town Lot 549 (Skyehi). Max GFA 3,490.7 sq m. OCR-garbled lot string preserved.",K&K Property,local_minor,https://www.info.gov.hk/gia/general/201908/28/P2019082800650.htm | raw/2019-2020/MUNTOWNLOTNO549SAU__winner.pdf,https://www.info.gov.hk/gia/general/201908/28/P2019082800650.htm | raw/2019-2020/MUNTOWNLOTNO549SAU__result.pdf,https://hk.centanet.com/info/en/new-property/Tuen-Mun/SkyeHi/1974 | raw/2019-2020/MUNTOWNLOTNO549SAU__devname.pdf,match,,,,https://www.legco.gov.hk/research-publications/english/essentials-2022ise09-regulation-on-minimum-home-size-in-london.htm,inferred-N,,,No consent,
2019-2020,25/09/2019,tender,KOWLOON KAI INLAND LOT NO. SITE 6546,"TAK AREA 4C 4, KAI TAK, KOWLOON",COMMERCIAL / HOTEL,hotel_mixed,,,yes,high,,,,,,,,,govt-led,FY rule: Application List abolished Feb 2013; all sales government-initiated,,,,,,,,,,,,,,,,,,,,,,No consent,
2019-2020,13/11/2019,tender,KOWLOON KAI INLAND LOT NO. SITE 6554,"TAK AREA 4A 2, KAI TAK, KOWLOON",RESIDENTIAL,residential,18353,15952.9,,high,VICTORIA VOYAGE,18 SHING FUNG ROAD,,,Ultra Keen Holdings Limited,,,,govt-led,FY rule: Application List abolished Feb 2013; all sales government-initiated,China Overseas Land & Investment / Henderson Land / K. Wah International / Wharf Development,111953,sq m,13238,HK$/sq ft,yes,https://www.info.gov.hk/gia/general/201911/13/P2019111300664.htm,"NKIL 6554, Kai Tak Area 4A Site 2 (Victoria Voyage); consortium. Max GFA 111,953 sq m. OCR-garbled lot string preserved.",China Overseas Land + Henderson Land + K. Wah International + Wheelock/Wharf,consortium,https://www.info.gov.hk/gia/general/201911/13/P2019111300664.htm | raw/2019-2020/KOWLOONKAIINLANDLOTNOSITE6554__winner.pdf,https://www.info.gov.hk/gia/general/201911/13/P2019111300664.htm | raw/2019-2020/KOWLOONKAIINLANDLOTNOSITE6554__result.pdf,https://www.kwah.com/en-us/properties/detail/new-kowloon-inland-lot-no-6554-kai-tak | raw/2019-2020/KOWLOONKAIINLANDLOTNOSITE6554__devname.pdf,match,,,,https://www.legco.gov.hk/research-publications/english/essentials-2022ise09-regulation-on-minimum-home-size-in-london.htm,inferred-N,,,No consent,
2019-2020,27/11/2019,tender,KOWLOON INLAND LOT NO. 11262,"JUNCTION OF LIN CHEUNG ROAD AND AUSTIN ROAD WEST, KOWLOON P. 1",COMMERCIAL,commercial,59746,42232,,high,,,KOWLOON INLAND LOT NO. 11262,3,Century Opal Limited and Max Century (H.K.) Limited (Sun Hung Kai Properties Limited),"(1) City Champion Investments Limited (CK Asset Holdings Limited); and <br/>(2) Novel Icon Limited (Chinese Estates Holdings Limited, Henderson Land Development Company Limited, Lifestyle International Holdings Limited, Sino Land Company Limited and Wharf Estates Limited). | (1) $32,288,899,000<br/>(2) $22,153,000,000 | N.A.",22.30461055,114.1649206,govt-led,FY rule: Application List abolished Feb 2013; all sales government-initiated,Sun Hung Kai Properties Limited,294000,sq m,13345,HK$/sq ft,yes,https://www.info.gov.hk/gia/general/201911/27/P2019112700597.htm,"KIL 11262, Lin Cheung Road / Austin Road West, commercial. Max GFA 294,000 sq m.",Sun Hung Kai Properties,local_major,https://www.info.gov.hk/gia/general/201911/27/P2019112700597.htm | raw/2019-2020/KOWLOONINLANDLOTNO11262__result.pdf,https://www.info.gov.hk/gia/general/201911/27/P2019112700597.htm | raw/2019-2020/KOWLOONINLANDLOTNO11262__result.pdf,,,,,,,,,,No consent,
2019-2020,10/12/2019,tender,SHA TIN TOWN CHIK LOT NO. 628 TAI NEW,"CHUEN STREET, PETROL WAI, SHA TIN, TERRITORIES",FILLING STATION,petrol_or_ev,807.8,643.84,,high,,,,,PetroChina International (Hong Kong) Corporation Limited,,,,govt-led,FY rule: Application List abolished Feb 2013; all sales government-initiated,,,,,,yes,https://www.info.gov.hk/gia/general/201912/10/P2019121000827.htm,"Petrol filling station, STTL 628, Chik Chuen Street, Tai Wai. No GFA-based AV. OCR-garbled lot string preserved.",PetroChina,non_property_oil,https://www.info.gov.hk/gia/general/201912/10/P2019121000827.htm | raw/2019-2020/SHATINTOWNCHIKLOTNO628TAINEW__result.pdf,https://www.info.gov.hk/gia/general/201912/10/P2019121000827.htm | raw/2019-2020/SHATINTOWNCHIKLOTNO628TAINEW__result.pdf,,,,,,,,,,No consent,
2019-2020,10/12/2019,tender,KOWLOON NO. INLAND LOT NO. 6622,"592 PRINCE PETROL EDWARD ROAD EAST, KOWLOON",FILLING STATION,petrol_or_ev,723.9,620.38,,high,,,,,PetroChina International (Hong Kong) Corporation Limited,,,,govt-led,FY rule: Application List abolished Feb 2013; all sales government-initiated,,,,,,yes,https://www.info.gov.hk/gia/general/201912/10/P2019121000827.htm,"Petrol filling station, NKIL 6622, 592 Prince Edward Road East. No GFA-based AV. OCR-garbled lot string preserved.",PetroChina,non_property_oil,https://www.info.gov.hk/gia/general/201912/10/P2019121000827.htm | raw/2019-2020/KOWLOONNOINLANDLOTNO6622__result.pdf,https://www.info.gov.hk/gia/general/201912/10/P2019121000827.htm | raw/2019-2020/KOWLOONNOINLANDLOTNO6622__result.pdf,,,,,,,,,,No consent,
2019-2020,10/12/2019,tender,KOWLOON NO. INLAND LOT NO. 6623,"373 KWUN TONG PETROL ROAD, KOWLOON",FILLING STATION,petrol_or_ev,863.3,590.01,,high,,,,,PetroChina International (Hong Kong) Corporation Limited,,,,govt-led,FY rule: Application List abolished Feb 2013; all sales government-initiated,,,,,,yes,https://www.info.gov.hk/gia/general/201912/10/P2019121000827.htm,"Petrol filling station, NKIL 6623, 373 Kwun Tong Road. No GFA-based AV. OCR-garbled lot string preserved.",PetroChina,non_property_oil,https://www.info.gov.hk/gia/general/201912/10/P2019121000827.htm | raw/2019-2020/KOWLOONNOINLANDLOTNO6623__result.pdf,https://www.info.gov.hk/gia/general/201912/10/P2019121000827.htm | raw/2019-2020/KOWLOONNOINLANDLOTNO6623__result.pdf,,,,,,,,,,No consent,
2019-2020,10/12/2019,tender,FANLING SHEUNG TOWN LOT NO. 273,"JOCKEY CLUB ROAD, PETROL FANLING, NEW TERRITORIES",FILLING STATION,petrol_or_ev,557.4,585.65,,high,,,,,PetroChina International (Hong Kong) Corporation Limited,,,,govt-led,FY rule: Application List abolished Feb 2013; all sales government-initiated,,,,,,yes,https://www.info.gov.hk/gia/general/201912/10/P2019121000827.htm,"Petrol filling station, FSSTL 273, Jockey Club Road, Fanling. No GFA-based AV. OCR-garbled lot string preserved.",PetroChina,non_property_oil,https://www.info.gov.hk/gia/general/201912/10/P2019121000827.htm | raw/2019-2020/FANLINGSHEUNGTOWNLOTNO273__result.pdf,https://www.info.gov.hk/gia/general/201912/10/P2019121000827.htm | raw/2019-2020/FANLINGSHEUNGTOWNLOTNO273__result.pdf,,,,,,,,,,No consent,
2019-2020,10/12/2019,tender,PO TOWN LOT 1P NO. 250,"KWONG FUK PETROL ROAD, TAI PO, NEW TERRITORIES",FILLING STATION,petrol_or_ev,341.9,447.85,,high,,,,,PetroChina International (Hong Kong) Corporation Limited,,,,govt-led,FY rule: Application List abolished Feb 2013; all sales government-initiated,,,,,,yes,https://www.info.gov.hk/gia/general/201912/10/P2019121000827.htm,"Petrol filling station, TPTL 250, Kwong Fuk Road, Tai Po. No GFA-based AV. OCR-garbled lot string preserved.",PetroChina,non_property_oil,https://www.info.gov.hk/gia/general/201912/10/P2019121000827.htm | raw/2019-2020/POTOWNLOT1PNO250__result.pdf,https://www.info.gov.hk/gia/general/201912/10/P2019121000827.htm | raw/2019-2020/POTOWNLOT1PNO250__result.pdf,,,,,,,,,,No consent,
2019-2020,18/12/2019,tender,INLAND LOT NO. NO. 9076,"135 TAI HANG ROAD, HONG KONG",RESIDENTIAL,residential,3990,3200,,high,JARDINI,135 TAI HANG ROAD,INLAND LOT NO. 9076,25,Bright Vision International Limited (CITIC Pacific Limited),"(1) Able Green Investment Limited (Tai Cheung Holdings Limited);<br/>(2) Alpha Gold Investments Limited (Kerry Properties Limited);<br/>(3) Asia Power Development Limited (China Overseas Land & Investment Limited);<br/>(4) Boundless Investments Limited (K&K Property Holdings Limited);<br/>(5) Conford Investments Limited (CK Asset Holdings Limited);<br/>(6) Dynasty Asia Limited (Sino Land Company Limited, Lai Sun Development Company Limited and K Wah International Holdings Limited);<br/>(7) Fair Opal Limited (Sun Hung Kai Properties Limited);<br/>(8) Grand Build Development Limited (Grand Ming Group Holdings Limited);<br/>(9) HLP Asia Limited (Hang Lung Properties Limited);<br/>(10) Holy Shiny Limited (Orion Land Limited);<br/>(11) Honest Profit Development Limited (Henderson Land Development Company Limited);<br/>(12) Joy Wide Asia Investment Limited (Rosy Unicorn Limited);<br/>(13) Kam Luk Investment Company Limited (Nan Fung Development Limited);<br/>(14) Main Glory Enterprises Limited (KWG Group Holdings Limited);<br/>(15) Novel Bliss Limited (Wharf Development Limited);<br/>(16) Ocean Regal Limited (Kaisa Group Holdings Ltd);<br/>(17) Precious Source Global Investment Limited (Precious Source Global Limited);<br/>(18) Rise Source Limited (Kingboard Property Development (HK) Company Limited);<br/>(19) Silver Maple Developments (Hong Kong) Limited (Logan Property Holdings Company Limited and Centralcon Properties Company Limited);<br/>(20) Steadfast Developments Limited (HKc (Holdings) Limited);<br/>(21) Sunrise Treasure Limited (Great Eagle Holdings Limited);<br/>(22) Welly Step Limited (Chinese Estates Holdings Limited);<br/>(23) Wider Loyal Limited (Chime Corporation Limited); and <br/>(24) Wisdom Sign Limited (Wing Tai Properties Limited). | (1) $3,066,000,000<br/>(2) $2,873,243,500<br/>(3) $2,705,800,000<br/>(4) $2,699,999,999<br/>(5) $2,610,000,000<br/>(6) $2,608,000,000<br/>(7) $2,600,080,000<br/>(8) $2,543,880,000<br/>(9) $2,438,000,000<br/>(10) $2,433,624,360<br/>(11) $2,322,000,000<br/>(12) $2,320,000,000<br/>(13) $2,220,000,000<br/>(14) $2,204,800,000<br/>(15) $2,100,300,000<br/>(16) $2,083,180,000<br/>(17) $1,933,000,000<br/>(18) $1,786,800,000<br/>(19) $1,720,000,000<br/>(20) $1,700,000,000<br/>(21) $1,560,000,000<br/>(22) $1,538,000,000<br/>(23) $1,500,000,000<br/>(24) $1,000,000,000 | N.A.",22.27158221,114.1923889,govt-led,FY rule: Application List abolished Feb 2013; all sales government-initiated,CITIC Pacific Limited,11970,sq m,24836,HK$/sq ft,yes,https://www.info.gov.hk/gia/general/201912/18/P2019121800707.htm,"IL 9076, 135 Tai Hang Road (Jardini). Max GFA 11,970 sq m. OCR-garbled lot string preserved.",CITIC,mainland,https://www.info.gov.hk/gia/general/201912/18/P2019121800707.htm | raw/2019-2020/INLANDLOTNONO9076__winner.pdf,https://www.info.gov.hk/gia/general/201912/18/P2019121800707.htm | raw/2019-2020/INLANDLOTNONO9076__result.pdf,https://www.citicpacific.com/en/property_projects/jardini/ | raw/2019-2020/INLANDLOTNONO9076__devname.pdf,match,,,,https://www.legco.gov.hk/research-publications/english/essentials-2022ise09-regulation-on-minimum-home-size-in-london.htm,inferred-N,JARDINI,APPROVAL OF DEED OF MUTUAL COVENANT AND MANAGEMENT AGREEMENT | BRIGHT VISION INTERNATIONAL LIMITED | CONSENT TO SELL FOR RESIDENTIAL DEVELOPMENT,Named development,13-Mar-24
2019-2020,13/01/2020,tender,MUN TOWN LOT NO. 518 NEW,"CASTLE PEAK ROAD â€“ CASTLE PEAK BAY, AREA 48, TUEN MUN, TERRITORIES P. 2",RESIDENTIAL,residential,13538,3500,,high,GOLD COAST BAY,18 CASTLE PEAK ROAD CASTLE PEAK BAY,,,Ocean Regal Limited,,,,govt-led,FY rule: Application List abolished Feb 2013; all sales government-initiated,Kaisa Group Holdings Ltd,54152,sq m,6005,HK$/sq ft,yes,https://www.info.gov.hk/gia/general/202001/13/P2020011300650.htm,"Tuen Mun Town Lot 518, Castle Peak Bay Area 48 (Gold Coast Bay). Max GFA 54,152 sq m. OCR-garbled lot string preserved.",Kaisa Group Holdings Ltd,other,https://www.info.gov.hk/gia/general/202001/13/P2020011300650.htm | raw/2019-2020/MUNTOWNLOTNO518NEW__winner.pdf,https://www.info.gov.hk/gia/general/202001/13/P2020011300650.htm | raw/2019-2020/MUNTOWNLOTNO518NEW__result.pdf,https://www.goldcoastbay.hk/en/the-uppland/ | raw/2019-2020/MUNTOWNLOTNO518NEW__devname.pdf,match,,,,https://www.legco.gov.hk/research-publications/english/essentials-2022ise09-regulation-on-minimum-home-size-in-london.htm,inferred-N,,,No consent,
2020-2021,1/4/2020,tender,KOWLOON INLAND LOT NO. 11238,"RECLAMATION STREET AND SHANGHAI STREET, MONG KOK, KOWLOON",RESIDENTIAL,residential,252.5,85.9,,high,,,KOWLOON INLAND LOT NO.11238,5,Eagle Legend Engineering Management Consulting Company Limited (Eagle Legend Asia Limited),"(1) Best Sea Limited;<br/>(2) Billion Super Limited (Jantix Renewal Development Limited);<br/>(3) Dynasty Asia Limited (Sino Land Company Limited); and <br/>(4) First Smart Investment Limited (Yau Lee Holdings Limited). | (1) $83,200,000<br/>(2) $40,000,000<br/>(3) $13,000,000<br/>(4) $11,800,000 | N.A.",22.31533612,114.1686731,govt-led,FY rule: Application List abolished Feb 2013; all sales government-initiated,Eagle Legend Asia Limited,1893.75,sq m,4214,HK$/sq ft,yes,https://www.info.gov.hk/gia/general/202004/01/P2020040100524.htm,"KIL 11238 confirmed; awarded 1 Apr 2020. Only per-site residential maxima published (Site A 828.75 + Site B 1065); AV uses their sum, denominator-sensitive. Primary source info.gov.hk.",Eagle Legend Asia Limited,other,https://www.info.gov.hk/gia/general/202004/01/P2020040100524.htm | raw/2020-2021/KOWLOONINLANDLOTNO11238__result.pdf,https://www.info.gov.hk/gia/general/202004/01/P2020040100524.htm | raw/2020-2021/KOWLOONINLANDLOTNO11238__result.pdf,,,,,,https://www.legco.gov.hk/research-publications/english/essentials-2022ise09-regulation-on-minimum-home-size-in-london.htm,inferred-N,,APPROVAL OF DEED OF MUTUAL COVENANT AND MANAGEMENT AGREEMENT,Pending,
2020-2021,28/04/2020,tender,KOWLOON INLAND LOT NO. 11240,"JUNCTION OF SOY STREET AND SHANGHAI STREET, MONG KOK, KOWLOON",RESIDENTIAL,residential,625.5,467.18,,high,,,KOWLOON INLAND LOT NO.11240,27,Bring Bright Limited (Worth Forever Limited),"(1) Best Wealth Limited (Vanke Overseas Investment Holding Company Limited);<br/>(2) Boundless Investments Limited (K&K Property Holdings Limited);<br/>(3) China Land Resources Development Limited (Chuang's China Investments Limited);<br/>(4) Citypoint Investment Limited (CK Asset Holdings Limited);<br/>(5) Crown Smart Investment Limited (Yuexiu Property (HK) Company Limited);<br/>(6) Dynasty Asia Limited (Sino Land Company Limited and China Merchants Land Limited);<br/>(7) First Smart Investment Limited (Yau Lee Holdings Limited);<br/>(8) Fortunate Pioneer Limited (Wheelock Properties Limited);<br/>(9) Get Nice International Limited (Get Nice Holdings Limited);<br/>(10) Grand Build Development Limited (Grand Ming Group Holdings Limited);<br/>(11) Grand Harvest (HK) Development Limited;<br/>(12) Joy Wide Asia Investment Limited (Great Harvest Group Development Limited);<br/>(13) Leonard Holdings Company Limited (Wealthly Catcher Limited);<br/>(14) Mega Source Global Limited (Far East Consortium International Limited);<br/>(15) Power Main Limited (FDB Assets Limited);<br/>(16) Prince Development Limited;<br/>(17) Rainbow Legend Limited (New Explorer Investments Limited);<br/>(18) Rich Blossom Limited (Wang On Properties Limited);<br/>(19) Sky Bloom Investment Limited (S E A Holdings Limited);<br/>(20) Sunrise Treasure Limited (Great Eagle Holdings Limited);<br/>(21) Sure Gain Corporation Limited (Emperor International Holdings Limited);<br/>(22) TS Creative Limited (Crystal Investment Limited);<br/>(23) Ultra Wealth Development Limited (Pretty Tone Limited);<br/> (24) Victory Field Development Limited (Tai Cheung Holdings Limited);<br/>(25) Welland (Hong Kong) Limited (Kaisa Group Holdings Limited); and <br/>(26) Wisdom Sign Limited (Wing Tai Properties Limited). | (1) $448,000,000<br/>(2) $421,338,000<br/>(3) $410,000,000<br/>(4) $399,999,999<br/>(5) $368,000,000<br/>(6) $363,933,000<br/>(7) $362,010,000<br/>(8) $343,509,800<br/>(9) $338,000,000<br/>(10) $333,686,000<br/>(11) $333,222,888<br/>(12) $333,000,000<br/>(13) $318,000,000<br/>(14) $318,000,000<br/>(15) $314,000,004<br/>(16) $308,900,000<br/>(17) $308,000,000<br/>(18) $305,000,000<br/>(19) $301,800,000<br/>(20) $292,838,998<br/>(21) $281,000,000<br/>(22) $262,000,000<br/>(23) $243,000,000<br/>(24) $202,000,000<br/>(25) $171,100,000<br/>(26) $138,000,000 | N.A.",22.31617598,114.1689254,govt-led,FY rule: Application List abolished Feb 2013; all sales government-initiated,Worth Forever Limited,4691.25,sq m,9252,HK$/sq ft,yes,https://www.info.gov.hk/gia/general/202004/28/P2020042800700.htm,KIL 11240 confirmed; awarded 28 Apr 2020. Max GFA 4691.25 sq m residential (min 3751.75). Primary source info.gov.hk.,Worth Forever Limited,other,https://www.info.gov.hk/gia/general/202004/28/P2020042800700.htm | raw/2020-2021/KOWLOONINLANDLOTNO11240__result.pdf,https://www.info.gov.hk/gia/general/202004/28/P2020042800700.htm | raw/2020-2021/KOWLOONINLANDLOTNO11240__result.pdf,,,,,,https://www.legco.gov.hk/research-publications/english/essentials-2022ise09-regulation-on-minimum-home-size-in-london.htm,inferred-N,,APPROVAL OF DEED OF MUTUAL COVENANT AND MANAGEMENT AGREEMENT,Pending,
2020-2021,13/05/2020,tender,NEW KOWLOON INLAND LOT NO. 6615,"KAI TAK AREA 2A SITE 4, SITE 5(B) AND SITE 10, KAI TAK, KOWLOON",COMMERCIAL,commercial,,,yes,high,,,NEW KOWLOON INLAND LOT NO.6615,4,---------,(1) Asset Capital Limited (Sun Hung Kai Properties Limited);<br/>(2) Boundless Investments Limited (K&K Property Holdings Limited);<br/>(3) Treasure King Investment Limited (CK Asset Holdings Limited); and <br/>(4) Win Oasis Limited (Lifestyle International Holdings Limited and Sino Land Company Limited). | N.A. | Tender Cancelled on 13 May 2020,22.32634314,114.1918933,govt-led,FY rule: Application List abolished Feb 2013; all sales government-initiated,,,,,,,,,,,,,,,,,,,,,,No consent,
2020-2021,19/05/2020,tender,LOT NO. 1069 IN SURVEY DISTRICT NO. 3,"OFF ANDERSON ROAD, KWUN TONG, KOWLOON",RESIDENTIAL,residential,20167,4951,,high,,,LOT NO. 1069 IN SURVEY DISTRICT NO. 3,9,Art Champion Investment Limited (CK Asset Holdings Limited),"(1) Asia Power Development Limited (China Overseas Land & Investment Limited);<br/>(2) Dynasty Asia Limited (Sino Land Company Limited);<br/>(3) Grand Build Development Limited (Grand Ming Group Holdings Limited);<br/>(4) Innate Power Development Limited (K. Wah International Holdings Limited);<br/>(5) Jasmine Lane Investments Limited (Wheelock Properties Limited);<br/>(6) Main Good Development Limited (Empire Development Hong Kong (BVI) Limited, Henderson Land Development Company Limited and Mega Source Global Limited);<br/>(7) Sunny Swift Limited (Talent Power Holdings Limited); and<br/>(8) Wise Castle Corporation Limited (Chime Corporation Limited). | (1) $4,500,000,000<br/>(2) $4,029,000,000<br/>(3) $3,600,000,000<br/>(4) $3,388,000,000<br/>(5) $3,018,000,000<br/>(6) $2,886,800,000<br/>(7) $1,329,000,000<br/>(8) $700,000,000 | N.A.",22.32030908,114.2395656,govt-led,FY rule: Application List abolished Feb 2013; all sales government-initiated,CK Asset Holdings Limited,101185,sq m,4545,HK$/sq ft,yes,https://www.info.gov.hk/gia/general/202005/19/P2020051900633.htm,"Lot 1069 in SD3, off Anderson Rd; awarded 19 May 2020. Max GFA = Area (a) 57387 + Area (b) 43798. Primary source info.gov.hk.",CK Asset (Cheung Kong),local_major,https://www.info.gov.hk/gia/general/202005/19/P2020051900633.htm | raw/2020-2021/LOTNO1069INSURVEYDISTRICTNO3__result.pdf,https://www.info.gov.hk/gia/general/202005/19/P2020051900633.htm | raw/2020-2021/LOTNO1069INSURVEYDISTRICTNO3__result.pdf,,,,,"Starter Homes pilot: not fewer than 1,000 flats designated as æ¸¯äººé¦–æ¬¡ç½®æ¥­ (Starter Homes) units",https://www.info.gov.hk/gia/general/202005/19/P2020051900632.htm,verified,,APPROVAL OF DEED OF MUTUAL COVENANT AND MANAGEMENT AGREEMENT,Pending,CK Property & Asset Holdings Limited
2020-2021,27/05/2020,tender,AP LEI CHAU AP INLAND LOT NO. 137,"LEI CHAU PRAYA ROAD, AP LEI CHAU, HONG KONG",RESIDENTIAL,residential,1128.8,1332.8,,high,VELE,18 AP LEI CHAU PRAYA ROAD,,,Wealth Start Development Limited,,,,govt-led,FY rule: Application List abolished Feb 2013; all sales government-initiated,Tai Cheung Holdings Limited,8201.6,sq m,15098,HK$/sq ft,yes,https://www.info.gov.hk/gia/general/202005/27/P2020052700677.htm,AIL 137 confirmed; awarded 27 May 2020. Max residential GFA 8201.6 sq m. Primary source info.gov.hk.,Tai Cheung,local_minor,https://www.info.gov.hk/gia/general/202005/27/P2020052700677.htm | raw/2020-2021/APLEICHAUAPINLANDLOTNO137__winner.pdf,https://www.info.gov.hk/gia/general/202005/27/P2020052700677.htm | raw/2020-2021/APLEICHAUAPINLANDLOTNO137__result.pdf,https://www.taicheung.com/en/properties/ap-lei-chau | raw/2020-2021/APLEICHAUAPINLANDLOTNO137__devname.pdf,match,,,,https://www.legco.gov.hk/research-publications/english/essentials-2022ise09-regulation-on-minimum-home-size-in-london.htm,inferred-N,,,No consent,
2020-2021,8/7/2020,tender,SHA TIN TOWN LOT NO. 613,"JUNCTION OF TSUNG TAU HA ROAD AND KWEI TEI STREET, SHA TIN, NEW TERRITORIES",INDUSTRIAL,industrial,9178,5600,,high,,,SHA TIN TOWN LOT NO. 613,9,Data Zone Company Limited (CMCC Infrastructure Holdings Limited),"(1) Asset Capital Limited (Sun Hung Kai Properties Limited);<br/>(2) Crown Gain Investments Limited (CK Asset Holdings Limited);<br/>(3) Joy Wide Asia Investment Limited (Great Harvest Group Development Limited);<br/>(4) Lucky Nice Investment Limited;<br/>(5) Mapletree TM (HKSAR) Limited (Mapletree Investments Pte Ltd);<br/>(6) Smart Union Limited (Chinese Estates Holdings Limited);<br/>(7) ST Development Limited (ST Holdco Limited); and<br/>(8) Wise Castle Corporation Limited (Chime Corporation Limited). | (1) $3,595,000,000<br/>(2) $3,280,000,000<br/>(3) $2,663,880,000<br/>(4) $2,348,000,000<br/>(5) $1,230,000,000<br/>(6) $1,110,000,000<br/>(7) $888,888,889<br/>(8) $738,000,000 | N.A.",22.3998252,114.1945785,govt-led,FY rule: Application List abolished Feb 2013; all sales government-initiated,CMCC Infrastructure Holdings Limited,87191,sq m,5967,HK$/sq ft,yes,https://www.info.gov.hk/gia/general/202007/08/P2020070800751.htm,STTL 613 industrial; awarded 8 Jul 2020. GFA includes a Public Vehicle Park. Primary source info.gov.hk.,CMCC Infrastructure Holdings Limited,other,https://www.info.gov.hk/gia/general/202007/08/P2020070800751.htm | raw/2020-2021/SHATINTOWNLOTNO613__result.pdf,https://www.info.gov.hk/gia/general/202007/08/P2020070800751.htm | raw/2020-2021/SHATINTOWNLOTNO613__result.pdf,,,,,,,,,,No consent,
2020-2021,29/07/2020,tender,PO TOWN LOT MA NO. 243,"WO ROAD, TAI PO, NEW TERRITORIES",RESIDENTIAL,residential,22608,3705.0187,,high,LE MONT,19 MA WO ROAD,,,Wealth Honour Limited,,,,govt-led,FY rule: Application List abolished Feb 2013; all sales government-initiated,Vanke Property (Hong Kong) Company Limited and CNQC International Holdings Limited (JV),72640,sq m,4739,HK$/sq ft,yes,https://www.info.gov.hk/gia/general/202007/29/P2020072900593.htm,"OCR-garbled; actual = Tai Po Town Lot No. 243, Ma Wo Road, Tai Po. Awarded 29 Jul 2020. SPV held jointly by Vanke HK and CNQC. Primary source info.gov.hk.",Vanke + CNQC International Holdings Limited (JV),consortium,https://www.info.gov.hk/gia/general/202007/29/P2020072900593.htm | raw/2020-2021/POTOWNLOTMANO243__winner.pdf,https://www.info.gov.hk/gia/general/202007/29/P2020072900593.htm | raw/2020-2021/POTOWNLOTMANO243__result.pdf,https://www.globaldata.com/store/report/cnqc-intl-vanke-hldg-tai-po-town-lot-no-243-residential-development-tai-po-profile-snapshot/ | raw/2020-2021/POTOWNLOTMANO243__devname.pdf,match,,,,https://www.legco.gov.hk/research-publications/english/essentials-2022ise09-regulation-on-minimum-home-size-in-london.htm,inferred-N,,,No consent,
2020-2021,26/08/2020,tender,LOT NO. 1003 IN DEMARCATION DISTRICT NO. 214 SAI,"HIRAMâ€™S HIGHWAY NEAR HEUNG CHUNG ROAD, HO CHUNG, KUNG, NEW TERRITORIES",RESIDENTIAL,residential,3563,531.88,,high,WHITESAND COVE,162 HIRAM'S HIGHWAY,LOT NO. 1003 IN DEMARCATION DISTRICT NO. 214,22,Wise Castle Corporation Limited (Chime Corporation Limited),"(1) Ample Sources Limited (Chevalier International Holdings Limited);<br/>(2) Artwell Group Holdings Corporation Limited;<br/>(3) Asset Capital Limited (Sun Hung Kai Properties Limited);<br/>(4) Boundless Investments Limited (K&K Property Holdings Limited);<br/>(5) Conford Investments Limited (CK Asset Holdings Limited);<br/>(6) Dynasty Asia Limited (Sino Land Company Limited);<br/>(7) Grand Build Development Limited (Grand Ming Group Holdings Limited);<br/>(8) Grand Harvest (HK) Development Limited;<br/>(9) Happy Land Corporation Limited (Emperor International Holdings Limited);<br/>(10) Idea Chance Limited (Orion Land Limited);<br/>(11) Innate Power Development Limited (K. Wah International Holdings Limited);<br/>(12) Joy Wide Asia Investment Limited (Great Harvest Group Development Limited);<br/>(13) Kayson Limited (New World Development Company Limited);<br/>(14) Mega Source Global Limited (Far East Consortium International Limited);<br/>(15) Prince Development Limited;<br/>(16) Rainbow Legend Limited (New Explorer Investments Limited);<br/>(17) Rise Source Limited (Kingboard Property Development (HK) Company Limited);<br/>(18) Star Paradise Limited;<br/>(19) Sunrise Treasure Limited (Great Eagle Holdings Limited);<br/>(20) Wealth Max Properties Limited (Yau Lee Holdings Limited); and<br/>(21) Wisdom Sign Limited (Wing Tai Properties Limited). | (1) $468,800,000<br/>(2) $441,600,000<br/>(3) $432,800,000<br/>(4) $403,300,000<br/>(5) $396,908,700<br/>(6) $387,700,000<br/>(7) $369,995,500<br/>(8) $364,500,000<br/>(9) $361,480,000<br/>(10) $350,004,000<br/>(11) $350,000,000<br/>(12) $348,380,000<br/>(13) $298,388,000<br/>(14) $288,000,000<br/>(15) $278,000,000<br/>(16) $252,888,000<br/>(17) $240,800,000<br/>(18) $238,180,000<br/>(19) $211,100,000<br/>(20) $128,000,088<br/>(21) $126,500,000 | N.A.",22.35278093,114.2512256,govt-led,FY rule: Application List abolished Feb 2013; all sales government-initiated,Chime Corporation Limited,5344,sq m,9246,HK$/sq ft,yes,https://www.info.gov.hk/gia/general/202008/26/P2020082600679.htm,"OCR-garbled; actual = Lot 1003 in DD 214, Hiram's Highway/Heung Chung Rd, Ho Chung, Sai Kung. Awarded 26 Aug 2020. Chime = Chinachem. Primary source info.gov.hk.",Chinachem,local_major,https://www.info.gov.hk/gia/general/202008/26/P2020082600679.htm | raw/2020-2021/LOTNO1003INDEMARCATIONDISTRICTNO214SAI__winner.pdf,https://www.info.gov.hk/gia/general/202008/26/P2020082600679.htm | raw/2020-2021/LOTNO1003INDEMARCATIONDISTRICTNO214SAI__result.pdf,,match,,,,https://www.info.gov.hk/gia/general/202008/26/P2020082600684.htm,verified,,,No consent,
2020-2021,9/9/2020,tender,NEW KOWLOON NO. INLAND LOT NO. 6628,"371 KWUN TONG PETROL ROAD, KOWLOON",FILLING STATION,petrol_or_ev,859.7,691.58,,high,,,,,Sinopec (Hong Kong) Limited,,,,govt-led,FY rule: Application List abolished Feb 2013; all sales government-initiated,Sinopec Marketing Company Limited,,sq m,,HK$/sq ft,yes,https://www.info.gov.hk/gia/general/202009/09/P2020090900627.htm,"NKIL 6628, No. 371 Kwun Tong Rd; petrol filling station, 21-yr grant. No GFA in PFS tender so AV N/A. Primary source info.gov.hk.",Sinopec,non_property_oil,https://www.info.gov.hk/gia/general/202009/09/P2020090900627.htm | raw/2020-2021/NEWKOWLOONNOINLANDLOTNO6628__result.pdf,https://www.info.gov.hk/gia/general/202009/09/P2020090900627.htm | raw/2020-2021/NEWKOWLOONNOINLANDLOTNO6628__result.pdf,,,,,,,,,,No consent,
2020-2021,9/9/2020,tender,NEW KOWLOON 332 INLAND LOT NO. 6594,"TAI PO ROAD, PETROL KOWLOON P. 1",FILLING STATION,petrol_or_ev,693.8,125.4,,high,,,,,ExxonMobil Hong Kong Limited,,,,govt-led,FY rule: Application List abolished Feb 2013; all sales government-initiated,not found,,sq m,,HK$/sq ft,yes,https://www.info.gov.hk/gia/general/202009/09/P2020090900627.htm,"NKIL 6594, No. 332 Tai Po Rd; petrol filling station. Direct tenderer, no SPV parent. No GFA so AV N/A. Primary source info.gov.hk.",ExxonMobil,non_property_oil,https://www.info.gov.hk/gia/general/202009/09/P2020090900627.htm | raw/2020-2021/NEWKOWLOON332INLANDLOTNO6594__result.pdf,https://www.info.gov.hk/gia/general/202009/09/P2020090900627.htm | raw/2020-2021/NEWKOWLOON332INLANDLOTNO6594__result.pdf,,,,,,,,,,No consent,
2020-2021,9/9/2020,tender,LONG TOWN 90 LOT NO. 536,"TAI TONG ROAD, PETROL YUEN LONG, NEW TERRITORIES",FILLING STATION,petrol_or_ev,702.2,618.25,,high,,,,,Sinopec (Hong Kong) Limited,,,,govt-led,FY rule: Application List abolished Feb 2013; all sales government-initiated,Sinopec Marketing Company Limited,,sq m,,HK$/sq ft,yes,https://www.info.gov.hk/gia/general/202009/09/P2020090900627.htm,"OCR-garbled; actual = Yuen Long Town Lot No. 536, No. 90 Tai Tong Rd; petrol filling station. No GFA so AV N/A. Primary source info.gov.hk.",Sinopec,non_property_oil,https://www.info.gov.hk/gia/general/202009/09/P2020090900627.htm | raw/2020-2021/LONGTOWN90LOTNO536__result.pdf,https://www.info.gov.hk/gia/general/202009/09/P2020090900627.htm | raw/2020-2021/LONGTOWN90LOTNO536__result.pdf,,,,,,,,,,No consent,
2020-2021,9/9/2020,tender,SHA TIN TOWN 20 LOT NO. 629,"KONG PUI STREET, PETROL SHA TIN, NEW TERRITORIES",FILLING STATION,petrol_or_ev,703,440.128,,high,,,,,Sinopec (Hong Kong) Limited,,,,govt-led,FY rule: Application List abolished Feb 2013; all sales government-initiated,Sinopec Marketing Company Limited,,sq m,,HK$/sq ft,yes,https://www.info.gov.hk/gia/general/202009/09/P2020090900627.htm,"STTL 629, No. 20 Kong Pui St; petrol filling station. No GFA so AV N/A. Primary source info.gov.hk.",Sinopec,non_property_oil,https://www.info.gov.hk/gia/general/202009/09/P2020090900627.htm | raw/2020-2021/SHATINTOWN20LOTNO629__result.pdf,https://www.info.gov.hk/gia/general/202009/09/P2020090900627.htm | raw/2020-2021/SHATINTOWN20LOTNO629__result.pdf,,,,,,,,,,No consent,
2020-2021,21/10/2020,tender,TUNG CHUNG TOWN LOT NO. 45,"AREA 57, TUNG CHUNG, NEW TERRITORIES",COMMERCIAL,commercial,,,yes,high,,,TUNG CHUNG TOWN LOT NO. 45,3,---------,(1) Conford Investments Limited (CK Asset Holdings Limited); <br/>(2) Dynasty Asia Limited (Sino Land Company Limited and Kerry Properties Limited); and<br/>(3) Topco (H.K.) Limited (Sun Hung Kai Properties Limited). | N.A. | Tender Cancelled on 21 October 2020,22.29680217,113.9551872,govt-led,FY rule: Application List abolished Feb 2013; all sales government-initiated,,,,,,,,,,,,,,,,,,,,,,No consent,
2020-2021,28/10/2020,tender,PO TOWN LOT TAI NO. 241,"PO ROAD â€“ TAI PO KAU, TAI PO, NEW TERRITORIES",RESIDENTIAL,residential,6238,451,,high,,,,,Ideal Repute Developments Limited,,,,govt-led,FY rule: Application List abolished Feb 2013; all sales government-initiated,Fresh Harmony Group Limited,9357,sq m,4478,HK$/sq ft,yes,https://www.info.gov.hk/gia/general/202010/28/P2020102800677.htm,"OCR-garbled; actual = Tai Po Town Lot No. 241, Tai Po Rd-Tai Po Kau. Awarded 28 Oct 2020, 50-yr grant residential. Primary source info.gov.hk.",Fresh Harmony Group Limited,other,https://www.info.gov.hk/gia/general/202010/28/P2020102800677.htm | raw/2020-2021/POTOWNLOTTAINO241__result.pdf,https://www.info.gov.hk/gia/general/202010/28/P2020102800677.htm | raw/2020-2021/POTOWNLOTTAINO241__result.pdf,,,,,,https://www.legco.gov.hk/research-publications/english/essentials-2022ise09-regulation-on-minimum-home-size-in-london.htm,inferred-N,,,No consent,
2020-2021,2/12/2020,tender,NEW KOWLOON INLAND LOT NO. 6603,"KAI TAK AREA 4E SITE 1, KAI TAK, KOWLOON",RESIDENTIAL,residential,5548,4272.8,,high,TWIN VICTORIA,2 SHING FUNG LANE,NEW KOWLOON INLAND LOT NO. 6603,10,Asia Power Development Limited (China Overseas Land & Investment Limited),"(1) Castle Great Limited (Chime Corporation Limited, Empire Development Hong Kong (BVI) Limited and K&K Property Holdings Limited);<br/>(2) Centenary Investments Limited (CK Asset Holdings Limited);<br/>(3) Champion Estate (HK) Limited (Wing Tai Properties Limited);<br/>(4) Dynasty Asia Limited (Sino Land Company Limited);<br/>(5) Ever Cheer Investment Limited (Kowloon Development Company Limited);<br/>(6) Jasmine Lane Investments Limited (Wheelock Properties Limited and Far East Consortium International Limited);<br/>(7) Strong Associate Limited (K. Wah International Holdings Limited);<br/>(8) Sunrise Treasure Limited (Great Eagle Holdings Limited); and<br/>(9) Topco (H.K.) Limited (Sun Hung Kai Properties Limited). | (1) $4,148,000,000<br/>(2) $4,121,900,000<br/>(3) $4,106,000,000<br/>(4) $4,033,000,000<br/>(5) $3,883,180,000<br/>(6) $3,882,280,000<br/>(7) $3,860,000,000<br/>(8) $3,715,000,000<br/>(9) $3,578,000,000 | N.A.",22.31666754,114.2030004,govt-led,FY rule: Application List abolished Feb 2013; all sales government-initiated,China Overseas Land & Investment Limited,30514,sq m,13009,HK$/sq ft,yes,https://www.info.gov.hk/gia/general/202012/02/P2020120200666.htm,"NKIL 6603, Kai Tak Area 4E Site 1; awarded 2 Dec 2020. Max GFA 30514 sq m (min 18309). Primary source info.gov.hk.",China Overseas Land,mainland,https://www.info.gov.hk/gia/general/202012/02/P2020120200666.htm | raw/2020-2021/NEWKOWLOONINLANDLOTNO6603__winner.pdf,https://www.info.gov.hk/gia/general/202012/02/P2020120200666.htm | raw/2020-2021/NEWKOWLOONINLANDLOTNO6603__result.pdf,https://hk.centanet.com/info/en/new-property/KAI-TAK/TWIN-VICTORIA/2175 | raw/2020-2021/NEWKOWLOONINLANDLOTNO6603__devname.pdf,match,,,,https://www.legco.gov.hk/research-publications/english/essentials-2022ise09-regulation-on-minimum-home-size-in-london.htm,inferred-N,Twin Victoria,APPROVAL OF DEED OF MUTUAL COVENANT AND MANAGEMENT AGREEMENT | ASIA POWER DEVELOPMENT LIMITED | CONSENT TO SELL FOR RESIDENTIAL DEVELOPMENT,Named development,2-Mar-23
2020-2021,23/12/2020,tender,RURAL BUILDING LOT NO. 1211,"NOS. 2, 4, 6 AND 8 MANSFIELD ROAD, THE PEAK, HONG KONG",RESIDENTIAL,residential,12531,12000,,high,,,RURAL BUILDING LOT NO. 1211,7,Novel Bliss Limited (Wharf Development Limited),"(1) Allied Strategic Investment Limited (Lifestyle International Holdings Limited and C C Land Holdings Limited);<br/>(2) Asset Capital Limited (Sun Hung Kai Properties Limited);<br/>(3) Great Rainbow Investments Limited (CK Asset Holdings Limited);<br/>(4) Honest Profit Development Limited (Henderson Land Development Company Limited);<br/>(5) Strong Associate Limited (K. Wah International Holdings Limited); and<br/>(6) Wealthy Guide Limited (Kerry Properties Limited, Sino Land Company Limited, Empire Development Hong Kong (BVI) Limited, New World Development Company Limited and Beaumont Hill Limited). | (1) $10,688,000,000<br/>(2) $10,080,000,000<br/>(3) $9,838,000,000<br/>(4) $8,050,000,000<br/>(5) $7,520,000,000<br/>(6) $6,038,000,000 | N.A.",22.2655063,114.1625074,govt-led,FY rule: Application List abolished Feb 2013; all sales government-initiated,Wharf Development Limited,24093,sq m,46272,HK$/sq ft,yes,https://www.info.gov.hk/gia/general/202012/23/P2020122300678.htm,"RBL 1211, Mansfield Rd, The Peak; awarded 23 Dec 2020, 50-yr grant residential. Max GFA 24093 sq m. Primary source info.gov.hk.",Wheelock/Wharf,local_major,https://www.info.gov.hk/gia/general/202012/23/P2020122300678.htm | raw/2020-2021/RURALBUILDINGLOTNO1211__result.pdf,https://www.info.gov.hk/gia/general/202012/23/P2020122300678.htm | raw/2020-2021/RURALBUILDINGLOTNO1211__result.pdf,,,,,,https://www.legco.gov.hk/research-publications/english/essentials-2022ise09-regulation-on-minimum-home-size-in-london.htm,inferred-N,,,Pending,Wharf Finance Limited
2020-2021,13/01/2021,tender,FANLING SHEUNG SHUI TOWN LOT NO. 268 ON,"JUNCTION OF ON LOK MUN STREET, ON CHUEN STREET AND KUI STREET, FANLING, NEW TERRITORIES",INDUSTRIAL,industrial,4028,812.94,,high,,,FANLING SHEUNG SHUI TOWN LOT NO. 268,8,Mapletree TM (HKSAR) Limited (Mapletree Investments Pte Ltd),"(1) Crown Gain Investments Limited (CK Asset Holdings Limited); <br/>(2) Goldtime Development Limited (Sunevision Holdings Ltd.); <br/>(3) Grand Build Development Limited (Grand Ming Group Holdings Limited); <br/>(4) J.L. Group Company Limited (Chinney Investments, Limited); <br/>(5) Perfect Fame Limited (Sino Land Company Limited); <br/>(6) Strong Associate Limited (K. Wah Properties (Holdings) Limited); and <br/>(7) Wealth Fortune Enterprise Limited (Billion Real Estate Holdings Limited). | (1) $704,572,928<br/>(2) $618,000,000<br/>(3) $601,320,000<br/>(4) $510,000,000<br/>(5) $480,000,000<br/>(6) $400,000,000<br/>(7) $261,000,000 | N.A.",22.49964288,114.1470431,govt-led,FY rule: Application List abolished Feb 2013; all sales government-initiated,Mapletree Investments Pte Ltd,20140,sq m,3750,HK$/sq ft,yes,https://www.info.gov.hk/gia/general/202101/13/P2021011300677.htm,"FSSTL 268, On Lok Mun/On Chuen/On Kui St junction, industrial (data centre). Awarded 13 Jan 2021. Max GFA 20140 sq m (excl. public vehicle park). Primary source info.gov.hk.",Mapletree,non_property_logistics,https://www.info.gov.hk/gia/general/202101/13/P2021011300677.htm | raw/2020-2021/FANLINGSHEUNGSHUITOWNLOTNO268ON__result.pdf,https://www.info.gov.hk/gia/general/202101/13/P2021011300677.htm | raw/2020-2021/FANLINGSHEUNGSHUITOWNLOTNO268ON__result.pdf,,,,,,,,,,No consent,
2020-2021,9/2/2021,tender,RURAL BUILDING LOT NO. 1222,"NOS. 9 AND 11 MANSFIELD ROAD, THE PEAK, HONG KONG",RESIDENTIAL,residential,5067,7250,,high,,,RURAL BUILDING LOT NO. 1222,5,"Active Pursuit Limited (Wharf Development Limited, Boswell Holdings Ltd, Cheung Chung Kiu, Chan Hoi Wan and Lau Luen Hung, Thomas)","(1) Great Rainbow Investments Limited (CK Asset Holdings Limited);<br/>(2) Honest Profit Development Limited (Henderson Land Development Company Limited);<br/>(3) Pacific Great International Limited (Sun Hung Kai Properties Limited); and<br/>(4) Strong Associate Limited (K. Wah International Holdings Limited). | (1) $6,113,000,000<br/>(2) $5,520,000,000<br/>(3) $4,460,000,000<br/>(4) $4,350,000,000 | N.A.",22.26507403,114.1633869,govt-led,FY rule: Application List abolished Feb 2013; all sales government-initiated,Wharf Development Limited (JV with Boswell Holdings; Cheung Chung Kiu et al.),13468,sq m,50011,HK$/sq ft,yes,https://www.info.gov.hk/gia/general/202102/09/P2021020900629.htm,"RBL 1222, Mansfield Rd, The Peak; awarded 9 Feb 2021. Record residential govt tender. Max GFA 13468 sq m. Primary source info.gov.hk.",Wheelock/Wharf + Cheung Chung Kiu et al.),consortium,https://www.info.gov.hk/gia/general/202102/09/P2021020900629.htm | raw/2020-2021/RURALBUILDINGLOTNO1222__result.pdf,https://www.info.gov.hk/gia/general/202102/09/P2021020900629.htm | raw/2020-2021/RURALBUILDINGLOTNO1222__result.pdf,,,,,,https://www.legco.gov.hk/research-publications/english/essentials-2022ise09-regulation-on-minimum-home-size-in-london.htm,inferred-N,,,Pending,Wharf Development Limited and Well Favour International Limited
2020-2021,17/02/2021,tender,NEW KOWLOON INLAND LOT NO. 6604,"KAI TAK AREA 4E SITE 2, KAI TAK, KOWLOON P. 2",RESIDENTIAL,residential,10948,10280,,high,VICTORIA BLOSSOM,"NO. 16 SHING FUNG ROAD, KOWLOON",NEW KOWLOON INLAND LOT NO. 6604,5,City Champion Investments Limited (CK Asset Holdings Limited),"(1) Charmfield Pacific Limited (K. Wah International Holdings Limited);<br/>(2) Confident Lead Investments Limited (Wheelock Properties Limited and Hysan Development Company Limited);<br/>(3) Perfect Fame Limited (Sino Land Company Limited); and<br/>(4) Topco (H.K.) Limited (Sun Hung Kai Properties Limited). | (1) $9,750,000,000<br/>(2) $9,416,000,000<br/>(3) $8,489,999,000<br/>(4) $6,808,000,000 | N.A.",22.31589232,114.2025433,govt-led,FY rule: Application List abolished Feb 2013; all sales government-initiated,CK Asset Holdings Limited,60214,sq m,15861,HK$/sq ft,yes,https://www.info.gov.hk/gia/general/202102/17/P2021021700577.htm,"NKIL 6604, Kai Tak Area 4E Site 2; awarded 17 Feb 2021. Max GFA 60214 sq m. Primary source info.gov.hk.",CK Asset (Cheung Kong),local_major,https://www.info.gov.hk/gia/general/202102/17/P2021021700577.htm | raw/2020-2021/NEWKOWLOONINLANDLOTNO6604__winner.pdf,https://www.info.gov.hk/gia/general/202102/17/P2021021700577.htm | raw/2020-2021/NEWKOWLOONINLANDLOTNO6604__result.pdf,"https://www.hsinyieh.com/all-projects/proposed-composite-development-kai-tak-development-area-4e,-site-2,-new-kowloon-inland-lot-no.6604 | raw/2020-2021/NEWKOWLOONINLANDLOTNO6604__devname.pdf",match,,,,https://www.legco.gov.hk/research-publications/english/essentials-2022ise09-regulation-on-minimum-home-size-in-london.htm,inferred-N,Victoria Blossom | Victoria Blossom (Phase 1) | Victoria Blossom (Phase 2),APPROVAL OF DEED OF MUTUAL COVENANT AND MANAGEMENT AGREEMENT | CITY CHAMPION INVESTMENTS LIMITED | CONSENT TO SELL FOR RESIDENTIAL DEVELOPMENT,Named development,4 November 2024 | 7 April 2025 | CK Property & Asset Holdings Limited
2021-2022,27/04/2021,tender,FANLING SHEUNG SHUI TOWN LOT NO. 279,"AREA 25, KWU TUNG, NEW TERRITORIES",RESIDENTIAL,residential,18567,8614,,high,,,FANLING SHEUNG SHUI TOWN LOT NO. 279,10,Asset Capital Limited (Sun Hung Kai Properties Limited),"(1) Bestford Group Limited (Kerry Properties Limited, Sino Land Company Limited, New World Development Company Limited and K. Wah International Holdings Limited);<br/>(2) Big Excel Limited (Chime Corporation Limited);<br/>(3) Ever Cheer Investment Limited (Kowloon Development Company Limited);<br/>(4) Great Rainbow Investments Limited (CK Asset Holdings Limited);<br/>(5) Honest Profit Development Limited (Henderson Land Development Company Limited);<br/>(6) Jasmine Lane Investments Limited (Wheelock Properties Limited and Far East Consortium International Limited);<br/>(7) Sunlight Fortune Limited (Great Eagle Holdings Limited);<br/>(8) Sunny Billion (Hong Kong) Limited (Vanke Property (Hong Kong) Company Limited and Kaisa Group Holdings Ltd.); and<br/>(9) Welly Step Limited (Chinese Estates Holdings Limited). | (1) $8,210,000,000<br/>(2) $7,888,000,000<br/>(3) $7,368,000,000<br/>(4) $7,227,800,000<br/>(5) $5,662,000,000<br/>(6) $5,372,000,000<br/>(7) $5,160,000,000<br/>(8) $4,299,000,000<br/>(9) $4,072,800,000 | N.A.",22.5066233,114.0986524,govt-led,FY rule: Application List abolished Feb 2013; all sales government-initiated,Sun Hung Kai Properties Limited,111402,sq m,7184,HK$/sq ft,yes,https://www.info.gov.hk/gia/general/202104/27/P2021042700641.htm,"FSSTL 279, Area 25 Kwu Tung, residential; awarded 27 Apr 2021. Max GFA 111402 sq m (min 66842). Primary source info.gov.hk.",Sun Hung Kai Properties,local_major,https://www.info.gov.hk/gia/general/202104/27/P2021042700641.htm | raw/2021-2022/FANLINGSHEUNGSHUITOWNLOTNO279__result.pdf,https://www.info.gov.hk/gia/general/202104/27/P2021042700641.htm | raw/2021-2022/FANLINGSHEUNGSHUITOWNLOTNO279__result.pdf,,,,,,https://www.legco.gov.hk/research-publications/english/essentials-2022ise09-regulation-on-minimum-home-size-in-london.htm,inferred-N,,,Pending,Sun Hung Kai Properties Holding Investment Limited
2021-2022,12/5/2021,tender,INLAND LOT NO. 8945,"CAROLINE HILL ROAD, CAUSEWAY BAY, HONG KONG",COMMERCIAL,commercial,14802,19778,,high,,,INLAND LOT NO. 8945,6,Patchway Holdings (HK) Limited (Hysan Development Company Limited and Chime Corporation Limited),"(1) Fair Opal Limited (Sun Hung Kai Properties Limited);<br/>(2) Flame Success Investments (HK) Limited (Flame Success Investments Limited);<br/>(3) Fortune Hope Limited (Sino Land Company Limited, Lifestyle International Holdings Limited, Kerry Properties Limited and C C Land Holdings Limited);<br/>(4) Jasmine Lane Investments Limited (Wheelock Properties<br/>Limited); and<br/>(5) Treasure King Investment Limited (CK Asset Holdings Limited). | (1) $13,331,000,000<br/>(2) $12,008,888,889<br/>(3) $9,133,000,000<br/>(4) $7,510,000,000<br/>(5) $2,153,000,000 | N.A.",22.27694615,114.1861456,govt-led,FY rule: Application List abolished Feb 2013; all sales government-initiated,Hysan Development Company Limited and Chime Corporation Limited (Chinachem) JV,100000,sq m,18374,HK$/sq ft,yes,https://www.info.gov.hk/gia/general/202105/12/P2021051200744.htm,"IL 8945, Caroline Hill Rd, Causeway Bay, commercial; awarded 12 May 2021. Max GFA 100000 sq m (min 60000; incl. mandatory govt accommodation). Primary source info.gov.hk.",Hysan + Chinachem,consortium,https://www.info.gov.hk/gia/general/202105/12/P2021051200744.htm | raw/2021-2022/INLANDLOTNO8945__result.pdf,https://www.info.gov.hk/gia/general/202105/12/P2021051200744.htm | raw/2021-2022/INLANDLOTNO8945__result.pdf,,,,,,,,,,No consent,
2021-2022,30/06/2021,tender,LOT NO. 4076 IN DEMARCATION DISTRICT NO. 91,"JUNCTION OF FAN KAM ROAD AND CASTLE PEAK ROAD â€“ KWU TUNG, FANLING, NEW TERRITORIES",RESIDENTIAL,residential,4400,2616.8,,high,CLOUDVIEW,663 FAN KAM ROAD,LOT NO. 4076 IN DEMARCATION DISTRICT NO. 91,17,Wisdom Sign Limited (Wing Tai Properties Limited),"(1) Ace Reward Investments Limited (Wheelock Properties Limited);<br/>(2) Ample Sources Limited (Chevalier International Holdings Limited);<br/>(3) Bestford Group Limited (K. Wah International Holdings Limited);<br/>(4) Big Excel Limited (Chime Corporation Limited);<br/>(5) Cedarwood (HK) Company Limited (Vanke Property (Hong Kong) Company Limited and CNQC International Holdings Limited);<br/>(6) Charm City Investments Limited (CK Asset Holdings Limited);<br/>(7) Chinawide Development Limited (Henderson Land Development Company Limited);<br/>(8) Ever Cheer Investment Limited (Kowloon Development Company Limited);<br/>(9) K Bright Limited (K&K Property Holdings Limited);<br/>(10) Pacific Great International Limited (Sun Hung Kai Properties Limited);<br/>(11) Stable King Limited (Honour City International Limited);<br/>(12) Star World Property Limited (Hon Kwok Land Investment Company, Limited);<br/>(13) Sure Gain Corporation Limited (Emperor International Holdings Limited);<br/>(14) Trend Concept (Hong Kong) Limited (Kaisa Group Holdings Ltd.);<br/>(15) Wealthy Guide Limited (Kerry Properties Limited); and<br/>(16) Wise Gallant Limited (Sino Land Company Limited, China Merchants Land Limited and S E A Holdings Limited). | (1) $2,360,000,000<br/>(2) $2,248,000,000<br/>(3) $2,241,178,000<br/>(4) $2,165,921,000<br/>(5) $2,060,230,000<br/>(6) $2,020,000,000<br/>(7) $2,008,888,888<br/>(8) $1,943,900,000<br/>(9) $1,888,000,008<br/>(10) $1,867,800,000<br/>(11) $1,600,000,000<br/>(12) $1,587,900,000<br/>(13) $1,529,000,000<br/>(14) $1,467,000,000<br/>(15) $1,312,888,000<br/>(16) $1,193,000,000 | N.A.",22.49902603,114.1225091,govt-led,FY rule: Application List abolished Feb 2013; all sales government-initiated,Wing Tai Properties Limited,26400,sq m,9209,HK$/sq ft,yes,https://www.info.gov.hk/gia/general/202106/30/P2021063000694.htm,"Lot 4076 in DD 91, Fan Kam Rd/Castle Peak Rd-Kwu Tung, Fanling, residential; awarded 30 Jun 2021. Max GFA 26400 sq m. Primary source info.gov.hk.",Wing Tai Properties,local_major,https://www.info.gov.hk/gia/general/202106/30/P2021063000694.htm | raw/2021-2022/LOTNO4076INDEMARCATIONDISTRICTNO91__winner.pdf,https://www.info.gov.hk/gia/general/202106/30/P2021063000694.htm | raw/2021-2022/LOTNO4076INDEMARCATIONDISTRICTNO91__result.pdf,https://www.wingtaiproperties.com/en-us/property_developments/detail/23 | raw/2021-2022/LOTNO4076INDEMARCATIONDISTRICTNO91__devname.pdf,match,,,,https://www.legco.gov.hk/research-publications/english/essentials-2022ise09-regulation-on-minimum-home-size-in-london.htm,inferred-N,,,No consent,
2021-2022,28/07/2021,tender,FANLING SHEUNG SHUI TOWN LOT NO. 278,"AREA 24, KWU TUNG, NEW TERRITORIES",RESIDENTIAL,residential,7624,4185,,high,,,FANLING SHEUNG SHUI TOWN LOT NO. 278,12,Fruitful Season Investments Limited (Wheelock Properties Limited),"(1) Big Excel Limited (Chime Corporation Limited and Hysan Development Company Limited);<br/>(2) Cedarwood (HK) Company Limited (Vanke Property (Hong Kong) Company Limited);<br/>(3) Chinawide Development Limited (Henderson Land Development Company Limited);<br/>(4) Colour Crown Limited (Far East Consortium International Limited);<br/>(5) Conford Investments Limited (CK Asset Holdings Limited);<br/>(6) Strong Associate Limited (K. Wah International Holdings Limited);<br/>(7) Topco (H.K.) Limited (Sun Hung Kai Properties Limited);<br/>(8) Trend Concept (Hong Kong) Limited (Kaisa Group Holdings Ltd.);<br/>(9) Wealth Master International Limited (Tai Hung Fai Enterprise Company Limited);<br/>(10) Wealthy Guide Limited (Kerry Properties Limited); and<br/>(11) Wise Gallant Limited (Sino Land Company Limited and China<br/>Merchants Land Limited). | (1) $4,053,000,000<br/>(2) $4,011,980,000<br/>(3) $3,904,000,000<br/>(4) $3,838,000,000<br/>(5) $3,568,000,000<br/>(6) $3,466,000,000<br/>(7) $3,243,880,000<br/>(8) $2,954,400,000<br/>(9) $2,954,328,000<br/>(10) $2,880,000,000<br/>(11) $2,430,000,000 | N.A.",22.50676833,114.0971744,govt-led,FY rule: Application List abolished Feb 2013; all sales government-initiated,Wheelock Properties Limited,45744,sq m,8499,HK$/sq ft,yes,https://www.info.gov.hk/gia/general/202107/28/P2021072800626.htm,"FSSTL 278, Area 24 Kwu Tung, residential; awarded 28 Jul 2021. Max GFA 45744 sq m (min 27447). Primary source info.gov.hk.",Wheelock/Wharf,local_major,https://www.info.gov.hk/gia/general/202107/28/P2021072800626.htm | raw/2021-2022/FANLINGSHEUNGSHUITOWNLOTNO278__result.pdf,https://www.info.gov.hk/gia/general/202107/28/P2021072800626.htm | raw/2021-2022/FANLINGSHEUNGSHUITOWNLOTNO278__result.pdf,,,,,,https://www.legco.gov.hk/research-publications/english/essentials-2022ise09-regulation-on-minimum-home-size-in-london.htm,inferred-N,Pending (Phase 1) | Pending (Phase 2) | Unknown (Phase 1) | Unknown (Phase 2),APPROVAL OF DEED OF MUTUAL COVENANT AND MANAGEMENT AGREEMENT | APPROVAL OF SUB-DEED OF MUTUAL COVENANT | CONSENT TO SELL FOR RESIDENTIAL DEVELOPMENT | FRUITFUL SEASON INVESTMENTS LIMITED,Named development,5-Nov-25
2021-2022,17/08/2021,tender,LOT NO. 1677 IN DEMARCATION DISTRICT NO. 115,"JUNCTION OF LAU YIP STREET AND CHUNG YIP ROAD, YUEN LONG, NEW TERRITORIES",RESIDENTIAL,residential,15208,716,,high,,,LOT NO. 1677 IN DEMARCATION DISTRICT NO. 115,16,Crown Gain Investments Limited (CK Asset Holdings Limited),"(1) Ample Skill Limited (Chevalier International Holdings Limited);<br/>(2) Boundless Investments Limited (K&K Property Holdings Limited);<br/>(3) Capital Prosperity Limited (Yau Lee Holdings Limited);<br/>(4) China Land Resources Development Limited (Chuang's China Investments Limited);<br/>(5) CIFI Property 202105 (HK) Limited (CIFI Holdings (Group) Co. Ltd.);<br/>(6) Ever Maple Limited (Noble Steed Limited);<br/>(7) Grand Build Development Limited (Grand Ming Group Holdings Limited);<br/>(8) Grand Harvest (HK) Development Limited;<br/>(9) Pacific Great International Limited (Sun Hung Kai Properties Limited);<br/>(10) Rainbow Legend Limited (New Explorer Investments Limited);<br/>(11) Strong Associate Limited (K. Wah International Holdings Limited);<br/>(12) Success Energy Limited (S E A Holdings Limited);<br/>(13) Victor Goal Limited (Far East Consortium International Limited);<br/>(14) Wealth Master International Limited (Tai Hung Fai Enterprise Company Limited); and<br/>(15) Wise Gallant Limited (Sino Land Company Limited). | (1) $674,000,000<br/>(2) $625,000,000<br/>(3) $558,180,000<br/>(4) $556,388,888<br/>(5) $548,225,000<br/>(6) $523,300,000<br/>(7) $495,726,000<br/>(8) $462,600,000<br/>(9) $441,000,000<br/>(10) $388,000,000<br/>(11) $369,302,500<br/>(12) $353,800,000<br/>(13) $350,710,000<br/>(14) $220,080,000<br/>(15) $220,000,000 | N.A.",22.45433105,114.03198,govt-led,FY rule: Application List abolished Feb 2013; all sales government-initiated,CK Asset Holdings Limited,7299.8,sq m,9112,HK$/sq ft,yes,https://www.info.gov.hk/gia/general/202108/17/P2021081700648.htm,"Lot 1677 in DD 115, Lau Yip St/Chung Yip Rd, Yuen Long; awarded 17 Aug 2021 (min GFA 4379.8). Primary source info.gov.hk.",CK Asset (Cheung Kong),local_major,https://www.info.gov.hk/gia/general/202108/17/P2021081700648.htm | raw/2021-2022/LOTNO1677INDEMARCATIONDISTRICTNO115__result.pdf,https://www.info.gov.hk/gia/general/202108/17/P2021081700648.htm | raw/2021-2022/LOTNO1677INDEMARCATIONDISTRICTNO115__result.pdf,,,,,,https://www.info.gov.hk/gia/general/202108/17/P2021081700649.htm,verified,,APPROVAL OF DEED OF MUTUAL COVENANT AND MANAGEMENT AGREEMENT | CONSENT TO SELL FOR RESIDENTIAL DEVELOPMENT | CROWN GAIN INVESTMENTS LIMITED,Pending,12-Dec-25
2021-2022,27/10/2021,tender,NEW KOWLOON INLAND LOT NO. 6638,"NO. 79 BROADCAST DRIVE, KOWLOON TONG, KOWLOON",RESIDENTIAL,residential,2217,1608.3,,high,,,NEW KOWLOON INLAND LOT NO. 6638,17,Gainful Limited (Lai Sun Development Company Limited),"(1) Bestford Group Limited (K. Wah International Holdings Limited);<br/>(2) Boundless Investments Limited (K&K Property Holdings Limited);<br/>(3) Charter Year Limited (Chime Corporation Limited);<br/>(4) Colour Crown Limited (Far East Consortium International Limited);<br/>(5) Conford Investments Limited (CK Asset Holdings Limited);<br/>(6) Ever Winner Global (Hong Kong) Limited (Tai Hung Fai Group Holdings Limited);<br/>(7) Excel Top Development Limited (China Overseas Land & Investment Limited);<br/>(8) Grand Build Development Limited (Grand Ming Group Holdings Limited);<br/>(9) Grand Harvest (HK) Development Limited;<br/>(10) Honbase Limited (Sino Land Company Limited);<br/>(11) Leading Direction Limited (Paliburg Holdings Limited and Regal Hotels International Holdings Limited);<br/>(12) Port Destiny Limited (Kerry Properties Limited);<br/>(13) Rainbow Legend Limited (New Explorer Investments Limited);<br/>(14) Stellar Ray Limited (Wheelock Properties Limited);<br/>(15) Sure Gain Corporation Limited (Emperor International Holdings Limited); and<br/>(16) Topco (H.K.) Limited (Sun Hung Kai Properties Limited). | (1) $1,328,000,000<br/>(2) $1,288,888,000<br/>(3) $1,163,380,000<br/>(4) $1,108,000,000<br/>(5) $1,050,000,000<br/>(6) $1,023,819,000<br/>(7) $1,009,700,000<br/>(8) $1,008,000,000<br/>(9) $1,006,000,000<br/>(10) $881,000,000<br/>(11) $859,100,000<br/>(12) $820,000,000<br/>(13) $800,000,000<br/>(14) $782,000,000<br/>(15) $608,800,000<br/>(16) $550,000,000",22.34305229,114.1833415,govt-led,FY rule: Application List abolished Feb 2013; all sales government-initiated,Lai Sun Development Company Limited,6651,sq m,22465,HK$/sq ft,yes,https://www.info.gov.hk/gia/general/202110/27/P2021102700694.htm,"NKIL 6638, No. 79 Broadcast Drive, Kowloon Tong; awarded 27 Oct 2021. Primary source info.gov.hk.",Lai Sun,local_major,https://www.info.gov.hk/gia/general/202110/27/P2021102700694.htm | raw/2021-2022/NEWKOWLOONINLANDLOTNO6638__result.pdf,https://www.info.gov.hk/gia/general/202110/27/P2021102700694.htm | raw/2021-2022/NEWKOWLOONINLANDLOTNO6638__result.pdf,,,,,,https://www.legco.gov.hk/research-publications/english/essentials-2022ise09-regulation-on-minimum-home-size-in-london.htm,inferred-N,,APPROVAL OF DEED OF MUTUAL COVENANT AND MANAGEMENT AGREEMENT | CONSENT TO SELL FOR RESIDENTIAL DEVELOPMENT | GAINFUL LIMITED,Pending,19-Mar-26
2021-2022,3/11/2021,tender,INLAND LOT NO. 9088,"MAN YIU STREET, NEW CENTRAL HARBOURFRONT, HONG KONG",COMMERCIAL,commercial,47967,50800,,high,,,INLAND LOT NO. 9088,6,Pacific Gate Development Limited (Henderson Land Development Company Limited),,22.28472965,114.160721,govt-led,FY rule: Application List abolished Feb 2013; all sales government-initiated,Henderson Land Development Company Limited,150000,sq m,31463,HK$/sq ft,yes,https://www.info.gov.hk/gia/general/202012/18/P2020121800231.htm,"IL 9088, Site 3 New Central Harbourfront; two-envelope tender, awarded 3 Nov 2021, premium $50.8B. Max GFA 150000 sq m (excl. public/Govt accommodation). Primary source info.gov.hk + Henderson.",Henderson Land,local_major,https://www.info.gov.hk/gia/general/202012/18/P2020121800231.htm | raw/2021-2022/INLANDLOTNO9088__result.pdf,https://www.info.gov.hk/gia/general/202012/18/P2020121800231.htm | raw/2021-2022/INLANDLOTNO9088__result.pdf,,,,,,,,,,No consent,
2021-2022,29/12/2021,tender,TAI PO TOWN LOT NO. 234,"TAI PO ROAD â€“ TAI PO KAU, TAI PO, NEW TERRITORIES",RESIDENTIAL,residential,14002,1368,,high,,,TAI PO TOWN LOT NO. 234,8,Castle Great Limited (Chime Corporation Limited),"(1) Bestford Group Limited (K. Wah International Holdings Limited);<br/>(2) Boundless Investments Limited (K&K Property Holdings Limited);<br/>(3) Colour Crown Limited (Far East Consortium International Limited);<br/>(4) Grand Build Development Limited (Grand Ming Group Holdings Limited);<br/>(5) Rainbow Legend Limited (New Explorer Investments Limited);<br/>(6) Star World Property Limited (Hon Kwok Land Investment Company, Limited); and<br/>(7) Top Infinity Limited (Sino Land Company Limited). | (1) $1,313,800,000<br/>(2) $1,220,880,000<br/>(3) $888,000,000<br/>(4) $804,000,000<br/>(5) $791,266,000<br/>(6) $614,000,000<br/>(7) $400,000,000",22.42610314,114.1958971,govt-led,FY rule: Application List abolished Feb 2013; all sales government-initiated,Chime Corporation Limited (Chinachem Group),21003,sq m,6051,HK$/sq ft,yes,https://www.info.gov.hk/gia/general/202112/29/P2021122900702.htm,"TPTL 234, Tai Po Rd-Tai Po Kau; awarded 29 Dec 2021 (min GFA 12601.8). Primary source info.gov.hk.",Chinachem,local_major,https://www.info.gov.hk/gia/general/202112/29/P2021122900702.htm | raw/2021-2022/TAIPOTOWNLOTNO234__result.pdf,https://www.info.gov.hk/gia/general/202112/29/P2021122900702.htm | raw/2021-2022/TAIPOTOWNLOTNO234__result.pdf,,,,,,https://www.legco.gov.hk/research-publications/english/essentials-2022ise09-regulation-on-minimum-home-size-in-london.htm,inferred-N,,APPROVAL OF DEED OF MUTUAL COVENANT AND MANAGEMENT AGREEMENT,Pending,
2021-2022,18/01/2022,tender,FANLING SHEUNG SHUI TOWN LOT NO. 245,"ON KUI STREET, FANLING, NEW TERRITORIES P. 1",INDUSTRIAL,industrial,1631.3,297.4,,high,,,FANLING SHEUNG SHUI TOWN LOT NO. 245,3,Ample Skill Limited (Chevalier International Holdings Limited),"(1) Charmfield Pacific Limited (K. Wah Properties (Holdings) Limited); and<br/>(2) Dynasty Rise Limited (Sino Land Company Limited). | (1) $119,000,000<br/>(2) $44,000,000",22.49780672,114.1457684,govt-led,FY rule: Application List abolished Feb 2013; all sales government-initiated,Chevalier International Holdings Limited,8156.5,sq m,3387,HK$/sq ft,yes,https://www.info.gov.hk/gia/general/202201/18/P2022011800594.htm,"FSSTL 245, On Kui St, Fanling, industrial; awarded 18 Jan 2022 (min GFA 4893.9). Primary source info.gov.hk.",Chevalier International Holdings Limited,other,https://www.info.gov.hk/gia/general/202201/18/P2022011800594.htm | raw/2021-2022/FANLINGSHEUNGSHUITOWNLOTNO245__result.pdf,https://www.info.gov.hk/gia/general/202201/18/P2022011800594.htm | raw/2021-2022/FANLINGSHEUNGSHUITOWNLOTNO245__result.pdf,,,,,,,,,,No consent,
2021-2022,15/02/2022,tender,RURAL BUILDING LOT NO. 1203,"SOUTH BAY ROAD, REPULSE BAY, HONG KONG",RESIDENTIAL,residential,1967,1188.1818,,high,,,RURAL BUILDING LOT NO. 1203,9,Success Energy Limited (S E A Holdings Limited),"(1)  Boundless Investments Limited (K&K Property Holdings Limited);<br/>(2)  Charmfield Pacific Limited (K. Wah International Holdings Limited);<br/>(3)  HLP Asia Limited (Hang Lung Properties Limited);<br/>(4)  Newton Investments Limited (CK Asset Holdings Limited);<br/>(5)  Pacific Great International Limited (Sun Hung Kai Properties Limited);<br/>(6)  Smart Benefit Corporation Limited (Emperor International Holdings Limited);<br/>(7)  Sunlight Fortune Limited (Great Eagle Holdings Limited); and<br/>(8)  Top Infinity Limited (Sino Land Company Limited). | (1) $1,039,000,000<br/>(2) $1,030,000,000<br/>(3) $868,000,000<br/>(4) $821,300,000<br/>(5) $728,000,000<br/>(6) $630,000,000<br/>(7) $596,000,000<br/>(8) $300,000,000",22.23495115,114.1993493,govt-led,FY rule: Application List abolished Feb 2013; all sales government-initiated,S E A Holdings Limited,1770.3,sq m,62354,HK$/sq ft,yes,https://www.info.gov.hk/gia/general/202202/15/P2022021500541.htm,"RBL 1203, South Bay Rd, Repulse Bay; awarded 15 Feb 2022 (min GFA 1063). Record HK$/sq ft govt-tender land at the time. Primary source info.gov.hk.",SEA Holdings,local_minor,https://www.info.gov.hk/gia/general/202202/15/P2022021500541.htm | raw/2021-2022/RURALBUILDINGLOTNO1203__result.pdf,https://www.info.gov.hk/gia/general/202202/15/P2022021500541.htm | raw/2021-2022/RURALBUILDINGLOTNO1203__result.pdf,,,,,,https://www.legco.gov.hk/research-publications/english/essentials-2022ise09-regulation-on-minimum-home-size-in-london.htm,inferred-N,,,No consent,
2021-2022,9/3/2022,tender,RURAL BUILDING LOT NO. 1219,"CHUNG HOM KOK, HONG KONG",EXTERNAL TELECOMMUNICATIONS STATION,telecom,2254,427.88,,high,,,RURAL BUILDING LOT NO. 1219,3,STT Limited (SUNeVision Holdings Ltd.),(1) China Telecom Global Limited; and<br/>(2) GB21 (Hong Kong) Limited.,22.21412716,114.2056911,govt-led,FY rule: Application List abolished Feb 2013; all sales government-initiated,SUNeVision Holdings Ltd,,sq m,,HK$/sq ft,yes,https://www.info.gov.hk/gia/general/202203/09/P2022030900543.htm,"RBL 1219, Chung Hom Kok, external telecommunications station; awarded 9 Mar 2022, 30-yr grant. No max GFA stated (governed by site coverage/height) so AV not computable. Primary source info.gov.hk.",SUNeVision,non_property,https://www.info.gov.hk/gia/general/202203/09/P2022030900543.htm | raw/2021-2022/RURALBUILDINGLOTNO1219__result.pdf,https://www.info.gov.hk/gia/general/202203/09/P2022030900543.htm | raw/2021-2022/RURALBUILDINGLOTNO1219__result.pdf,,,,,,,,,,No consent,
2021-2022,31/03/2022,tender,TUNG CHUNG TOWN LOT NO. 45,"AREA 57, TUNG CHUNG, NEW TERRITORIES P. 2",COMMERCIAL,commercial,12335,2778,,high,,,Tung Chung Town Lot No. 45,5,Wealfort Investment Limited (Chime Corporation Limited),"(1) Boundless Investments Limited (K&K Property Holdings Limited);<br/>(2) Conford Investments Limited (CK Asset Holdings Limited);<br/>(3) Strong Associate Limited (K. Wah Properties (Holdings) Limited); and<br/>(4) Top Infinity Limited (Sino Land Company Limited). | (1) $1,800,000,000<br/>(2) $1,403,000,000<br/>(3) $1,288,000,000<br/>(4) $63,000,000",22.29680059,113.9558995,govt-led,FY rule: Application List abolished Feb 2013; all sales government-initiated,Chime Corporation Limited (Chinachem Group),117182,sq m,2202,HK$/sq ft,yes,https://www.info.gov.hk/gia/general/202203/31/P2022033100655.htm,"TCTL 45, Area 57 Tung Chung, commercial/non-industrial; re-tendered after Oct 2020 failed tender, awarded 31 Mar 2022 (min GFA 70310). Primary source info.gov.hk.",Chinachem,local_major,https://www.info.gov.hk/gia/general/202203/31/P2022033100655.htm | raw/2021-2022/TUNGCHUNGTOWNLOTNO45__result.pdf,https://www.info.gov.hk/gia/general/202203/31/P2022033100655.htm | raw/2021-2022/TUNGCHUNGTOWNLOTNO45__result.pdf,,,,,,,,,,No consent,
2022-2023,26/04/2022,tender,TUEN MUN TOWN LOT NO. 561,"CASTLE PEAK ROAD â€“ TAI LAM, TUEN MUN, NEW TERRITORIES",RESIDENTIAL,residential,,,yes,high,,,TUEN MUN TOWN LOT NO. 561,5,Great Rainbow Investments Limited (parent company: CK Asset Holdings Limited),"(1) Century Ace Development Limited (Henderson Land Development Company Limited);<br/>(2) Dynasty Rise Limited (Sino Land Company Limited);<br/>(3) Grand Build Development Limited (Grand Ming Group Holdings Limited); and<br/>(4) Topco (H.K.) Limited (Sun Hung Kai Properties Limited). | (1) $4,054,000,000<br/>(2) $2,888,000,000<br/>(3) $1,960,000,000<br/>(4) $1,008,000,000",22.366618,114.0039174,govt-led,FY rule: Application List abolished Feb 2013; all sales government-initiated,CK Asset Holdings Limited,121366.8,sq m,3522,HK$/sq ft,yes,https://www.info.gov.hk/gia/general/202210/05/P2022100500581.htm,Official info.gov.hk release 05/10/2022; re-tender after April 2022 bids rejected for not meeting reserve; min GFA 72821 sq m,CK Asset (Cheung Kong),local_major,https://www.info.gov.hk/gia/general/202210/05/P2022100500581.htm | raw/2022-2023/TUENMUNTOWNLOTNO561__result.pdf,https://www.info.gov.hk/gia/general/202210/05/P2022100500581.htm | raw/2022-2023/TUENMUNTOWNLOTNO561__result.pdf,,,,,,https://www.legco.gov.hk/research-publications/english/essentials-2022ise09-regulation-on-minimum-home-size-in-london.htm,inferred-N,,,No consent,
2022-2023,21/06/2022,tender,INLAND LOT NO. 9061,"QUEENâ€™S ROAD EAST, WAN CHAI, HONG KONG",RESIDENTIAL,residential,1226.6,1962.168,,high,,,INLAND LOT NO. 9061,21,Achieve Bright Limited (Swire Properties Limited),"(1) Boundless Investments Limited (K&K Property Holdings Limited);<br/>(2) Champion Estate (HK) Limited (Wing Tai Properties Limited);<br/>(3) Conford Investments Limited (CK Asset Holdings Limited);<br/>(4) Dynamic Glory Limited (Sino Land Company Limited);<br/>(5) Excel Top Development Limited (China Overseas Land & Investment Limited);<br/>(6) Grand Build Development Limited (Grand Ming Group Holdings Limited);<br/>(7) Grand Harvest (HK) Development Limited;<br/>(8) Grand King Investment Limited (Henderson Land Development Company Limited);<br/>(9) Herald Wisdom Investments Limited (Wheelock Properties Limited);<br/>(10) HLP Asia Limited (Hang Lung Properties Limited);<br/>(11) Loychance Limited (Chime Corporation Limited);<br/>(12) Make Glory Limited (Far East Consortium International Limited);<br/>(13) Might & Right Limited (CITIC Pacific Limited);<br/>(14) Pacific Great International Limited (Sun Hung Kai Properties Limited);<br/>(15) Richwise Impressive Limited (Early Light Land (Holdings) Limited);<br/>(16) Star World Property Limited (Hon Kwok Land Investment Company, Limited);<br/>(17) Strong Associate Limited (K. Wah International Holdings Limited);<br/>(18) Sunlight Fortune Limited (Great Eagle Holdings Limited);<br/>(19) Tide Crystal Limited (Paliburg Holdings Limited and Regal Hotels International Holdings Limited); and<br/>(20) Wealthy Guide Limited (Kerry Properties Limited). | (1) $1,699,900,000<br/>(2) $1,662,000,000<br/>(3) $1,628,660,000<br/>(4) $1,618,000,000<br/>(5) $1,608,000,000<br/>(6) $1,600,188,000<br/>(7) $1,528,800,000<br/>(8) $1,515,000,000<br/>(9) $1,504,000,000<br/>(10) $1,398,000,000<br/>(11) $1,387,000,000<br/>(12) $1,338,000,000<br/>(13) $1,328,000,000<br/>(14) $1,200,000,000<br/>(15) $1,199,980,000<br/>(16) $1,100,000,000<br/>(17) $1,060,000,000<br/>(18) $1,000,000,000<br/>(19) $998,000,000<br/>(20) $983,888,000",22.27408557,114.1748041,govt-led,FY rule: Application List abolished Feb 2013; all sales government-initiated,Swire Properties Limited,10794,sq m,16888,HK$/sq ft,yes,https://www.info.gov.hk/gia/general/202206/21/P2022062100543.htm,Official Lands Dept/info.gov.hk award release 21/06/2022; SPV; min GFA 6477 sq m; AV computed = premium / (max GFA in sq ft),Swire Properties,local_major,https://www.info.gov.hk/gia/general/202206/21/P2022062100543.htm | raw/2022-2023/INLANDLOTNO9061__result.pdf,https://www.info.gov.hk/gia/general/202206/21/P2022062100543.htm | raw/2022-2023/INLANDLOTNO9061__result.pdf,,,,,,https://www.legco.gov.hk/research-publications/english/essentials-2022ise09-regulation-on-minimum-home-size-in-london.htm,inferred-N,,,Pending,Swire Properties Limited
2022-2023,20/07/2022,tender,KWAI CHUNG TOWN LOT NO. 531,"JUNCTION OF MEI LOGISTICS CHING ROAD AND AND CONTAINER PORT ROAD SOUTH, KWAI CHUNG, NEW TERRITORIES",SERVICES PUBLIC VEHICLE PARK,transport_parking,55245,5256.999999,,high,,,KWAI CHUNG TOWN LOT NO. 531,3,Sunrise Victory Limitedï¼ˆESR Group Limitedï¼‰,(1) Mapletree KC (HKSAR) Limited (Mapletree Investments Pte Ltd); and<br/>(2) Mei Ching Investments No. 1 Limited (Goodman HK Investments).,22.33040677,114.1373238,govt-led,FY rule: Application List abolished Feb 2013; all sales government-initiated,ESR Group Limited,138000,sq m,3539,HK$/sq ft,yes,https://www.info.gov.hk/gia/general/202207/20/P2022072000646.htm,Official info.gov.hk release 20/07/2022; SPV; 50-yr grant logistics + public vehicle park; premium matches,ESR,non_property_logistics,https://www.info.gov.hk/gia/general/202207/20/P2022072000646.htm | raw/2022-2023/KWAICHUNGTOWNLOTNO531__result.pdf,https://www.info.gov.hk/gia/general/202207/20/P2022072000646.htm | raw/2022-2023/KWAICHUNGTOWNLOTNO531__result.pdf,,,,,,,,,,No consent,
2022-2023,26/07/2022,tender,INLAND LOT NO. 8872,"HOSPITAL ROAD, HONG KONG",RESIDENTIAL,residential,499.1,551,,high,,,INLAND LOT NO. 8872,11,Bestford Group Limited (parent company: K. Wah International Holdings Limited),"(1) Ace Reward Investments Limited (Wheelock Properties Limited);<br/>(2) Dynasty Rise Limited (Sino Land Company Limited);<br/>(3) Ever Maple Limited (Noble Steed Limited);<br/>(4) Grand Harvest (HK) Development Limited;<br/>(5) Grand King Investment Limited (Henderson Land Development Company Limited);<br/>(6) Happy Land Corporation Limited (Emperor International Holdings Limited);<br/>(7) Newton Investments Limited (CK Asset Holdings Limited);<br/>(8) Star World Property Limited (Hon Kwok Land Investment Company, Limited);<br/>(9) Tide Crystal Limited (Paliburg Holdings Limited and Regal Hotels International Holdings Limited); and<br/>(10) Yield Crown Investment Limited. | (1) $537,231,250<br/>(2) $468,000,000<br/>(3) $439,900,000<br/>(4) $432,000,000<br/>(5) $430,000,000<br/>(6) $408,800,000<br/>(7) $388,000,000<br/>(8) $343,888,000<br/>(9) $322,800,000<br/>(10) $300,880,000",22.28520741,114.146076,govt-led,FY rule: Application List abolished Feb 2013; all sales government-initiated,K. Wah International Holdings Limited,3992.8,sq m,12820,HK$/sq ft,yes,https://www.info.gov.hk/gia/general/202207/26/P2022072600614.htm,Official info.gov.hk award release 26/07/2022; SPV; min GFA 2396 sq m; private residential,K. Wah International,local_major,https://www.info.gov.hk/gia/general/202207/26/P2022072600614.htm | raw/2022-2023/INLANDLOTNO8872__result.pdf,https://www.info.gov.hk/gia/general/202207/26/P2022072600614.htm | raw/2022-2023/INLANDLOTNO8872__result.pdf,,,,,,https://www.legco.gov.hk/research-publications/english/essentials-2022ise09-regulation-on-minimum-home-size-in-london.htm,inferred-N,,APPROVAL OF DEED OF MUTUAL COVENANT AND MANAGEMENT AGREEMENT | BESTFORD GROUP LIMITED | CONSENT TO SELL FOR RESIDENTIAL DEVELOPMENT,Pending,28-Apr-25
2022-2023,18/08/2022,tender,RURAL BUILDING LOT NO. 1220,"CHUNG HOM KOK, HONG KONG",EXTERNAL TELECOMMUNICATIONS STATION,telecom,1836,180,,high,,,RURAL BUILDING LOT NO. 1220,2,China Telecom Global Limited,GB21ï¼ˆHong Kongï¼‰Limited,22.21391411,114.2054654,govt-led,FY rule: Application List abolished Feb 2013; all sales government-initiated,,,,,,yes,https://www.info.gov.hk/gia/general/202208/18/P2022081800527p.htm,Official info.gov.hk release 18/08/2022; 30-yr grant external telecom station; no GFA published in press release (controlled by plot ratio/height in Conditions of Sale); max_gfa not found so AV not computed,Telecom/Utility,non_property_telecom,https://www.info.gov.hk/gia/general/202208/18/P2022081800527p.htm | raw/2022-2023/RURALBUILDINGLOTNO1220__result.pdf,https://www.info.gov.hk/gia/general/202208/18/P2022081800527p.htm | raw/2022-2023/RURALBUILDINGLOTNO1220__result.pdf,,,,,,,,,,No consent,
2022-2023,31/08/2022,tender,LOT NO. 1078 IN SURVEY DISTRICT NO. 3,"OFF ANDERSON ROAD, KWUN TONG, KOWLOON",COMMERCIAL,commercial,5880,766,,high,,,LOT NO. 1078 IN SURVEY DISTRICT NO. 3,5,Lucky Spring Developments (HK) Limited (parent company: The Link Holdings Limited),"(1) Dynasty Rise Limited (Sino Land Company Limited);<br/>(2) Hundred Grace Development Limited (Chime Corporation Limited);<br/>(3) Sky Oasis Enterprises Limited (CK Asset Holdings Limited); and<br/>(4) Topco (H.K.) Limited (Sun Hung Kai Properties Limited). | (1) $444,880,000<br/>(2) $418,800,000<br/>(3) $125,300,000<br/>(4) $70,000,000",22.32321907,114.2340541,govt-led,FY rule: Application List abolished Feb 2013; all sales government-initiated,Link Holdings Limited (Link REIT),12936,sq m,5501,HK$/sq ft,yes,https://www.info.gov.hk/gia/general/202208/31/P2022083100647.htm,Official info.gov.hk release 31/08/2022; SPV; 50-yr grant non-industrial; min GFA 7762 sq m,Link Holdings Limited (Link REIT),other,https://www.info.gov.hk/gia/general/202208/31/P2022083100647.htm | raw/2022-2023/LOTNO1078INSURVEYDISTRICTNO3__result.pdf,https://www.info.gov.hk/gia/general/202208/31/P2022083100647.htm | raw/2022-2023/LOTNO1078INSURVEYDISTRICTNO3__result.pdf,,,,,,,,,,No consent,
2022-2023,20/09/2022,tender,SHA TIN TOWN LOT NO. 643,"HIN WO LANE, SHATIN, NEW TERRITORIES",RESIDENTIAL,residential,1383.3,786.38,,high,UNI RESIDENCE,7 HIN WO LANE,SHA TIN TOWN LOT NO. 643,17,Champion Estate (HK) Limited (parent company: Wing Tai Properties Limited),"(1) Cheerful United Limited (Chevalier International Holdings Limited and Wang On Properties Limited);<br/>(2) Dynasty Rise Limited (Sino Land Company Limited);<br/>(3) East Classic Development Limited (Sun Hung Kai Properties Limited);<br/>(4) Ever Maple Limited (Noble Steed Limited);<br/>(5) Excel Top Development Limited (China Overseas Land & Investment Limited);<br/>(6) Grand Build Development Limited (Grand Ming Group Holdings Limited);<br/>(7) Grand Harvest (HK) Development Limited;<br/>(8) Happy Land Corporation Limited (Emperor International Holdings Limited);<br/>(9) Large Earnings Limited (CITIC Pacific Limited);<br/>(10) Make Glory Limited (Far East Consortium International Limited);<br/>(11) Million Weal Limited (K. Wah International Holdings Limited);<br/>(12) Star World Property Limited (Hon Kwok Land Investment Company, Limited);<br/>(13) Sunlight Fortune Limited (Great Eagle Holdings Limited);<br/>(14) Tide Crystal Limited (Paliburg Holdings Limited and Regal Hotels International Holdings Limited);<br/>(15) Treasure Estate Development Limited (HKR International Limited); and<br/>(16) Treasure King Investment Limited (CK Asset Holdings Limited). | (1) $756,575,000<br/>(2) $717,000,000<br/>(3) $703,000,000<br/>(4) $682,380,000<br/>(5) $678,888,000<br/>(6) $552,000,000<br/>(7) $475,100,000<br/>(8) $460,300,000<br/>(9) $460,000,000<br/>(10) $455,100,000<br/>(11) $438,000,000<br/>(12) $411,000,000<br/>(13) $402,800,000<br/>(14) $382,000,000<br/>(15) $291,000,000<br/>(16) $264,000,000",22.36690618,114.1751783,govt-led,FY rule: Application List abolished Feb 2013; all sales government-initiated,Wing Tai Properties Limited,8299.8,sq m,8802,HK$/sq ft,yes,https://www.info.gov.hk/gia/general/202209/20/P2022092000526.htm,Official info.gov.hk award release 20/09/2022; SPV; min GFA 4979.9 sq m; secondary (Mingtiandi) reports Wing Tai/Vanke partnership,Wing Tai Properties,local_major,https://www.info.gov.hk/gia/general/202209/20/P2022092000526.htm | raw/2022-2023/SHATINTOWNLOTNO643__winner.pdf,https://www.info.gov.hk/gia/general/202209/20/P2022092000526.htm | raw/2022-2023/SHATINTOWNLOTNO643__result.pdf,https://www.wingtaiproperties.com/en-US/property_developments/detail/24 | raw/2022-2023/SHATINTOWNLOTNO643__devname.pdf,match,,,,https://www.legco.gov.hk/research-publications/english/essentials-2022ise09-regulation-on-minimum-home-size-in-london.htm,inferred-N,UNI Residence,APPROVAL OF DEED OF MUTUAL COVENANT AND MANAGEMENT AGREEMENT | CHAMPION ESTATE (HK) LIMITED | CONSENT TO SELL FOR RESIDENTIAL DEVELOPMENT,Named development,4-Mar-25
2022-2023,5/10/2022,tender,TUEN MUN TOWN LOT NO. 561,"CASTLE PEAK ROAD â€“ TAI LAM, TUEN MUN, NEW TERRITORIES",RESIDENTIAL,residential,33713,4601,,high,,,TUEN MUN TOWN LOT NO. 561,5,Great Rainbow Investments Limited (parent company: CK Asset Holdings Limited),"(1) Century Ace Development Limited (Henderson Land Development Company Limited);<br/>(2) Dynasty Rise Limited (Sino Land Company Limited);<br/>(3) Grand Build Development Limited (Grand Ming Group Holdings Limited); and<br/>(4) Topco (H.K.) Limited (Sun Hung Kai Properties Limited). | (1) $4,054,000,000<br/>(2) $2,888,000,000<br/>(3) $1,960,000,000<br/>(4) $1,008,000,000",22.366618,114.0039174,govt-led,FY rule: Application List abolished Feb 2013; all sales government-initiated,CK Asset Holdings Limited,121366.8,sq m,3522,HK$/sq ft,yes,https://www.info.gov.hk/gia/general/202210/05/P2022100500581.htm,Official info.gov.hk release 05/10/2022; re-tender after April 2022 bids rejected for not meeting reserve; min GFA 72821 sq m,CK Asset (Cheung Kong),local_major,https://www.info.gov.hk/gia/general/202210/05/P2022100500581.htm | raw/2022-2023/TUENMUNTOWNLOTNO561__result.pdf,https://www.info.gov.hk/gia/general/202210/05/P2022100500581.htm | raw/2022-2023/TUENMUNTOWNLOTNO561__result.pdf,,,,,,https://www.legco.gov.hk/research-publications/english/essentials-2022ise09-regulation-on-minimum-home-size-in-london.htm,inferred-N,,,No consent,
2022-2023,9/11/2022,tender,INLAND LOT NO. 9069,"SAI NING STREET AND VICTORIA ROAD, KENNEDY TOWN, HONG KONG",RESIDENTIAL,residential,537,439.299,,high,,,INLAND LOT NO. 9069,9,Grand Harvest (HK) Development Limited,"1) Brilliant Globe Limited (Sino Land Company Limited);<br/>(2) Chevalier Shop Limited (Chevalier International Holdings Limited);<br/>(3) Ever Maple Limited (Noble Steed Limited);<br/>(4) Grand Build Development Limited (Grand Ming Group Holdings Limited);<br/>(5) Leading Direction Limited (Paliburg Holdings Limited and Regal Hotels International Holdings Limited);<br/>(6) Shing Way International Limited (K. Wah International Holdings Limited and China Merchants Land Limited);<br/>(7) Sunlight Fortune Limited (Great Eagle Holdings Limited); and<br/>(8) Treasure King Investment Limited (CK Asset Holdings Limited). | (1) $411,555,000<br/>(2) $373,000,000<br/>(3) $370,000,000<br/>(4) $345,000,000<br/>(5) $328,000,000<br/>(6) $305,000,000<br/>(7) $288,000,000<br/>(8) $281,000,000",22.2816505,114.1216306,govt-led,FY rule: Application List abolished Feb 2013; all sales government-initiated,,4296,sq m,9500,HK$/sq ft,yes,https://www.info.gov.hk/gia/general/202211/09/P2022110900644.htm,Official info.gov.hk award release 09/11/2022; parent not named in release (likely SPV unconfirmed); max residential GFA 4296 sq m; min GFA 2578 sq m,Grand Harvest (HK) Development Limited,other,https://www.info.gov.hk/gia/general/202211/09/P2022110900644.htm | raw/2022-2023/INLANDLOTNO9069__result.pdf,https://www.info.gov.hk/gia/general/202211/09/P2022110900644.htm | raw/2022-2023/INLANDLOTNO9069__result.pdf,,,,,,https://www.legco.gov.hk/research-publications/english/essentials-2022ise09-regulation-on-minimum-home-size-in-london.htm,inferred-N,,,No consent,
2022-2023,15/11/2022,tender,KWAI CHUNG TOWN LOT NO. 515,"LAI KONG STREET, KWAI CHUNG, NEW TERRITORIES P. 1",RESIDENTIAL,residential,3880,1100,,high,,,KWAI CHUNG TOWN LOT NO. 515,9,Might & Right Limited (CITIC Pacific Limited),"(1) Ace Reward Investments Limited (Wheelock Properties Limited);<br/>(2) Charmfield Pacific Limited (K. Wah International Holdings Limited);<br/>(3) Dynasty Rise Limited (Sino Land Company Limited);<br/>(4) Pacific Great International Limited (Sun Hung Kai Properties Limited);<br/>(5) Sky Prime Enterprises Limited (CK Asset Holdings Limited);<br/>(6) Star World Property Limited (Hon Kwok Land Investment Company, Limited);<br/>(7) Wealthy Guide Limited (Kerry Properties Limited); and<br/>(8) Well Luck Limited (Grand Ming Group Holdings Limited). | (1) $1,013,800,000<br/>(2) $1,008,000,000<br/>(3) $971,000,000<br/>(4) $882,880,000<br/>(5) $733,000,000<br/>(6) $688,000,000<br/>(7) $650,000,000<br/>(8) $264,000,000",22.34985099,114.130866,govt-led,FY rule: Application List abolished Feb 2013; all sales government-initiated,CITIC Pacific Limited,23280,sq m,4390,HK$/sq ft,yes,https://www.info.gov.hk/gia/general/202211/15/P2022111500568.htm,Official info.gov.hk release 15/11/2022; SPV; max private residential GFA 23280 sq m; min GFA 16494 sq m,CITIC,mainland,https://www.info.gov.hk/gia/general/202211/15/P2022111500568.htm | raw/2022-2023/KWAICHUNGTOWNLOTNO515__result.pdf,https://www.info.gov.hk/gia/general/202211/15/P2022111500568.htm | raw/2022-2023/KWAICHUNGTOWNLOTNO515__result.pdf,,,,,,https://www.legco.gov.hk/research-publications/english/essentials-2022ise09-regulation-on-minimum-home-size-in-london.htm,inferred-N,,,No consent,
2022-2023,23/11/2022,tender,LOT NO. 1077 IN SURVEY DISTRICT NO. 3,"OFF ANDERSON ROAD, KWUN TONG, KOWLOON",COMMERCIAL,commercial,5330,296,,high,,,LOT NO. 1077 IN SURVEY DISTRICT NO. 3,4,Topco (H.K.) Limited (Sun Hung Kai Properties Limited),"(1) Brilliant Globe Limited (Sino Land Company Limited);<br/>(2) Lucky Summer Developments (HK) Limited (The Link Holdings Limited); and<br/>(3) Victory Rise Investments Limited (CK Asset Holdings Limited). | (1) $295,000,000<br/>(2) $70,000,000<br/>(3) $25,000,000",22.32417603,114.235352,govt-led,FY rule: Application List abolished Feb 2013; all sales government-initiated,Sun Hung Kai Properties Limited,10246,sq m,2684,HK$/sq ft,yes,https://www.info.gov.hk/gia/general/202211/23/P2022112300669.htm,Official info.gov.hk release 23/11/2022; SPV; 50-yr grant non-industrial; min GFA 6148 sq m; other bidders Sino Land/Link/CK Asset,Sun Hung Kai Properties,local_major,https://www.info.gov.hk/gia/general/202211/23/P2022112300669.htm | raw/2022-2023/LOTNO1077INSURVEYDISTRICTNO3__result.pdf,https://www.info.gov.hk/gia/general/202211/23/P2022112300669.htm | raw/2022-2023/LOTNO1077INSURVEYDISTRICTNO3__result.pdf,,,,,,,,,,No consent,
2022-2023,21/12/2022,tender,NEW KOWLOON INLAND LOT NO. 6649,"KAI TAK AREA 2A SITE 4, SITE 5(B) AND SITE 10, KAI TAK, KOWLOON",RESIDENTIAL,residential,19919,8703,,high,,,NEW KOWLOON INLAND LOT NO. 6649,6,Citypoint Investment Limited (CK Asset Holdings Limited),"(1) Bright Success Investment Limited (Nan Fung Development Holdings Limited);<br/>(2) Century Ace Development Limited (Henderson Land Development Company Limited);<br/>(3) Jasmine Lane Investments Limited (Wheelock Properties Limited);<br/>(4) Richwise Impressive Limited (Early Light Land (Holdings) Limited); and<br/>(5) Strong Associate Limited (K. Wah International Holdings Limited, Sino Land Company Limited and Great Eagle Holdings Limited). | (1) $7,022,600,000<br/>(2) $6,508,000,000<br/>(3) $5,000,000,000<br/>(4) $4,800,000,000<br/>(5) $2,550,000,000",22.32770112,114.192826,govt-led,FY rule: Application List abolished Feb 2013; all sales government-initiated,CK Asset Holdings Limited,131732,sq m,6138,HK$/sq ft,yes,https://www.info.gov.hk/gia/general/202212/21/P2022122100490.htm,Official info.gov.hk release 21/12/2022; SPV; min GFA 79039 sq m; premium and site area match,CK Asset (Cheung Kong),local_major,https://www.info.gov.hk/gia/general/202212/21/P2022122100490.htm | raw/2022-2023/NEWKOWLOONINLANDLOTNO6649__result.pdf,https://www.info.gov.hk/gia/general/202212/21/P2022122100490.htm | raw/2022-2023/NEWKOWLOONINLANDLOTNO6649__result.pdf,,,,,,https://www.legco.gov.hk/research-publications/english/essentials-2022ise09-regulation-on-minimum-home-size-in-london.htm,inferred-N,,,No consent,
2022-2023,10/1/2023,tender,RURAL BUILDING LOT NO. 1204,"CAPE ROAD, STANLEY, HONG KONG",RESIDENTIAL,residential,,,yes,high,,,RURAL BUILDING LOT NO. 1204,4,---------,(1) Brilliant Globe Limited (Sino Land Company Limited and Great Eagle Holdings Limited);<br/>(2) Fair Opal Limited (Sun Hung Kai Properties Limited);<br/>(3) Strong Associate Limited (K. Wah International Holdings Limited); and<br/>(4) Victory Rise Investments Limited (CK Asset Holdings Limited). | Tender Cancelled on 10 January 2023,22.22042052,114.2057637,govt-led,FY rule: Application List abolished Feb 2013; all sales government-initiated,,,,,,,,,,,,,,,,,,https://www.legco.gov.hk/research-publications/english/essentials-2022ise09-regulation-on-minimum-home-size-in-london.htm,inferred-N,,,No consent,
2022-2023,15/02/2023,tender,TSUEN WAN TOWN LOT NO. 427,"PO FUNG ROAD, TSUEN WAN, NEW TERRITORIES",RESIDENTIAL,residential,8360,1438.8,,high,,,TSUEN WAN TOWN LOT NO. 427,10,Wealthy Guide Limited (Kerry Properties Limited),"(1) Brilliant Globe Limited (Sino Land Company Limited);<br/>(2) Leading Wonder Limited (Far East Consortium International Limited);<br/>(3) Pacific Great International Limited (Sun Hung Kai Properties Limited);<br/>(4) Sky Prime Enterprises Limited (CK Asset Holdings Limited);<br/>(5) Stellar Ray Limited (Wheelock Properties Limited);<br/>(6) Strong Associate Limited (K Wah International Holdings Limited);<br/>(7) Sunlight Fortune Limited (Great Eagle Holdings Limited);<br/>(8) Supreme Homes Company Limited (Hong Fok Corporation Limited); and<br/>(9) Well Luck Limited (Grand Ming Group Holdings Limited). | (1) $1,311,000,000<br/>(2) $1,275,000,000<br/>(3) $1,031,000,000<br/>(4) $730,118,900<br/>(5) $729,000,000<br/>(6) $628,800,000<br/>(7) $501,000,000<br/>(8) $478,000,000<br/>(9) $403,000,000",22.36945234,114.0970174,govt-led,FY rule: Application List abolished Feb 2013; all sales government-initiated,Kerry Properties Limited,29200,sq m,4578,HK$/sq ft,yes,https://www.info.gov.hk/gia/general/202302/15/P2023021500619.htm,Official info.gov.hk release 15/02/2023; SPV; min GFA 17520 sq m; GFA excludes Government Accommodation (30-place hostel),Kerry Properties,local_major,https://www.info.gov.hk/gia/general/202302/15/P2023021500619.htm | raw/2022-2023/TSUENWANTOWNLOTNO427__result.pdf,https://www.info.gov.hk/gia/general/202302/15/P2023021500619.htm | raw/2022-2023/TSUENWANTOWNLOTNO427__result.pdf,,,,,,https://www.legco.gov.hk/research-publications/english/essentials-2022ise09-regulation-on-minimum-home-size-in-london.htm,inferred-N,,,No consent,
2022-2023,1/3/2023,tender,RURAL BUILDING LOT NO. 1221,"CHUNG HOM KOK, HONG KONG",EXTERNAL TELECOMMUNICATIONS STATION,telecom,1649.6,80,,high,,,RURAL BUILDING LOT NO. 1221,1,GB21 (Hong Kong) Limited,N.A. | N.A.,22.21357306,114.2052539,govt-led,FY rule: Application List abolished Feb 2013; all sales government-initiated,,,,,,yes,https://www.info.gov.hk/gia/general/202303/01/P2023030100583.htm,Official info.gov.hk release 01/03/2023; 30-yr grant external telecom station; single tender; no GFA published in press release; max_gfa not found so AV not computed,Telecom/Utility,non_property_telecom,https://www.info.gov.hk/gia/general/202303/01/P2023030100583.htm | raw/2022-2023/RURALBUILDINGLOTNO1221__result.pdf,https://www.info.gov.hk/gia/general/202303/01/P2023030100583.htm | raw/2022-2023/RURALBUILDINGLOTNO1221__result.pdf,,,,,,,,,,No consent,
2022-2023,1/3/2023,tender,KOWLOON INLAND LOT NO. 11273,"JUNCTION OF SAI YEE STREET AND ARGYLE STREET, MONG KOK, KOWLOON P. 2",COMMERCIAL,commercial,11537,4729,,high,,,KOWLOON INLAND LOT NO. 11273,3,East Classic Development Limited (Sun Hung Kai Properties Limited),"(1)	Century Mark Investments Limited (CK Asset Holdings Limited); and<br/>(2)	Sunlight Fortune Limited (Great Eagle Holdings Limited and Sino Land Company Limited). | (1) $3,521,000,000<br/>(2) $688,000,000",22.3208104,114.1718905,govt-led,FY rule: Application List abolished Feb 2013; all sales government-initiated,Sun Hung Kai Properties Limited,141600,sq m,3103,HK$/sq ft,yes,https://www.info.gov.hk/gia/general/202303/01/P2023030100569.htm,Official info.gov.hk release 01/03/2023; SPV; commercial; min GFA 84960 sq m (incl govt accommodation excl public vehicle park); underbidders CK Asset and Great Eagle/Sino Land JV,Sun Hung Kai Properties,local_major,https://www.info.gov.hk/gia/general/202303/01/P2023030100569.htm | raw/2022-2023/KOWLOONINLANDLOTNO11273__result.pdf,https://www.info.gov.hk/gia/general/202303/01/P2023030100569.htm | raw/2022-2023/KOWLOONINLANDLOTNO11273__result.pdf,,,,,,,,,,No consent,
2023-2024,5/7/2023,tender,INLAND LOT NO. 9094,"JUNCTION OF SAI NING STREET AND VICTORIA ROAD, KENNEDY TOWN, HONG KONG",RESIDENTIAL,residential,2260,1720,,high,,,INLAND LOT NO. 9094,6,Ace Reward Investments Limited (Wheelock Properties Limited),"(1) Bright Grand Enterprises Limited (Sun Hung Kai Properties Limited);<br/>(2) Capital Asian Limited (Sino Land Company Limited and China Merchants Land Limited);<br/>(3) Newton Investments Limited (CK Asset Holdings Limited);<br/>(4) Strong Associate Limited (K. Wah International Holdings Limited); and<br/>(5) Sunlight Fortune Limited (Great Eagle Holdings Limited). | (1) $1,432,838,600<br/>(2) $1,363,000,000<br/>(3) $960,000,000<br/>(4) $544,000,000<br/>(5) $488,000,000",22.28198089,114.1227113,govt-led,FY rule: Application List abolished Feb 2013; all sales government-initiated,Wheelock Properties Limited,22600,sq m,7071,HK$/sq ft,yes,https://www.info.gov.hk/gia/general/202307/05/P2023070500630.htm,Official info.gov.hk release 05/07/2023; SPV; max private residential GFA 22600 sq m; min GFA 13560 sq m,Wheelock/Wharf,local_major,https://www.info.gov.hk/gia/general/202307/05/P2023070500630.htm | raw/2023-2024/INLANDLOTNO9094__result.pdf,https://www.info.gov.hk/gia/general/202307/05/P2023070500630.htm | raw/2023-2024/INLANDLOTNO9094__result.pdf,,,,,,https://www.legco.gov.hk/research-publications/english/essentials-2022ise09-regulation-on-minimum-home-size-in-london.htm,inferred-N,,,No consent,
2023-2024,23/08/2023,tender,TSUEN WAN TOWN LOT NO. 430,"YAU KOM TAU, TSUEN WAN, NEW TERRITORIES",RESIDENTIAL,residential,,,yes,high,,,TSUEN WAN TOWN LOT NO. 430,1,---------,Well Luck Limited (Grand Ming Group Holdings Limited) | Tender Cancelled on 23 August 2023,22.37368722,114.0983607,govt-led,FY rule: Application List abolished Feb 2013; all sales government-initiated,,,,,,,,,,,,,,,,,,https://www.legco.gov.hk/research-publications/english/essentials-2022ise09-regulation-on-minimum-home-size-in-london.htm,inferred-N,,,No consent,
2023-2024,13/09/2023,tender,NEW KOWLOON INLAND LOT NO. 6590,"KAI TAK AREA 2A SITE 2 AND SITE 3, KAI TAK, KOWLOON",RESIDENTIAL,residential,13499,5350,,high,,,NEW KOWLOON INLAND LOT NO. 6590,6,"Capital Asian Limited (Sino Land Company Limited, China Overseas Land & Investment Limited, Great Eagle Holdings Limited and Chinese Estates Holdings Limited)","(1) Century Ace Development Limited (Henderson Land Development Company Limited);<br/>(2) Newton Investments Limited (CK Asset Holdings Limited);<br/>(3) Pacific Great International Limited (Sun Hung Kai Properties Limited);<br/>(4) Stellar Ray Limited (Wheelock Properties Limited); and<br/>(5) Win Channel Development Limited (Nan Fung Development Holdings Limited). | (1) $4,010,000,000<br/>(2) $3,056,000,000<br/>(3) $2,976,800,000<br/>(4) $2,801,000,000<br/>(5) $1,200,000,000",22.3287974,114.194048,govt-led,FY rule: Application List abolished Feb 2013; all sales government-initiated,Sino Land / China Overseas Land & Investment / Great Eagle Holdings / Chinese Estates Holdings JV,92185,sq m,5392,HK$/sq ft,yes,https://www.info.gov.hk/gia/general/202309/13/P2023091300572.htm,Official info.gov.hk release 13/09/2023; SPV; four-developer JV; min GFA 55311 sq m (excl govt accommodation); corroborated by Chinese Estates HKEX filing,Sino Land + China Overseas Land + Great Eagle + Chinese Estates Holdings JV,consortium,https://www.info.gov.hk/gia/general/202309/13/P2023091300572.htm | raw/2023-2024/NEWKOWLOONINLANDLOTNO6590__result.pdf,https://www.info.gov.hk/gia/general/202309/13/P2023091300572.htm | raw/2023-2024/NEWKOWLOONINLANDLOTNO6590__result.pdf,,,,,,https://www.legco.gov.hk/research-publications/english/essentials-2022ise09-regulation-on-minimum-home-size-in-london.htm,inferred-N,,,No consent,
2023-2024,1/11/2023,tender,TUNG CHUNG TOWN LOT NO. 55,"AREA 106B, TUNG CHUNG, NEW TERRITORIES",RESIDENTIAL,residential,,,yes,high,,,TUNG CHUNG TOWN LOT NO. 55,4,---------,(1) APEX King Limited (Sino Land Company Limited and China Merchants Land Limited);<br/>(2) Century Ace Development Limited (Henderson Land Development Company Limited);<br/>(3) Forum Pacific Limited (Sun Hung Kai Properties Limited); and<br/>(4) Strong Associate Limited (K. Wah International Holdings Limited). | Tender Cancelled on 1 November 2023,22.29961325,113.9516507,govt-led,FY rule: Application List abolished Feb 2013; all sales government-initiated,,,,,,,,,,,,,,,,,,https://www.legco.gov.hk/research-publications/english/essentials-2022ise09-regulation-on-minimum-home-size-in-london.htm,inferred-N,,,No consent,
2023-2024,20/12/2023,tender,LOT NO. 722 IN DEMARCATION DISTRICT NO. 332,"TUNG CHUNG ROAD, CHEUNG SHA, LANTAU ISLAND, NEW TERRITORIES P. 1",RESIDENTIAL,residential,19000,203.888,,high,,,LOT NO. 722 IN DEMARCATION DISTRICT NO. 332,1,APEX King Limited (Sino Land Company Limited),,22.23834613,113.9632526,govt-led,FY rule: Application List abolished Feb 2013; all sales government-initiated,Sino Land Company Limited,7600,sq m,2492,HK$/sq ft,yes,https://www.info.gov.hk/gia/general/202312/20/P2023122000530.htm,Official info.gov.hk release 20/12/2023; SPV; 50-yr grant private residential; single tender; min GFA 4560 sq m,Sino Land,local_major,https://www.info.gov.hk/gia/general/202312/20/P2023122000530.htm | raw/2023-2024/LOTNO722INDEMARCATIONDISTRICTNO332__result.pdf,https://www.info.gov.hk/gia/general/202312/20/P2023122000530.htm | raw/2023-2024/LOTNO722INDEMARCATIONDISTRICTNO332__result.pdf,,,,,,https://www.legco.gov.hk/research-publications/english/essentials-2022ise09-regulation-on-minimum-home-size-in-london.htm,inferred-N,,,No consent,
2024-2025,6/6/2024,tender,NEW KOWLOON INLAND LOT NO. 6639,"NO. 8 KAI FUK ROAD, ELECTRIC KOWLOON BAY, CHARGING KOWLOON",VEHICLE STATION,transport_parking,1127,81.98,,high,,,NEW KOWLOON INLAND LOT NO. 6639,10,Sinopec (Hong Kong) Petroleum Holding Company Limited,"(1) CLPe Solutions Limited (CLP Holdings Limited);<br/>(2) DC Power Express Limited;<br/>(3) Goldfort Corporation Limited;<br/>(4) Mercury E&E Services Limited (CCIAM Future Energy Limited);<br/>(5) PetroChina International (Hong Kong) Corporation Limited;<br/>(6) Resources Shajiao C Investments Limited (China Resources Power Holdings Company Limited); <br/>(7) Shell Hong Kong Limited; <br/>(8) Sino International Industrial Limited; and<br/>(9) æµ·æ¢ç§‘æŠ€ï¼ˆé¦™æ¸¯ï¼‰æœ‰é™å…¬å¸* (Shenzhen Haylion Technologies Co., Ltd).<br/><br/>* Without an English name",22.32052169,114.2055932,govt-led,FY rule: Application List abolished Feb 2013; all sales government-initiated,China Petroleum & Chemical Corporation (Sinopec),,,,,yes,https://www.info.gov.hk/gia/general/202406/06/P2024060600489.htm,EV charging station; 12-year grant; no max GFA published (priced on site area ~1127 sq m). Not an SPV.,Sinopec,non_property_oil,https://www.info.gov.hk/gia/general/202406/06/P2024060600489.htm | raw/2024-2025/NEWKOWLOONINLANDLOTNO6639__result.pdf,https://www.info.gov.hk/gia/general/202406/06/P2024060600489.htm | raw/2024-2025/NEWKOWLOONINLANDLOTNO6639__result.pdf,,,,,,,,,,No consent,
2024-2025,9/7/2024,tender,SHA TIN TOWN LOT NO. 646,"SHAN MEI STREET, FO ELECTRIC TAN, SHA TIN, NEW CHARGING TERRITORIES",VEHICLE STATION,transport_parking,369.9,20.883,,high,,,SHA TIN TOWN LOT NO. 646,6,Sinopec (Hong Kong) Petrol Filling Station Company Limited,(1) AX Xeco Limited (Atom Xquare Limited);<br/>(2) DC Power Express Limited;<br/>(3) Mercury E&E Services Limited (CCIAM Future Energy Limited);<br/>(4) PetroChina International (Hong Kong) Corporation Limited; and<br/>(5) Resources Shajiao C Investments Limited (China Resources Power Holdings Company Limited).,22.39865315,114.1917486,govt-led,FY rule: Application List abolished Feb 2013; all sales government-initiated,China Petrochemical Corporation (Sinopec),,,,,yes,https://www.info.gov.hk/gia/general/202407/09/P2024070900588.htm,EV charging station; 12-year grant; no max GFA published (priced on site area ~369.9 sq m). Not an SPV.,Sinopec,non_property_oil,https://www.info.gov.hk/gia/general/202407/09/P2024070900588.htm | raw/2024-2025/SHATINTOWNLOTNO646__result.pdf,https://www.info.gov.hk/gia/general/202407/09/P2024070900588.htm | raw/2024-2025/SHATINTOWNLOTNO646__result.pdf,,,,,,,,,,No consent,
2024-2025,17/07/2024,tender,SHA TIN TOWN LOT NO. 623,"YUEN SHUN CIRCUIT, SIU LEK YUEN, SHA TIN, NEW TERRITORIES",RESIDENTIAL,residential,2425,619,,high,,,SHA TIN TOWN LOT NO. 623,11,Fair Opal Limited (Sun Hung Kai Properties Limited),"(1) Flylux Limited (China Merchants Land Limited);<br/>(2) Harbour Knight Investments Limited (Wheelock Properties Limited);<br/>(3) Keen Point Limited;<br/>(4) Make Glory Limited (Far East Consortium International Limited);<br/>(5) Sky Fly Development Limited (China Resources Land Limited);<br/>(6) Sunshine Strength Limited (Great Eagle Holdings Limited);<br/>(7) Top Global Investment Limited (China Overseas Land & Investment Limited);<br/>(8) United Victory Limited (Sino Land Company Limited);<br/>(9) Victory Rise Investments Limited (CK Asset Holdings Limited); and<br/>(10) Wise Guide Development Limited (CITIC Pacific Limited). | (1) $590,000,000<br/>(2) $533,880,000<br/>(3) $470,000,000<br/>(4) $391,540,000<br/>(5) $356,000,000<br/>(6) $300,000,000<br/>(7) $284,000,000<br/>(8) $233,000,000<br/>(9) $218,000,000<br/>(10) $171,000,000",22.38358616,114.205235,govt-led,FY rule: Application List abolished Feb 2013; all sales government-initiated,Sun Hung Kai Properties Limited,14550,sq m,3952,HK$/sq ft,yes,https://www.info.gov.hk/gia/general/202407/17/P2024071700583.htm,"Residential 50-yr grant. AV computed: premium / max GFA (156,615 sq ft). SPV parent disclosed in press release.",Sun Hung Kai Properties,local_major,https://www.info.gov.hk/gia/general/202407/17/P2024071700583.htm | raw/2024-2025/SHATINTOWNLOTNO623__result.pdf,https://www.info.gov.hk/gia/general/202407/17/P2024071700583.htm | raw/2024-2025/SHATINTOWNLOTNO623__result.pdf,,,,,,https://www.legco.gov.hk/research-publications/english/essentials-2022ise09-regulation-on-minimum-home-size-in-london.htm,inferred-N,,,No consent,
2024-2025,24/07/2024,tender,CHAI WAN INLAND LOT NO. 185,"CHEUNG MAN ROAD, CHAI WAN, HONG (PRIVATE KONG SALE",RESIDENTIAL SUBSIDISED FLATS),residential,,,yes,high,,,CHAI WAN INLAND LOT NO. 185,1,---------,Able Best Limited (Able Engineering Holdings Limited) | Tender Cancelled on 24 July 2024,22.26683225,114.2369023,govt-led,FY rule: Application List abolished Feb 2013; all sales government-initiated,,,,,,,,,,,,,,,,,,https://www.legco.gov.hk/research-publications/english/essentials-2022ise09-regulation-on-minimum-home-size-in-london.htm,inferred-N,,,No consent,
2024-2025,29/10/2024,tender,SHA TIN TOWN LOT NO. 625,"JUNCTION OF SHA TIN WAI ROAD AND SIU LEK YUEN ROAD, SIU LEK YUEN, SHA TIN, NEW TERRITORIES",RESIDENTIAL,residential,5652,1021.165,,high,,,SHA TIN TOWN LOT NO. 625,6,Keen Mighty Limited (Chinachem Group Holdings Limited),"(1) Century Mark Investments Limited (CK Asset Holdings Limited);<br/>(2) Excellent Champ Limited (Sino Land Company Limited);<br/>(3) Harbour Knight Investments Limited (Wheelock Properties Limited);<br/>(4) Keen Point Limited; and<br/>(5) Pacific Great International Limited (Sun Hung Kai Properties Limited). | (1) $822,000,000<br/>(2) $820,800,000<br/>(3) $617,000,000<br/>(4) $456,290,000<br/>(5) $450,000,000",22.38280376,114.2091766,govt-led,FY rule: Application List abolished Feb 2013; all sales government-initiated,Chinachem Group Holdings Limited,28260,sq m,3357,HK$/sq ft,yes,https://www.info.gov.hk/gia/general/202410/29/P2024102900449.htm,"Residential 50-yr grant. AV computed: premium / max GFA (304,188 sq ft).",Chinachem,local_major,https://www.info.gov.hk/gia/general/202410/29/P2024102900449.htm | raw/2024-2025/SHATINTOWNLOTNO625__result.pdf,https://www.info.gov.hk/gia/general/202410/29/P2024102900449.htm | raw/2024-2025/SHATINTOWNLOTNO625__result.pdf,,,,,,https://www.legco.gov.hk/research-publications/english/essentials-2022ise09-regulation-on-minimum-home-size-in-london.htm,inferred-N,,,No consent,
2024-2025,27/01/2025,tender,SHA TIN TOWN LOT NO. 651,"MEI TIN ROAD, TAI WAI, SHA TIN, NEW TERRITORIES",RESIDENTIAL,residential,3600,606,,high,,,SHA TIN TOWN LOT NO. 651,6,Forum Pacific Limited (Sun Hung Kai Properties Limited),"(1) Boundless Investments Limited (K&K Property Holdings Limited);<br/>(2) Conford Investments Limited (CK Asset Holdings Limited);<br/>(3) Maxjet Company Limited (China Overseas Land & Investment Limited);<br/>(4) Noble Perfect Investments Limited (Kerry Properties Limited); and<br/>(5) Well Elite Limited (Sino Land Company Limited). | (1) $581,800,000<br/>(2) $388,000,000<br/>(3) $351,000,000<br/>(4) $333,888,888<br/>(5) $249,668,000",22.37924233,114.1733939,govt-led,FY rule: Application List abolished Feb 2013; all sales government-initiated,Sun Hung Kai Properties Limited,18000,sq m,3128,HK$/sq ft,yes,https://www.info.gov.hk/gia/general/202501/27/P2025012700497.htm,"Residential 50-yr grant. AV computed: premium / max GFA (193,750 sq ft).",Sun Hung Kai Properties,local_major,https://www.info.gov.hk/gia/general/202501/27/P2025012700497.htm | raw/2024-2025/SHATINTOWNLOTNO651__result.pdf,https://www.info.gov.hk/gia/general/202501/27/P2025012700497.htm | raw/2024-2025/SHATINTOWNLOTNO651__result.pdf,,,,,,https://www.legco.gov.hk/research-publications/english/essentials-2022ise09-regulation-on-minimum-home-size-in-london.htm,inferred-N,,,No consent,
2024-2025,19/02/2025,tender,TUNG CHUNG TOWN LOT NO. 55,"AREA 106B, TUNG CHUNG, NEW TERRITORIES",RESIDENTIAL,residential,10648,602,,high,,,TUNG CHUNG TOWN LOT NO. 55,4,Land Castle Limited (Sun Hung Kai Properties Limited),"(1) Able Best Limited;<br/>(2) Strong Associate Limited (K. Wah International Holdings Limited); and<br/>(3) Top Brilliant Limited (Sino Land Company Limited). | (1) $514,000,000<br/>(2) $502,880,000<br/>(3) $426,000,000",22.29962595,113.9515578,govt-led,FY rule: Application List abolished Feb 2013; all sales government-initiated,Sun Hung Kai Properties Limited,37268,sq m,1501,HK$/sq ft,yes,https://www.info.gov.hk/gia/general/202502/19/P2025021900449.htm,"Residential 50-yr grant. AV computed: premium / max GFA (401,149 sq ft).",Sun Hung Kai Properties,local_major,https://www.info.gov.hk/gia/general/202502/19/P2025021900449.htm | raw/2024-2025/TUNGCHUNGTOWNLOTNO55__result.pdf,https://www.info.gov.hk/gia/general/202502/19/P2025021900449.htm | raw/2024-2025/TUNGCHUNGTOWNLOTNO55__result.pdf,,,,,,https://www.legco.gov.hk/research-publications/english/essentials-2022ise09-regulation-on-minimum-home-size-in-london.htm,inferred-N,,,No consent,
2024-2025,25/02/2025,tender,TSING YI TOWN LOT NO. 202,"JUNCTION OF TSING LOGISTICS HUNG ROAD AND AND TSING YI ROAD, TSING YI, NEW TERRITORIES P. 1",SERVICES PUBLIC VEHICLE PARK,transport_parking,44318,3678.6,,high,,,TSING YI TOWN LOT NO. 202,1,Titanium 2 (HKSAR) Limited (Mapletree Investments Pte Ltd),,22.34055707,114.1086925,govt-led,FY rule: Application List abolished Feb 2013; all sales government-initiated,Mapletree Investments Pte Ltd,227836,sq m,1500,HK$/sq ft,yes,https://www.info.gov.hk/gia/general/202502/25/P2025022500414.htm,"Logistics / public vehicle park; 50-yr grant. AV computed: premium / max GFA (2,452,404 sq ft).",Mapletree,non_property_logistics,https://www.info.gov.hk/gia/general/202502/25/P2025022500414.htm | raw/2024-2025/TSINGYITOWNLOTNO202__result.pdf,https://www.info.gov.hk/gia/general/202502/25/P2025022500414.htm | raw/2024-2025/TSINGYITOWNLOTNO202__result.pdf,,,,,,,,,,No consent,
2025-2026,13/08/2025,tender,TUEN MUN TOWN LOT NO. 569,"HOI CHU ROAD, TUEN MUN, NEW TERRITORIES",RESIDENTIAL,residential,4368,1089,,high,,,TUEN MUN TOWN LOT NO. 569,8,Sky Honest Limited (Sino Land Company Limited),"(1) Fortune Bright Holdings Limited (Poly Property Group Co., Limited);<br/>(2) Fruitful Season Investments Limited (Wheelock Properties Limited);<br/>(3) Keen Point Limited;<br/>(4) Maxjet Company Limited (China Overseas Land & Investment Limited);<br/>(5) Noble Perfect Investments Limited (Kerry Properties Limited);<br/>(6) Sky Prime Enterprises Limited (CK Asset Holdings Limited); and<br/>(7) Strong Associate Limited (K. Wah International Holdings Limited). | (1) $698,000,000<br/>(2) $610,000,000<br/>(3) $573,000,000<br/>(4) $555,180,000<br/>(5) $550,000,000<br/>(6) $504,000,000<br/>(7) $480,500,000",22.38358368,113.9724806,govt-led,FY rule: Application List abolished Feb 2013; all sales government-initiated,Sino Land Company Limited,26208,sq m,3860,HK$/sq ft,yes,https://www.info.gov.hk/gia/general/202508/13/P2025081300657.htm,"Residential 50-yr grant. Max GFA excludes Govt Accommodation/PT terminus GFA. AV computed: premium / max GFA (282,103 sq ft).",Sino Land,local_major,https://www.info.gov.hk/gia/general/202508/13/P2025081300657.htm | raw/2025-2026/TUENMUNTOWNLOTNO569__result.pdf,https://www.info.gov.hk/gia/general/202508/13/P2025081300657.htm | raw/2025-2026/TUENMUNTOWNLOTNO569__result.pdf,,,,,,https://www.legco.gov.hk/research-publications/english/essentials-2022ise09-regulation-on-minimum-home-size-in-london.htm,inferred-N,,,No consent,
2025-2026,18/11/2025,tender,TSUEN WAN TOWN LOT NO. 441,"JUNCTION OF WING SHUN STREET AND TEXACO ROAD, TSUEN WAN, NEW TERRITORIES",RESIDENTIAL,residential,6515,2475,,high,,,TSUEN WAN TOWN LOT NO. 441,9,Fast Mighty Limited (Chinachem Group Holdings Limited),"(1) Century Ace Development Limited (Henderson Land Development Company Limited);<br/>(2) Golden Arch Limited (Great Eagle Holdings Limited);<br/>(3) King Virtue Limited (Sino Land Company Limited, Kerry Properties Limited and China <br/>Merchants Land Limited);<br/>(4) Maxjet Company Limited (China Overseas Land & Investment Limited);<br/>(5) Pacific Great International Limited (Sun Hung Kai Properties Limited);<br/>(6) Strong Associate Limited (K. Wah International Holdings Limited);<br/>(7) Victory Rise Investments Limited (CK Asset Holdings Limited); and<br/>(8) Zarow Limited (Wheelock Properties Limited). | (1) $2,300,000,000<br/>(2) $2,046,980,000<br/>(3) $1,815,000,000<br/>(4) $1,639,000,000<br/>(5) $1,455,000,000<br/>(6) $1,305,000,000<br/>(7) $1,263,000,000<br/>(8) $435,000,000",22.36578992,114.1144857,govt-led,FY rule: Application List abolished Feb 2013; all sales government-initiated,Chinachem Group Holdings Limited,40393,sq m,5693,HK$/sq ft,yes,https://www.info.gov.hk/gia/general/202511/18/P2025111800698.htm,"Residential 50-yr grant. AV computed: premium / max GFA (434,792 sq ft).",Chinachem,local_major,https://www.info.gov.hk/gia/general/202511/18/P2025111800698.htm | raw/2025-2026/TSUENWANTOWNLOTNO441__result.pdf,https://www.info.gov.hk/gia/general/202511/18/P2025111800698.htm | raw/2025-2026/TSUENWANTOWNLOTNO441__result.pdf,,,,,,https://www.legco.gov.hk/research-publications/english/essentials-2022ise09-regulation-on-minimum-home-size-in-london.htm,inferred-N,,,No consent,
2025-2026,25/11/2025,tender,TAI PO TOWN LOT NO. 264,"1M AND 1N KWONG ELECTRIC FUK ROAD, TAI PO, CHARGING NEW TERRITORIES",VEHICLE STATION,transport_parking,683.8,22,,high,,,TAI PO TOWN LOT NO. 264,3,CLPe Solutions Limited,(1) PetroChina International (Hong Kong) Corporation Limited; and<br/>(2) Sinopec (Hong Kong) Petrol Filling Station Company Limited.,22.45089447,114.1639764,govt-led,FY rule: Application List abolished Feb 2013; all sales government-initiated,CLP Holdings Limited,,,,,yes,https://www.info.gov.hk/gia/general/202511/25/P2025112500615.htm,EV charging station; 12-year grant; no max GFA published (priced on site area ~683.8 sq m). CLPe is CLP Group subsidiary.,CLP Holdings Limited,other,https://www.info.gov.hk/gia/general/202511/25/P2025112500615.htm | raw/2025-2026/TAIPOTOWNLOTNO264__result.pdf,https://www.info.gov.hk/gia/general/202511/25/P2025112500615.htm | raw/2025-2026/TAIPOTOWNLOTNO264__result.pdf,,,,,,,,,,No consent,
2025-2026,7/1/2026,tender,NEW KOWLOON INLAND LOT NO. 6674,"CHOI HING ROAD, JORDAN VALLEY, KOWLOON",RESIDENTIAL,residential,3830,1610,,high,,,NEW KOWLOON INLAND LOT NO. 6674,8,King Virtue Limited (Sino Land Company Limited and Great Eagle Holdings Limited),"(1) Century Mark Investments Limited (CK Asset Holdings Limited);<br/>(2) Chinawide Development Limited (Henderson Land Development Company Limited);<br/>(3) Keen Point Limited;<br/>(4) Noble Perfect Investments Limited (Kerry Properties Limited);<br/>(5) Pacific Great International Limited (Sun Hung Kai Properties Limited);<br/>(6) Strong Associate Limited (K. Wah International Holdings Limited); and<br/>(7) Zarow Limited (Wheelock Properties Limited). | (1) $1,603,800,000<br/>(2) $1,255,000,000<br/>(3) $1,250,000,000<br/>(4) $1,031,000,000<br/>(5) $811,000,000<br/>(6) $620,000,000<br/>(7) $556,000,000",22.33256857,114.2180149,govt-led,FY rule: Application List abolished Feb 2013; all sales government-initiated,Sino Land Company Limited & Great Eagle Holdings Limited (JV),34470,sq m,4339,HK$/sq ft,yes,https://www.info.gov.hk/gia/general/202601/07/P2026010700668.htm,"Residential 50-yr grant; JV. Max GFA excludes Govt Accommodation GFA. AV computed: premium / max GFA (371,033 sq ft).",Sino Land,local_major,https://www.info.gov.hk/gia/general/202601/07/P2026010700668.htm | raw/2025-2026/NEWKOWLOONINLANDLOTNO6674__result.pdf,https://www.info.gov.hk/gia/general/202601/07/P2026010700668.htm | raw/2025-2026/NEWKOWLOONINLANDLOTNO6674__result.pdf,,,,,,https://www.legco.gov.hk/research-publications/english/essentials-2022ise09-regulation-on-minimum-home-size-in-london.htm,inferred-N,,,No consent,
2025-2026,10/2/2026,tender,NEW KOWLOON INLAND LOT NO. 6675,"CHOI HA ROAD, NGAU TAU KOK, KOWLOON",RESIDENTIAL,residential,3132,1806.88,,high,,,NEW KOWLOON INLAND LOT NO. 6675,9,Maxjet Company Limited (China Overseas Land & Investment Limited),"(1) Century Ace Development Limited (Henderson Land Development Company Limited);<br/>(2) Excellent Champ Limited (Sino Land Company Limited and Great Eagle Holdings Limited);<br/>(3) Keen Point Limited;<br/>(4) Mid-Levels Portfolio (Tregunter Towers 1 & 2) Limited (Kerry Properties Limited);<br/>(5) Newton Investments Limited (CK Asset Holdings Limited);<br/>(6) Pacific Great International Limited (Sun Hung Kai Properties Limited);<br/>(7) Strong Associate Limited (K. Wah International Holdings Limited); and<br/>(8) Zarow Limited (Wheelock Properties Limited). | (1) $1,751,000,000<br/>(2) $1,677,000,000<br/>(3) $1,518,800,000<br/>(4) $1,508,980,000<br/>(5) $1,500,500,000<br/>(6) $1,268,000,000<br/>(7) $760,000,000<br/>(8) $750,000,000",22.32509725,114.2167404,govt-led,FY rule: Application List abolished Feb 2013; all sales government-initiated,China Overseas Land & Investment Limited,23490,sq m,7146,HK$/sq ft,yes,https://www.info.gov.hk/gia/general/202602/10/P2026021000624.htm,"Residential 50-yr grant. GFA used = private-residential max; Conditions allow extra non-industrial capacity. AV computed: premium / max GFA (252,844 sq ft).",China Overseas Land,mainland,https://www.info.gov.hk/gia/general/202602/10/P2026021000624.htm | raw/2025-2026/NEWKOWLOONINLANDLOTNO6675__result.pdf,https://www.info.gov.hk/gia/general/202602/10/P2026021000624.htm | raw/2025-2026/NEWKOWLOONINLANDLOTNO6675__result.pdf,,,,,,https://www.legco.gov.hk/research-publications/english/essentials-2022ise09-regulation-on-minimum-home-size-in-london.htm,inferred-N,,,No consent,
2025-2026,16/02/2026,tender,SHAU KEI WAN INLAND LOT NO. 860,"SHAU KEI WAN MAIN STREET EAST, HONG KONG",RESIDENTIAL,residential,1349.2,1383.899,,high,,,SHAU KEI WAN INLAND LOT NO. 860,8,Fine Century Holdings Limited (Kerry Properties Limited),"(1) Bright Grand Enterprises Limited (Sun Hung Kai Properties Limited);<br/>(2) Charter Fame Limited (Sino Land Company Limited and Great Eagle Holdings Limited);<br/>(3) China Vision Engineering Limited (Kam Wah Investment Company Limited);<br/>(4) Ever Maple Limited;<br/>(5) Flylux Limited (China Merchants Land Limited);<br/>(6) Maxjet Company Limited (China Overseas Land & Investment Limited); and<br/>(7) Million Weal Limited (K. Wah International Holdings Limited). | (1) $1,268,000,000<br/>(2) $1,205,800,000<br/>(3) $1,101,800,000<br/>(4) $902,000,000<br/>(5) $833,330,000<br/>(6) $780,000,000<br/>(7) $700,000,000",22.2781435,114.2305368,govt-led,FY rule: Application List abolished Feb 2013; all sales government-initiated,Kerry Properties Limited,12142,sq m,10589,HK$/sq ft,yes,https://www.info.gov.hk/gia/general/202602/16/P2026021600311.htm,"Residential 50-yr grant. AV computed on max residential GFA (130,696 sq ft).",Kerry Properties,local_major,https://www.info.gov.hk/gia/general/202602/16/P2026021600311.htm | raw/2025-2026/SHAUKEIWANINLANDLOTNO860__result.pdf,https://www.info.gov.hk/gia/general/202602/16/P2026021600311.htm | raw/2025-2026/SHAUKEIWANINLANDLOTNO860__result.pdf,,,,,,https://www.legco.gov.hk/research-publications/english/essentials-2022ise09-regulation-on-minimum-home-size-in-london.htm,inferred-N,,,No consent,
2025-2026,24/02/2026,tender,TSING YI TOWN LOT NO. 203,"183 TSING YI ROAD ELECTRIC WEST, TSING YI, NEW CHARGING TERRITORIES",VEHICLE STATION,transport_parking,1973.9,12.45,,high,,,TSING YI TOWN LOT NO. 203,2,PetroChina International (Hong Kong) Corporation Limited,Shell Hong Kong Limited,22.35678406,114.1002867,govt-led,FY rule: Application List abolished Feb 2013; all sales government-initiated,PetroChina Company Limited (CNPC),,,,,yes,https://www.info.gov.hk/gia/general/202602/24/P2026022400509.htm,EV charging station; 13-year grant; no max GFA published (priced on site area ~1973.9 sq m). Not an SPV.,PetroChina,non_property_oil,https://www.info.gov.hk/gia/general/202602/24/P2026022400509.htm | raw/2025-2026/TSINGYITOWNLOTNO203__result.pdf,https://www.info.gov.hk/gia/general/202602/24/P2026022400509.htm | raw/2025-2026/TSINGYITOWNLOTNO203__result.pdf,,,,,,,,,,No consent,
2025-2026,2/3/2026,tender,LOT NO. 953 IN DEMARCATION DISTRICT NO. 89,"SHA LING ROAD, SANDY RIDGE, NEW DATA TERRITORIES P. 1",HIGH-TIER CENTRE,data_centre,116365,581,,high,,,LOT NO. 953 IN DEMARCATION DISTRICT NO. 89,1,Hong Kong Range Intelligent Computing Technology Company Limited (Hong Kong Range Intelligent Computing Technology Development Company Limited and Sengro Fusion Technology Hong Kong Limited),,22.53203949,114.1221276,govt-led,FY rule: Application List abolished Feb 2013; all sales government-initiated,Range Intelligent Computing Technology Group Company Limited,250000,sq m,216,HK$/sq ft,yes,https://www.info.gov.hk/gia/general/202603/02/P2026030200249.htm,"High-tier data centre; 50-yr grant. AV computed on total GFA (2,690,975 sq ft); ~88% data-centre use. AV on DC portion only ~HK$245/sq ft.",Data Centre Op,non_property_datacentre,https://www.info.gov.hk/gia/general/202603/02/P2026030200249.htm | raw/2025-2026/LOTNO953INDEMARCATIONDISTRICTNO89__result.pdf,https://www.info.gov.hk/gia/general/202603/02/P2026030200249.htm | raw/2025-2026/LOTNO953INDEMARCATIONDISTRICTNO89__result.pdf,,,,,,,,,,No consent,
2026-2027,12/5/2026,tender,TSEUNG KWAN O TOWN LOT NO. 137,"PO HONG ROAD, ELECTRIC TSEUNG KWAN O, CHARGING NEW TERRITORIES",VEHICLE STATION,transport_parking,2640,36.386,,high,,,,,,,,,govt-led,FY rule: Application List abolished Feb 2013; all sales government-initiated,,,,,,,,,,,,,,,,,,,,,,No consent,
2026-2027,19/05/2026,tender,TUNG CHUNG TOWN LOT NO. 54,"AREA 106A, TUNG CHUNG, NEW TERRITORIES P. 1",RESIDENTIAL,residential,14152,1627,,high,,,,,,,,,govt-led,FY rule: Application List abolished Feb 2013; all sales government-initiated,,,,,,,,,,,,,,,,,,https://www.legco.gov.hk/research-publications/english/essentials-2022ise09-regulation-on-minimum-home-size-in-london.htm,inferred-N,,,No consent,
